"","article_date","postive_sentiment_afinn"
"1",2012-02-28,1
"2",2012-03-02,0
"3",2012-03-03,1
"4",2012-03-05,1
"5",2012-04-04,1
"6",2012-04-05,1
"7",2012-04-07,1
"8",2012-04-08,1
"9",2012-04-10,1
"10",2012-04-12,1
"11",2012-04-16,1
"12",2012-04-25,1
"13",2012-04-27,1
"14",2012-04-28,1
"15",2012-05-02,1
"16",2012-05-08,1
"17",2012-05-09,1
"18",2012-05-14,1
"19",2012-05-15,1
"20",2012-05-21,1
"21",2012-05-24,0
"22",2012-05-26,0
"23",2012-05-30,1
"24",2012-05-31,0
"25",2012-06-04,1
"26",2012-06-05,1
"27",2012-06-08,1
"28",2012-06-11,1
"29",2012-06-12,0
"30",2012-06-14,1
"31",2012-06-15,1
"32",2012-06-16,1
"33",2012-06-19,1
"34",2012-06-26,1
"35",2012-06-29,1
"36",2012-07-05,1
"37",2012-07-12,1
"38",2012-07-17,0
"39",2012-07-21,1
"40",2012-07-24,1
"41",2012-07-28,1
"42",2012-07-31,0
"43",2012-08-02,1
"44",2012-08-03,1
"45",2012-08-06,1
"46",2012-08-09,0
"47",2012-08-11,1
"48",2012-08-16,1
"49",2012-08-18,1
"50",2012-08-23,1
"51",2012-08-30,1
"52",2012-09-01,1
"53",2012-09-05,0
"54",2012-09-06,1
"55",2012-09-09,1
"56",2012-09-11,1
"57",2012-09-16,0
"58",2012-09-19,1
"59",2012-09-21,1
"60",2012-09-22,1
"61",2012-09-26,1
"62",2012-10-03,1
"63",2012-10-05,1
"64",2012-10-10,1
"65",2012-10-15,1
"66",2012-10-16,1
"67",2012-10-17,1
"68",2012-11-03,1
"69",2012-11-06,1
"70",2012-11-07,1
"71",2012-11-08,1
"72",2012-11-09,1
"73",2012-11-14,1
"74",2012-11-16,1
"75",2012-11-20,1
"76",2012-11-23,1
"77",2012-11-27,0
"78",2012-12-02,1
"79",2012-12-03,1
"80",2012-12-05,0
"81",2012-12-06,1
"82",2012-12-10,1
"83",2012-12-13,1
"84",2012-12-17,0
"85",2012-12-26,1
"86",2012-12-29,0
"87",2013-01-03,1
"88",2013-01-04,1
"89",2013-01-08,1
"90",2013-01-09,1
"91",2013-01-11,1
"92",2013-02-14,1
"93",2013-02-15,1
"94",2013-02-17,0
"95",2013-02-20,1
"96",2013-02-22,1
"97",2013-02-27,1
"98",2013-02-28,1
"99",2013-03-05,1
"100",2013-03-06,1
"101",2013-03-08,1
"102",2013-03-12,1
"103",2013-03-13,0
"104",2013-03-19,1
"105",2013-03-25,1
"106",2013-03-27,1
"107",2013-03-28,1
"108",2013-04-01,1
"109",2013-04-02,1
"110",2013-04-03,1
"111",2013-04-05,1
"112",2013-04-06,0
"113",2013-04-07,1
"114",2013-04-10,1
"115",2013-04-11,1
"116",2013-04-13,0
"117",2013-04-14,0
"118",2013-04-15,0
"119",2013-04-19,0
"120",2013-04-21,1
"121",2013-04-22,1
"122",2013-04-23,1
"123",2013-04-24,1
"124",2013-04-25,0
"125",2013-04-26,1
"126",2013-04-29,1
"127",2013-05-01,0
"128",2013-05-02,1
"129",2013-05-03,0
"130",2013-05-06,1
"131",2013-05-09,1
"132",2013-05-13,0
"133",2013-05-14,1
"134",2013-05-15,1
"135",2013-05-16,1
"136",2013-05-17,1
"137",2013-05-18,1
"138",2013-05-19,1
"139",2013-05-21,1
"140",2013-05-22,1
"141",2013-05-23,1
"142",2013-05-25,0
"143",2013-05-27,0
"144",2013-05-28,1
"145",2013-05-29,0
"146",2013-05-31,1
"147",2013-06-03,1
"148",2013-06-04,1
"149",2013-06-05,0
"150",2013-06-06,1
"151",2013-06-08,1
"152",2013-06-10,1
"153",2013-06-11,1
"154",2013-06-13,1
"155",2013-06-14,1
"156",2013-06-15,1
"157",2013-06-17,1
"158",2013-06-18,1
"159",2013-06-20,1
"160",2013-06-21,1
"161",2013-06-22,1
"162",2013-06-24,1
"163",2013-06-26,1
"164",2013-06-27,1
"165",2013-06-28,1
"166",2013-06-29,1
"167",2013-07-02,1
"168",2013-07-03,1
"169",2013-07-04,1
"170",2013-07-06,0
"171",2013-07-08,1
"172",2013-07-09,1
"173",2013-07-10,1
"174",2013-07-11,1
"175",2013-07-12,1
"176",2013-07-16,1
"177",2013-07-18,1
"178",2013-07-20,1
"179",2013-07-21,1
"180",2013-07-23,1
"181",2013-07-24,1
"182",2013-07-25,0
"183",2013-07-26,1
"184",2013-07-27,0
"185",2013-07-28,1
"186",2013-07-29,1
"187",2013-07-30,1
"188",2013-07-31,1
"189",2013-08-01,1
"190",2013-08-02,1
"191",2013-08-03,1
"192",2013-08-05,1
"193",2013-08-06,1
"194",2013-08-07,1
"195",2013-08-08,1
"196",2013-08-09,0
"197",2013-08-10,1
"198",2013-08-12,0
"199",2013-08-13,1
"200",2013-08-14,0
"201",2013-08-15,1
"202",2013-08-16,1
"203",2013-08-19,1
"204",2013-08-20,1
"205",2013-08-21,0
"206",2013-08-23,1
"207",2013-08-26,1
"208",2013-08-27,1
"209",2013-08-29,1
"210",2013-08-30,1
"211",2013-09-01,0
"212",2013-09-03,1
"213",2013-09-04,1
"214",2013-09-07,1
"215",2013-09-09,1
"216",2013-09-12,1
"217",2013-09-14,1
"218",2013-09-15,0
"219",2013-09-16,1
"220",2013-09-19,1
"221",2013-09-20,1
"222",2013-09-21,1
"223",2013-09-22,1
"224",2013-09-25,0
"225",2013-09-26,1
"226",2013-09-27,1
"227",2013-09-29,1
"228",2013-09-30,1
"229",2013-10-02,0
"230",2013-10-04,1
"231",2013-10-08,1
"232",2013-10-09,1
"233",2013-10-10,1
"234",2013-10-12,1
"235",2013-10-15,1
"236",2013-10-16,1
"237",2013-10-17,1
"238",2013-10-18,1
"239",2013-10-19,1
"240",2013-10-20,0
"241",2013-10-22,1
"242",2013-10-23,1
"243",2013-10-24,1
"244",2013-10-25,0
"245",2013-10-27,1
"246",2013-10-28,1
"247",2013-10-29,1
"248",2013-10-30,1
"249",2013-11-02,1
"250",2013-11-04,1
"251",2013-11-05,1
"252",2013-11-06,1
"253",2013-11-07,1
"254",2013-11-08,1
"255",2013-11-09,1
"256",2013-11-10,1
"257",2013-11-11,1
"258",2013-11-12,1
"259",2013-11-13,1
"260",2013-11-14,1
"261",2013-11-20,1
"262",2013-11-22,1
"263",2013-11-23,1
"264",2013-11-25,0
"265",2013-11-26,1
"266",2013-11-27,1
"267",2013-11-28,1
"268",2013-11-29,1
"269",2013-11-30,1
"270",2013-12-02,1
"271",2013-12-03,1
"272",2013-12-04,1
"273",2013-12-05,1
"274",2013-12-06,1
"275",2013-12-07,1
"276",2013-12-08,1
"277",2013-12-09,1
"278",2013-12-10,0
"279",2013-12-11,1
"280",2013-12-12,1
"281",2013-12-14,1
"282",2013-12-16,1
"283",2013-12-17,1
"284",2013-12-18,0
"285",2013-12-19,1
"286",2013-12-20,1
"287",2013-12-21,0
"288",2013-12-23,1
"289",2013-12-24,1
"290",2013-12-25,1
"291",2013-12-26,1
"292",2013-12-27,1
"293",2013-12-29,1
"294",2013-12-30,1
"295",2013-12-31,1
"296",2014-01-01,1
"297",2014-01-02,1
"298",2014-01-03,1
"299",2014-01-04,1
"300",2014-01-07,1
"301",2014-01-08,0
"302",2014-01-09,1
"303",2014-01-10,1
"304",2014-01-11,1
"305",2014-01-14,1
"306",2014-01-16,1
"307",2014-01-17,1
"308",2014-01-19,0
"309",2014-01-20,0
"310",2014-01-21,1
"311",2014-01-22,1
"312",2014-01-23,1
"313",2014-01-24,1
"314",2014-01-27,0
"315",2014-01-29,1
"316",2014-01-30,1
"317",2014-01-31,1
"318",2014-02-01,1
"319",2014-02-02,1
"320",2014-02-03,1
"321",2014-02-04,1
"322",2014-02-05,1
"323",2014-02-06,1
"324",2014-02-07,1
"325",2014-02-08,1
"326",2014-02-10,1
"327",2014-02-12,1
"328",2014-02-13,1
"329",2014-02-14,1
"330",2014-02-15,1
"331",2014-02-16,1
"332",2014-02-17,1
"333",2014-02-18,1
"334",2014-02-19,0
"335",2014-02-20,1
"336",2014-02-21,1
"337",2014-02-22,1
"338",2014-02-23,1
"339",2014-02-24,1
"340",2014-02-25,1
"341",2014-02-27,1
"342",2014-02-28,1
"343",2014-03-01,1
"344",2014-03-02,1
"345",2014-03-03,1
"346",2014-03-04,1
"347",2014-03-05,1
"348",2014-03-06,1
"349",2014-03-07,1
"350",2014-03-08,1
"351",2014-03-09,0
"352",2014-03-10,1
"353",2014-03-11,1
"354",2014-03-12,1
"355",2014-03-13,0
"356",2014-03-14,1
"357",2014-03-17,1
"358",2014-03-18,1
"359",2014-03-19,1
"360",2014-03-20,1
"361",2014-03-21,1
"362",2014-03-22,1
"363",2014-03-23,1
"364",2014-03-24,1
"365",2014-03-25,1
"366",2014-03-26,0
"367",2014-03-27,1
"368",2014-03-28,1
"369",2014-03-29,1
"370",2014-03-31,1
"371",2014-04-01,1
"372",2014-04-02,1
"373",2014-04-03,1
"374",2014-04-05,1
"375",2014-04-07,1
"376",2014-04-08,1
"377",2014-04-09,1
"378",2014-04-10,1
"379",2014-04-11,1
"380",2014-04-12,1
"381",2014-04-14,0
"382",2014-04-15,1
"383",2014-04-16,1
"384",2014-04-17,1
"385",2014-04-18,1
"386",2014-04-19,1
"387",2014-04-20,1
"388",2014-04-22,1
"389",2014-04-24,0
"390",2014-04-25,1
"391",2014-04-26,1
"392",2014-04-29,1
"393",2014-04-30,1
"394",2014-05-02,1
"395",2014-05-03,1
"396",2014-05-05,1
"397",2014-05-06,1
"398",2014-05-07,1
"399",2014-05-08,1
"400",2014-05-10,0
"401",2014-05-12,1
"402",2014-05-13,1
"403",2014-05-14,0
"404",2014-05-15,1
"405",2014-05-16,1
"406",2014-05-19,1
"407",2014-05-20,1
"408",2014-05-22,1
"409",2014-05-23,1
"410",2014-05-28,1
"411",2014-05-29,1
"412",2014-05-30,0
"413",2014-06-01,1
"414",2014-06-02,1
"415",2014-06-03,1
"416",2014-06-04,1
"417",2014-06-05,1
"418",2014-06-06,1
"419",2014-06-10,1
"420",2014-06-12,1
"421",2014-06-13,1
"422",2014-06-15,1
"423",2014-06-17,1
"424",2014-06-20,1
"425",2014-06-21,1
"426",2014-06-23,1
"427",2014-06-25,1
"428",2014-06-30,0
"429",2014-07-01,1
"430",2014-07-02,1
"431",2014-07-03,1
"432",2014-07-07,1
"433",2014-07-08,1
"434",2014-07-09,1
"435",2014-07-10,1
"436",2014-07-11,1
"437",2014-07-15,1
"438",2014-07-16,1
"439",2014-07-17,1
"440",2014-07-18,1
"441",2014-07-20,1
"442",2014-07-22,0
"443",2014-07-23,1
"444",2014-07-24,1
"445",2014-07-25,1
"446",2014-07-28,1
"447",2014-07-29,0
"448",2014-07-30,1
"449",2014-07-31,1
"450",2014-08-01,1
"451",2014-08-04,1
"452",2014-08-05,1
"453",2014-08-08,1
"454",2014-08-11,1
"455",2014-08-12,1
"456",2014-08-13,1
"457",2014-08-14,1
"458",2014-08-16,1
"459",2014-08-19,1
"460",2014-08-20,1
"461",2014-08-22,1
"462",2014-08-26,1
"463",2014-08-27,1
"464",2014-08-28,1
"465",2014-08-29,1
"466",2014-08-30,1
"467",2014-09-02,1
"468",2014-09-05,0
"469",2014-09-08,0
"470",2014-09-09,1
"471",2014-09-10,1
"472",2014-09-11,1
"473",2014-09-12,1
"474",2014-09-13,1
"475",2014-09-15,1
"476",2014-09-16,1
"477",2014-09-17,1
"478",2014-09-19,1
"479",2014-09-20,1
"480",2014-09-21,1
"481",2014-09-22,1
"482",2014-09-23,1
"483",2014-09-24,1
"484",2014-09-25,1
"485",2014-09-26,1
"486",2014-09-27,1
"487",2014-09-29,1
"488",2014-09-30,1
"489",2014-10-01,1
"490",2014-10-02,1
"491",2014-10-03,1
"492",2014-10-04,1
"493",2014-10-05,1
"494",2014-10-06,1
"495",2014-10-07,1
"496",2014-10-08,1
"497",2014-10-09,1
"498",2014-10-10,1
"499",2014-10-11,1
"500",2014-10-12,1
"501",2014-10-13,0
"502",2014-10-14,1
"503",2014-10-15,1
"504",2014-10-16,1
"505",2014-10-17,1
"506",2014-10-20,1
"507",2014-10-21,1
"508",2014-10-22,1
"509",2014-10-23,1
"510",2014-10-24,1
"511",2014-10-25,1
"512",2014-10-26,1
"513",2014-10-27,1
"514",2014-10-28,1
"515",2014-10-29,1
"516",2014-10-30,1
"517",2014-10-31,1
"518",2014-11-03,1
"519",2014-11-04,1
"520",2014-11-05,1
"521",2014-11-06,1
"522",2014-11-07,1
"523",2014-11-08,1
"524",2014-11-10,1
"525",2014-11-11,1
"526",2014-11-12,1
"527",2014-11-13,1
"528",2014-11-14,1
"529",2014-11-17,1
"530",2014-11-18,1
"531",2014-11-19,1
"532",2014-11-20,1
"533",2014-11-21,1
"534",2014-11-24,1
"535",2014-11-25,1
"536",2014-11-26,1
"537",2014-11-27,1
"538",2014-11-28,1
"539",2014-11-30,1
"540",2014-12-09,1
"541",2014-12-10,1
"542",2014-12-15,1
"543",2014-12-17,1
"544",2014-12-21,1
"545",2014-12-22,1
"546",2014-12-25,0
"547",2015-01-15,1
"548",2015-01-16,1
"549",2015-01-21,1
"550",2015-01-22,1
"551",2015-01-23,0
"552",2015-01-27,1
"553",2015-01-29,1
"554",2015-01-30,0
"555",2015-01-31,1
"556",2015-02-02,1
"557",2015-02-03,1
"558",2015-02-05,1
"559",2015-02-12,1
"560",2015-02-13,1
"561",2015-02-16,1
"562",2015-02-17,1
"563",2015-02-18,1
"564",2015-02-19,1
"565",2015-02-20,1
"566",2015-02-21,0
"567",2015-02-22,1
"568",2015-02-23,0
"569",2015-02-24,1
"570",2015-02-25,1
"571",2015-02-26,1
"572",2015-02-27,1
"573",2015-02-28,1
"574",2015-03-02,1
"575",2015-03-03,1
"576",2015-03-04,1
"577",2015-03-05,1
"578",2015-03-06,1
"579",2015-03-07,1
"580",2015-03-09,1
"581",2015-03-10,1
"582",2015-03-11,1
"583",2015-03-12,1
"584",2015-03-13,1
"585",2015-03-14,1
"586",2015-03-16,1
"587",2015-03-17,1
"588",2015-03-18,1
"589",2015-03-19,1
"590",2015-03-20,1
"591",2015-03-21,1
"592",2015-03-22,1
"593",2015-03-23,1
"594",2015-03-24,1
"595",2015-03-25,1
"596",2015-03-26,1
"597",2015-03-27,1
"598",2015-03-29,1
"599",2015-03-30,1
"600",2015-03-31,1
"601",2015-04-01,0
"602",2015-04-02,1
"603",2015-04-03,1
"604",2015-04-04,1
"605",2015-04-05,1
"606",2015-04-06,1
"607",2015-04-07,1
"608",2015-04-08,1
"609",2015-04-09,1
"610",2015-04-10,1
"611",2015-04-11,1
"612",2015-04-13,1
"613",2015-04-14,1
"614",2015-04-15,1
"615",2015-04-16,1
"616",2015-04-17,1
"617",2015-04-18,1
"618",2015-04-20,1
"619",2015-04-21,1
"620",2015-04-22,1
"621",2015-04-23,1
"622",2015-04-24,1
"623",2015-04-27,1
"624",2015-04-28,1
"625",2015-04-29,1
"626",2015-04-30,1
"627",2015-05-01,1
"628",2015-05-02,1
"629",2015-05-04,1
"630",2015-05-05,1
"631",2015-05-06,1
"632",2015-05-07,1
"633",2015-05-08,1
"634",2015-05-10,1
"635",2015-05-11,1
"636",2015-05-12,1
"637",2015-05-13,1
"638",2015-05-14,1
"639",2015-05-15,1
"640",2015-05-16,1
"641",2015-05-18,1
"642",2015-05-19,1
"643",2015-05-20,1
"644",2015-05-21,1
"645",2015-05-22,1
"646",2015-05-23,1
"647",2015-05-26,1
"648",2015-05-27,1
"649",2015-05-28,1
"650",2015-05-29,1
"651",2015-05-30,1
"652",2015-06-01,1
"653",2015-06-02,1
"654",2015-06-03,0
"655",2015-06-04,1
"656",2015-06-05,1
"657",2015-06-06,1
"658",2015-06-08,1
"659",2015-06-09,1
"660",2015-06-10,1
"661",2015-06-11,1
"662",2015-06-12,1
"663",2015-06-13,1
"664",2015-06-15,0
"665",2015-06-16,1
"666",2015-06-17,1
"667",2015-06-18,1
"668",2015-06-19,1
"669",2015-06-20,1
"670",2015-06-22,1
"671",2015-06-23,1
"672",2015-06-24,1
"673",2015-06-25,1
"674",2015-06-26,1
"675",2015-06-27,1
"676",2015-06-29,1
"677",2015-06-30,1
"678",2015-07-01,1
"679",2015-07-02,1
"680",2015-07-03,1
"681",2015-07-05,1
"682",2015-07-06,1
"683",2015-07-07,1
"684",2015-07-08,1
"685",2015-07-09,1
"686",2015-07-10,1
"687",2015-07-12,1
"688",2015-07-13,1
"689",2015-07-14,1
"690",2015-07-15,1
"691",2015-07-16,1
"692",2015-07-17,1
"693",2015-07-20,1
"694",2015-07-21,1
"695",2015-07-23,1
"696",2015-07-24,1
"697",2015-07-27,1
"698",2015-07-28,1
"699",2015-07-29,1
"700",2015-07-30,0
"701",2015-07-31,1
"702",2015-08-02,0
"703",2015-08-03,1
"704",2015-08-04,1
"705",2015-08-05,1
"706",2015-08-06,1
"707",2015-08-07,1
"708",2015-08-10,1
"709",2015-08-11,0
"710",2015-08-12,1
"711",2015-08-13,1
"712",2015-08-14,1
"713",2015-08-15,1
"714",2015-08-17,1
"715",2015-08-18,1
"716",2015-08-19,1
"717",2015-08-20,1
"718",2015-08-21,1
"719",2015-08-22,1
"720",2015-08-24,1
"721",2015-08-25,1
"722",2015-08-26,1
"723",2015-08-27,1
"724",2015-08-28,0
"725",2015-08-29,1
"726",2015-08-30,1
"727",2015-08-31,1
"728",2015-09-01,1
"729",2015-09-02,1
"730",2015-09-03,1
"731",2015-09-04,1
"732",2015-09-07,1
"733",2015-09-08,1
"734",2015-09-09,1
"735",2015-09-10,1
"736",2015-09-11,0
"737",2015-09-12,0
"738",2015-09-14,1
"739",2015-09-15,1
"740",2015-09-16,1
"741",2015-09-17,1
"742",2015-09-18,1
"743",2015-09-20,1
"744",2015-09-21,1
"745",2015-09-23,1
"746",2015-09-24,1
"747",2015-09-25,1
"748",2015-09-28,1
"749",2015-09-29,1
"750",2015-09-30,1
"751",2015-10-01,1
"752",2015-10-02,1
"753",2015-10-05,1
"754",2015-10-07,0
"755",2015-10-08,1
"756",2015-10-12,1
"757",2015-10-13,0
"758",2015-10-14,1
"759",2015-10-16,1
"760",2015-10-19,0
"761",2015-10-20,1
"762",2015-10-21,1
"763",2015-10-22,1
"764",2015-10-23,1
"765",2015-10-26,1
"766",2015-10-27,1
"767",2015-10-28,1
"768",2015-10-29,0
"769",2015-10-30,0
"770",2015-11-02,1
"771",2015-11-03,1
"772",2015-11-04,1
"773",2015-11-05,1
"774",2015-11-06,1
"775",2015-11-09,1
"776",2015-11-10,1
"777",2015-11-11,1
"778",2015-11-12,1
"779",2015-11-13,1
"780",2015-11-16,1
"781",2015-11-18,1
"782",2015-11-19,1
"783",2015-11-23,0
"784",2015-11-24,1
"785",2015-11-25,1
"786",2015-11-30,1
"787",2015-12-01,1
"788",2015-12-02,1
"789",2015-12-03,1
"790",2015-12-04,1
"791",2015-12-07,1
"792",2015-12-08,1
"793",2015-12-10,1
"794",2015-12-11,1
"795",2015-12-14,1
"796",2015-12-16,1
"797",2015-12-17,1
"798",2015-12-19,1
"799",2015-12-22,0
"800",2015-12-28,0
"801",2015-12-29,1
"802",2015-12-31,1
"803",2016-01-05,1
"804",2016-01-06,1
"805",2016-01-07,1
"806",2016-01-08,1
"807",2016-01-11,1
"808",2016-01-12,1
"809",2016-01-13,1
"810",2016-01-14,1
"811",2016-01-15,1
"812",2016-01-18,1
"813",2016-01-19,1
"814",2016-01-20,1
"815",2016-01-21,1
"816",2016-01-22,1
"817",2016-01-25,1
"818",2016-01-26,1
"819",2016-01-27,1
"820",2016-01-28,1
"821",2016-01-29,1
"822",2016-02-01,1
"823",2016-02-02,1
"824",2016-02-03,1
"825",2016-02-04,1
"826",2016-02-05,1
"827",2016-02-08,0
"828",2016-02-09,1
"829",2016-02-10,1
"830",2016-02-11,0
"831",2016-02-13,1
"832",2016-02-14,1
"833",2016-02-15,1
"834",2016-02-16,1
"835",2016-02-17,1
"836",2016-02-18,1
"837",2016-02-19,1
"838",2016-02-20,1
"839",2016-02-22,0
"840",2016-02-23,0
"841",2016-02-24,1
"842",2016-02-25,0
"843",2016-02-26,0
"844",2016-02-29,1
"845",2016-03-01,1
"846",2016-03-02,1
"847",2016-03-03,1
"848",2016-03-04,1
"849",2016-03-06,1
"850",2016-03-07,1
"851",2016-03-08,1
"852",2016-03-09,1
"853",2016-03-10,1
"854",2016-03-11,1
"855",2016-03-14,1
"856",2016-03-15,0
"857",2016-03-16,1
"858",2016-03-17,1
"859",2016-03-18,1
"860",2016-03-19,1
"861",2016-03-21,1
"862",2016-03-22,0
"863",2016-03-23,0
"864",2016-03-24,1
"865",2016-03-25,1
"866",2016-03-28,1
"867",2016-03-29,1
"868",2016-03-30,1
"869",2016-03-31,1
"870",2016-04-01,0
"871",2016-04-04,1
"872",2016-04-05,1
"873",2016-04-06,1
"874",2016-04-07,1
"875",2016-04-08,1
"876",2016-04-11,1
"877",2016-04-12,1
"878",2016-04-13,1
"879",2016-04-14,1
"880",2016-04-15,1
"881",2016-04-18,1
"882",2016-04-19,1
"883",2016-04-20,0
"884",2016-04-21,1
"885",2016-04-22,1
"886",2016-04-25,1
"887",2016-04-26,1
"888",2016-04-27,1
"889",2016-04-28,1
"890",2016-04-29,1
"891",2016-05-02,1
"892",2016-05-03,0
"893",2016-05-04,1
"894",2016-05-05,1
"895",2016-05-06,1
"896",2016-05-09,1
"897",2016-05-10,1
"898",2016-05-11,1
"899",2016-05-12,1
"900",2016-05-13,1
"901",2016-05-16,1
"902",2016-05-17,1
"903",2016-05-18,1
"904",2016-05-19,1
"905",2016-05-20,1
"906",2016-05-23,1
"907",2016-05-24,1
"908",2016-05-25,1
"909",2016-05-26,1
"910",2016-05-27,1
"911",2016-05-31,1
"912",2016-06-01,1
"913",2016-06-02,1
"914",2016-06-03,1
"915",2016-06-06,1
"916",2016-06-07,1
"917",2016-06-08,1
"918",2016-06-09,1
"919",2016-06-10,1
"920",2016-06-14,1
"921",2016-06-15,1
"922",2016-06-16,1
"923",2016-06-17,0
"924",2016-06-20,0
"925",2016-06-21,0
"926",2016-06-23,1
"927",2016-06-24,1
"928",2016-06-27,1
"929",2016-06-28,1
"930",2016-06-29,1
"931",2016-06-30,1
"932",2016-07-01,0
"933",2016-07-05,0
"934",2016-07-06,1
"935",2016-07-07,1
"936",2016-07-08,1
"937",2016-07-09,1
"938",2016-07-11,1
"939",2016-07-12,0
"940",2016-07-13,0
"941",2016-07-14,1
"942",2016-07-16,1
"943",2016-07-18,1
"944",2016-07-20,1
"945",2016-07-25,0
"946",2016-07-26,1
"947",2016-07-27,1
"948",2016-07-28,0
"949",2016-07-29,0
"950",2016-07-30,0
"951",2016-07-31,0
"952",2016-08-01,1
"953",2016-08-02,1
"954",2016-08-03,0
"955",2016-08-04,1
"956",2016-08-05,0
"957",2016-08-08,1
"958",2016-08-09,1
"959",2016-08-12,1
"960",2016-08-16,1
"961",2016-08-18,1
"962",2016-08-19,1
"963",2016-08-22,1
"964",2016-08-24,1
"965",2016-08-25,1
"966",2016-08-26,1
"967",2016-08-29,0
"968",2016-08-30,1
"969",2016-08-31,1
"970",2016-09-01,1
"971",2016-09-02,1
"972",2016-09-05,1
"973",2016-09-06,1
"974",2016-09-07,1
"975",2016-09-09,0
"976",2016-09-12,1
"977",2016-09-14,1
"978",2016-09-15,1
"979",2016-09-16,1
"980",2016-09-19,1
"981",2016-09-20,1
"982",2016-09-21,1
"983",2016-09-22,1
"984",2016-09-23,1
"985",2016-09-24,1
"986",2016-09-26,0
"987",2016-09-27,1
"988",2016-09-28,1
"989",2016-09-29,1
"990",2016-09-30,0
"991",2016-10-04,1
"992",2016-10-05,1
"993",2016-10-06,1
"994",2016-10-07,1
"995",2016-10-11,1
"996",2016-10-12,1
"997",2016-10-13,1
"998",2016-10-17,1
"999",2016-10-18,1
"1000",2016-10-19,1
"1001",2016-10-21,1
"1002",2016-10-22,1
"1003",2016-10-24,1
"1004",2016-10-25,1
"1005",2016-10-26,1
"1006",2016-10-27,1
"1007",2016-10-28,1
"1008",2016-10-31,1
"1009",2016-11-02,1
"1010",2016-11-04,1
"1011",2016-11-07,1
"1012",2016-11-08,1
"1013",2016-11-09,1
"1014",2016-11-10,1
"1015",2016-11-11,1
"1016",2016-11-14,1
"1017",2016-11-15,1
"1018",2016-11-16,1
"1019",2016-11-17,1
"1020",2016-11-18,1
"1021",2016-11-21,1
"1022",2016-11-22,0
"1023",2016-11-23,1
"1024",2016-11-25,1
"1025",2016-11-28,1
"1026",2016-11-29,1
"1027",2016-11-30,1
"1028",2016-12-01,1
"1029",2016-12-02,1
"1030",2016-12-05,0
"1031",2016-12-06,0
"1032",2016-12-07,1
"1033",2016-12-08,1
"1034",2016-12-09,1
"1035",2016-12-12,1
"1036",2016-12-13,1
"1037",2016-12-14,1
"1038",2016-12-15,1
"1039",2016-12-16,1
"1040",2016-12-19,1
"1041",2016-12-20,1
"1042",2016-12-21,1
"1043",2016-12-22,1
"1044",2016-12-26,1
"1045",2016-12-27,0
"1046",2016-12-28,1
"1047",2016-12-29,1
"1048",2017-01-01,1
"1049",2017-01-02,1
"1050",2017-01-03,1
"1051",2017-01-04,1
"1052",2017-01-06,0
"1053",2017-01-09,1
"1054",2017-01-11,1
"1055",2017-01-12,1
"1056",2017-01-13,1
"1057",2017-01-15,1
"1058",2017-01-16,1
"1059",2017-01-17,1
"1060",2017-01-18,0
"1061",2017-01-19,1
"1062",2017-01-20,1
"1063",2017-01-23,0
"1064",2017-01-24,0
"1065",2017-01-25,1
"1066",2017-01-26,1
"1067",2017-01-27,0
"1068",2017-01-31,1
"1069",2017-02-01,1
"1070",2017-02-02,1
"1071",2017-02-03,1
"1072",2017-02-06,1
"1073",2017-02-07,0
"1074",2017-02-08,1
"1075",2017-02-09,1
"1076",2017-02-10,1
"1077",2017-02-13,1
"1078",2017-02-14,1
"1079",2017-02-15,1
"1080",2017-02-16,1
"1081",2017-02-17,1
"1082",2017-02-20,1
"1083",2017-02-21,1
"1084",2017-02-22,1
"1085",2017-02-23,0
"1086",2017-02-24,1
"1087",2017-02-27,1
"1088",2017-02-28,1
"1089",2017-03-01,1
"1090",2017-03-02,1
"1091",2017-03-03,1
"1092",2017-03-04,1
"1093",2017-03-06,1
"1094",2017-03-07,1
"1095",2017-03-08,1
"1096",2017-03-09,1
"1097",2017-03-10,1
"1098",2017-03-11,1
"1099",2017-03-13,1
"1100",2017-03-14,1
"1101",2017-03-15,1
"1102",2017-03-16,1
"1103",2017-03-17,1
"1104",2017-03-20,1
"1105",2017-03-21,1
"1106",2017-03-22,1
"1107",2017-03-23,1
"1108",2017-03-24,1
"1109",2017-03-27,1
"1110",2017-03-28,1
"1111",2017-03-29,0
"1112",2017-03-30,1
"1113",2017-03-31,1
"1114",2017-04-03,1
"1115",2017-04-07,1
"1116",2017-04-10,1
"1117",2017-04-11,1
"1118",2017-04-12,1
"1119",2017-04-13,1
"1120",2017-04-14,0
"1121",2017-04-17,1
"1122",2017-04-18,1
"1123",2017-04-20,1
"1124",2017-04-21,1
"1125",2017-04-22,1
"1126",2017-04-23,1
"1127",2017-04-24,1
"1128",2017-04-25,1
"1129",2017-04-26,0
"1130",2017-04-28,1
"1131",2017-04-29,1
"1132",2017-05-01,1
"1133",2017-05-02,1
"1134",2017-05-03,1
"1135",2017-05-04,1
"1136",2017-05-05,1
"1137",2017-05-08,1
"1138",2017-05-09,1
"1139",2017-05-10,1
"1140",2017-05-11,1
"1141",2017-05-12,1
"1142",2017-05-13,0
"1143",2017-05-15,1
"1144",2017-05-16,1
"1145",2017-05-17,1
"1146",2017-05-18,1
"1147",2017-05-19,1
"1148",2017-05-22,1
"1149",2017-05-23,1
"1150",2017-05-24,1
"1151",2017-05-25,1
"1152",2017-05-26,1
"1153",2017-05-29,1
"1154",2017-05-30,1
"1155",2017-05-31,1
"1156",2017-06-01,1
"1157",2017-06-02,1
"1158",2017-06-03,1
"1159",2017-06-06,1
"1160",2017-06-07,0
"1161",2017-06-08,1
"1162",2017-06-09,1
"1163",2017-06-10,1
"1164",2017-06-12,1
"1165",2017-06-13,1
"1166",2017-06-14,1
"1167",2017-06-15,1
"1168",2017-06-16,1
"1169",2017-06-19,1
"1170",2017-06-20,1
"1171",2017-06-21,1
"1172",2017-06-22,1
"1173",2017-06-23,1
"1174",2017-06-26,1
"1175",2017-06-27,0
"1176",2017-06-28,1
"1177",2017-06-30,0
"1178",2017-07-03,1
"1179",2017-07-04,1
"1180",2017-07-05,0
"1181",2017-07-06,1
"1182",2017-07-07,0
"1183",2017-07-10,1
"1184",2017-07-11,1
"1185",2017-07-12,1
"1186",2017-07-13,1
"1187",2017-07-14,1
"1188",2017-07-15,0
"1189",2017-07-17,1
"1190",2017-07-18,1
"1191",2017-07-19,1
"1192",2017-07-20,0
"1193",2017-07-21,1
"1194",2017-07-24,1
"1195",2017-07-25,1
"1196",2017-07-26,1
"1197",2017-07-27,1
"1198",2017-07-28,1
"1199",2017-07-31,1
"1200",2017-08-01,1
"1201",2017-08-02,1
"1202",2017-08-04,1
"1203",2017-08-07,1
"1204",2017-08-08,1
"1205",2017-08-09,1
"1206",2017-08-11,1
"1207",2017-08-14,1
"1208",2017-08-15,1
"1209",2017-08-16,1
"1210",2017-08-17,1
"1211",2017-08-18,1
"1212",2017-08-19,0
"1213",2017-08-21,1
"1214",2017-08-22,1
"1215",2017-08-23,1
"1216",2017-08-24,1
"1217",2017-08-25,1
"1218",2017-08-27,0
"1219",2017-08-29,1
"1220",2017-08-30,0
"1221",2017-09-01,1
"1222",2017-09-04,1
"1223",2017-09-05,1
"1224",2017-09-06,1
"1225",2017-09-07,0
"1226",2017-09-08,1
"1227",2017-09-11,1
"1228",2017-09-12,1
"1229",2017-09-13,1
"1230",2017-09-14,1
"1231",2017-09-15,1
"1232",2017-09-18,1
"1233",2017-09-19,1
"1234",2017-09-20,1
"1235",2017-09-21,1
"1236",2017-09-22,1
"1237",2017-09-25,1
"1238",2017-09-26,1
"1239",2017-09-27,0
"1240",2017-09-28,1
"1241",2017-09-29,1
"1242",2017-10-02,1
"1243",2017-10-03,1
"1244",2017-10-04,1
"1245",2017-10-05,1
"1246",2017-10-06,0
"1247",2017-10-09,0
"1248",2017-10-10,1
"1249",2017-10-11,1
"1250",2017-10-12,1
"1251",2017-10-13,1
"1252",2017-10-17,1
"1253",2017-10-18,1
"1254",2017-10-19,1
"1255",2017-10-23,1
"1256",2017-10-24,1
"1257",2017-10-25,1
"1258",2017-10-26,1
"1259",2017-10-27,1
"1260",2017-10-28,1
"1261",2017-10-30,1
"1262",2017-10-31,1
"1263",2017-11-07,1
"1264",2017-11-08,0
"1265",2017-11-09,1
"1266",2017-11-10,0
"1267",2017-11-11,1
"1268",2017-11-14,1
"1269",2017-11-15,1
"1270",2017-11-16,1
"1271",2017-11-17,1
"1272",2017-11-20,1
"1273",2017-11-21,1
"1274",2017-11-22,1
"1275",2017-11-23,1
"1276",2017-11-27,1
"1277",2017-11-28,1
"1278",2017-11-29,1
"1279",2017-11-30,1
"1280",2017-12-01,1
"1281",2017-12-04,1
"1282",2017-12-05,0
"1283",2017-12-06,1
"1284",2017-12-07,1
"1285",2017-12-08,1
"1286",2017-12-11,1
"1287",2017-12-12,1
"1288",2017-12-13,1
"1289",2017-12-14,1
"1290",2017-12-15,1
"1291",2017-12-18,1
"1292",2017-12-19,1
"1293",2017-12-20,1
"1294",2017-12-21,1
"1295",2017-12-22,1
"1296",2018-01-04,1
"1297",2018-01-05,1
"1298",2018-01-08,1
"1299",2018-01-09,1
"1300",2018-01-10,1
"1301",2018-01-11,1
"1302",2018-01-15,1
"1303",2018-01-16,1
"1304",2018-01-17,1
"1305",2018-01-18,1
"1306",2018-01-19,1
"1307",2018-01-22,1
"1308",2018-01-23,1
"1309",2018-01-29,1
"1310",2018-01-30,1
"1311",2018-01-31,0
"1312",2018-02-01,0
"1313",2018-02-02,1
"1314",2018-02-03,1
"1315",2018-02-06,1
"1316",2018-02-07,1
"1317",2018-02-08,1
"1318",2018-02-09,0
"1319",2018-02-12,1
"1320",2018-02-13,0
"1321",2018-02-14,1
"1322",2018-02-15,1
"1323",2018-02-16,1
"1324",2018-02-19,1
"1325",2018-02-20,1
"1326",2018-02-21,1
"1327",2018-02-22,1
"1328",2018-02-27,1
"1329",2018-02-28,1
"1330",2018-03-01,0
"1331",2018-03-02,1
"1332",2018-03-03,1
"1333",2018-03-05,0
"1334",2018-03-06,1
"1335",2018-03-07,1
"1336",2018-03-08,1
"1337",2018-03-09,1
"1338",2018-03-10,1
"1339",2018-03-12,1
"1340",2018-03-13,1
"1341",2018-03-14,1
"1342",2018-03-15,1
"1343",2018-03-16,1
"1344",2018-03-19,1
"1345",2018-03-20,1
"1346",2018-03-21,1
"1347",2018-03-22,1
"1348",2018-03-23,1
"1349",2018-03-24,1
"1350",2018-03-26,1
"1351",2018-03-27,0
"1352",2018-03-28,1
"1353",2018-03-29,1
"1354",2018-03-30,1
"1355",2018-03-31,1
"1356",2018-04-02,1
"1357",2018-04-03,1
"1358",2018-04-04,1
"1359",2018-04-05,1
"1360",2018-04-06,1
"1361",2018-04-07,0
"1362",2018-04-09,1
"1363",2018-04-10,1
"1364",2018-04-11,1
"1365",2018-04-12,1
"1366",2018-04-13,1
"1367",2018-04-14,1
"1368",2018-04-16,1
"1369",2018-04-17,1
"1370",2018-04-18,1
"1371",2018-04-19,1
"1372",2018-04-20,1
"1373",2018-04-21,1
"1374",2018-04-23,1
"1375",2018-04-24,1
"1376",2018-04-25,1
"1377",2018-04-26,1
"1378",2018-04-27,1
"1379",2018-04-28,1
"1380",2018-04-30,1
"1381",2018-05-01,1
"1382",2018-05-02,1
"1383",2018-05-03,1
"1384",2018-05-04,1
"1385",2018-05-05,1
"1386",2018-05-07,1
"1387",2018-05-08,1
"1388",2018-05-09,1
"1389",2018-05-10,1
"1390",2018-05-11,1
"1391",2018-05-12,1
"1392",2018-05-14,1
"1393",2018-05-15,1
"1394",2018-05-16,1
"1395",2018-05-17,1
"1396",2018-05-18,1
"1397",2018-05-19,1
"1398",2018-05-21,1
"1399",2018-05-22,1
"1400",2018-05-23,1
"1401",2018-05-24,1
"1402",2018-05-28,1
"1403",2018-05-29,1
"1404",2018-05-30,1
"1405",2018-05-31,1
"1406",2018-06-01,1
"1407",2018-06-03,1
"1408",2018-06-04,1
"1409",2018-06-05,1
"1410",2018-06-06,1
"1411",2018-06-07,1
"1412",2018-06-08,1
"1413",2018-06-09,1
"1414",2018-06-11,1
"1415",2018-06-12,1
"1416",2018-06-13,1
"1417",2018-06-14,1
"1418",2018-06-15,1
"1419",2018-06-16,1
"1420",2018-06-18,0
"1421",2018-06-19,1
"1422",2018-06-20,1
"1423",2018-06-21,1
"1424",2018-06-22,0
"1425",2018-06-23,0
"1426",2018-06-25,1
"1427",2018-06-26,1
"1428",2018-06-27,1
"1429",2018-06-28,1
"1430",2018-06-29,1
"1431",2018-07-04,1
"1432",2018-07-05,1
"1433",2018-07-06,1
"1434",2018-07-07,1
"1435",2018-07-09,1
"1436",2018-07-10,1
"1437",2018-07-11,1
"1438",2018-07-12,1
"1439",2018-07-13,1
"1440",2018-07-14,1
"1441",2018-07-16,1
"1442",2018-07-17,1
"1443",2018-07-18,1
"1444",2018-07-19,1
"1445",2018-07-20,1
"1446",2018-07-23,1
"1447",2018-07-24,1
"1448",2018-07-25,1
"1449",2018-07-26,1
"1450",2018-07-27,1
"1451",2018-07-29,1
"1452",2018-07-30,1
"1453",2018-07-31,1
"1454",2018-08-01,1
"1455",2018-08-02,1
"1456",2018-08-03,1
"1457",2018-08-05,1
"1458",2018-08-06,1
"1459",2018-08-07,1
"1460",2018-08-08,1
"1461",2018-08-09,1
"1462",2018-08-10,1
"1463",2018-08-12,1
"1464",2018-08-13,1
"1465",2018-08-14,1
"1466",2018-08-15,1
"1467",2018-08-16,1
"1468",2018-08-17,1
"1469",2018-08-20,1
"1470",2018-08-21,1
"1471",2018-08-22,1
"1472",2018-08-23,0
"1473",2018-08-24,1
"1474",2018-08-25,1
"1475",2018-08-27,1
"1476",2018-08-28,1
"1477",2018-08-29,1
"1478",2018-08-30,1
"1479",2018-08-31,1
"1480",2018-09-03,1
"1481",2018-09-04,1
"1482",2018-09-05,1
"1483",2018-09-06,1
"1484",2018-09-07,1
"1485",2018-09-10,1
"1486",2018-09-11,1
"1487",2018-09-12,1
"1488",2018-09-13,1
"1489",2018-09-14,1
"1490",2018-09-16,1
"1491",2018-09-17,0
"1492",2018-09-18,1
"1493",2018-09-19,1
"1494",2018-09-20,1
"1495",2018-09-21,0
"1496",2018-09-22,1
"1497",2018-09-24,1
"1498",2018-09-25,1
"1499",2018-09-26,1
"1500",2018-09-27,1
"1501",2018-09-28,1
"1502",2018-09-29,1
"1503",2018-10-01,1
"1504",2018-10-02,1
"1505",2018-10-03,1
"1506",2018-10-04,1
"1507",2018-10-05,1
"1508",2018-10-08,1
"1509",2018-10-09,1
"1510",2018-10-10,1
"1511",2018-10-11,1
"1512",2018-10-12,1
"1513",2018-10-13,1
"1514",2018-10-15,1
"1515",2018-10-16,1
"1516",2018-10-17,1
"1517",2018-10-18,1
"1518",2018-10-22,1
"1519",2018-10-23,1
"1520",2018-10-24,1
"1521",2018-10-25,1
"1522",2018-10-26,1
"1523",2018-10-29,1
"1524",2018-10-30,1
"1525",2018-10-31,1
"1526",2018-11-01,1
"1527",2018-11-03,0
"1528",2018-11-05,0
"1529",2018-11-06,1
"1530",2018-11-07,1
"1531",2018-11-08,1
"1532",2018-11-09,0
"1533",2018-11-12,0
"1534",2018-11-13,1
"1535",2018-11-14,0
"1536",2018-11-15,1
"1537",2018-11-16,1
"1538",2018-11-19,1
"1539",2018-11-20,1
"1540",2018-11-21,1
"1541",2018-11-22,1
"1542",2018-11-23,0
"1543",2018-11-26,1
"1544",2018-11-27,1
"1545",2018-11-28,1
"1546",2018-11-29,1
"1547",2018-12-03,1
"1548",2018-12-04,1
"1549",2018-12-05,1
"1550",2018-12-06,1
"1551",2018-12-07,1
"1552",2018-12-09,0
"1553",2018-12-10,1
"1554",2018-12-11,1
"1555",2018-12-12,1
"1556",2018-12-13,1
"1557",2018-12-14,1
"1558",2018-12-17,1
"1559",2018-12-18,1
"1560",2018-12-19,1
"1561",2018-12-20,1
"1562",2018-12-21,1
"1563",2018-12-27,0
"1564",2018-12-28,1
"1565",2018-12-31,1
"1566",2019-01-01,1
"1567",2019-01-02,1
"1568",2019-01-03,1
"1569",2019-01-07,1
"1570",2019-01-14,1
"1571",2019-01-15,1
"1572",2019-01-16,1
"1573",2019-01-17,1
"1574",2019-01-18,1
"1575",2019-01-21,0
"1576",2019-01-22,1
"1577",2019-01-23,1
"1578",2019-01-24,1
"1579",2019-01-25,1
"1580",2019-01-26,1
"1581",2019-01-28,1
"1582",2019-01-30,1
"1583",2019-01-31,1
"1584",2019-02-01,1
"1585",2019-02-04,1
"1586",2019-02-05,1
"1587",2019-02-06,1
"1588",2019-02-07,1
"1589",2019-02-08,1
"1590",2019-02-11,1
"1591",2019-02-12,1
"1592",2019-02-13,0
"1593",2019-02-14,1
"1594",2019-02-15,1
"1595",2019-02-18,1
"1596",2019-02-19,1
"1597",2019-02-20,0
"1598",2019-02-21,1
"1599",2019-02-22,1
"1600",2019-02-25,0
"1601",2019-02-26,0
"1602",2019-02-27,1
"1603",2019-02-28,0
"1604",2019-03-01,0
"1605",2019-03-04,0
"1606",2019-03-05,0
"1607",2019-03-06,1
"1608",2019-03-08,1
"1609",2019-03-11,1
"1610",2019-03-12,1
"1611",2019-03-13,1
"1612",2019-03-14,1
"1613",2019-03-15,0
"1614",2019-03-18,1
"1615",2019-03-19,1
"1616",2019-03-20,1
"1617",2019-03-21,1
"1618",2019-03-22,1
"1619",2019-03-25,0
"1620",2019-03-26,1
"1621",2019-03-27,0
"1622",2019-03-28,1
"1623",2019-03-29,1
"1624",2019-04-01,0
"1625",2019-04-02,1
"1626",2019-04-03,1
"1627",2019-04-04,1
"1628",2019-04-05,0
"1629",2019-04-08,1
"1630",2019-04-09,1
"1631",2019-04-10,1
"1632",2019-04-11,1
"1633",2019-04-12,0
"1634",2019-04-15,1
"1635",2019-04-16,1
"1636",2019-04-17,1
"1637",2019-04-18,1
"1638",2019-04-19,0
"1639",2019-04-22,1
"1640",2019-04-23,1
"1641",2019-04-24,1
"1642",2019-04-25,1
"1643",2019-04-26,0
"1644",2019-04-29,0
"1645",2019-04-30,1
"1646",2019-05-01,1
"1647",2019-05-02,1
"1648",2019-05-03,1
"1649",2019-05-06,1
"1650",2019-05-07,1
"1651",2019-05-08,1
"1652",2019-05-09,1
"1653",2019-05-10,1
"1654",2019-05-11,1
"1655",2019-05-13,1
"1656",2019-05-14,1
"1657",2019-05-15,1
"1658",2019-05-16,0
"1659",2019-05-17,0
"1660",2019-05-20,1
"1661",2019-05-21,1
"1662",2019-05-22,0
"1663",2019-05-23,1
"1664",2019-05-24,0
"1665",2019-05-27,1
"1666",2019-05-28,0
"1667",2019-05-29,1
"1668",2019-05-30,1
"1669",2019-05-31,0
"1670",2019-06-03,1
"1671",2019-06-04,0
"1672",2019-06-05,1
"1673",2019-06-06,1
"1674",2019-06-07,1
"1675",2019-06-11,1
"1676",2019-06-12,1
"1677",2019-06-13,0
"1678",2019-06-17,0
"1679",2019-06-18,1
"1680",2019-06-19,1
"1681",2019-06-20,1
"1682",2019-06-21,1
"1683",2019-06-22,1
"1684",2019-06-24,1
"1685",2019-06-25,1
"1686",2019-06-26,1
"1687",2019-06-27,1
"1688",2019-07-02,1
"1689",2019-07-03,1
"1690",2019-07-04,1
"1691",2019-07-05,1
"1692",2019-07-06,1
"1693",2019-07-08,1
"1694",2019-07-09,1
"1695",2019-07-10,1
"1696",2019-07-11,1
"1697",2019-07-12,1
"1698",2019-07-13,1
"1699",2019-07-15,1
"1700",2019-07-16,1
"1701",2019-07-17,1
"1702",2019-07-18,0
"1703",2019-07-19,1
"1704",2019-07-20,1
"1705",2019-07-22,1
"1706",2019-07-23,1
"1707",2019-07-24,1
"1708",2019-07-25,1
"1709",2019-07-26,1
"1710",2019-07-29,1
"1711",2019-07-30,1
"1712",2019-07-31,1
"1713",2019-08-01,1
"1714",2019-08-02,1
"1715",2019-08-03,0
"1716",2019-08-05,1
"1717",2019-08-06,1
"1718",2019-08-07,1
"1719",2019-08-08,1
"1720",2019-08-09,1
"1721",2019-08-10,1
"1722",2019-08-12,1
"1723",2019-08-13,1
"1724",2019-08-14,1
"1725",2019-08-15,1
"1726",2019-08-16,0
"1727",2019-08-17,0
"1728",2019-08-18,0
"1729",2019-08-19,1
"1730",2019-08-20,1
"1731",2019-08-21,1
"1732",2019-08-22,1
"1733",2019-08-23,1
"1734",2019-08-24,1
"1735",2019-08-25,0
"1736",2019-08-26,0
"1737",2019-08-27,1
"1738",2019-08-28,1
"1739",2019-08-29,1
"1740",2019-08-30,1
"1741",2019-08-31,1
"1742",2019-09-02,1
"1743",2019-09-03,1
"1744",2019-09-04,1
"1745",2019-09-05,1
"1746",2019-09-06,1
"1747",2019-09-07,1
"1748",2019-09-08,0
"1749",2019-09-09,1
"1750",2019-09-10,1
"1751",2019-09-11,1
"1752",2019-09-12,1
"1753",2019-09-13,1
"1754",2019-09-14,1
"1755",2019-09-16,1
"1756",2019-09-17,1
"1757",2019-09-18,1
"1758",2019-09-19,1
"1759",2019-09-20,1
"1760",2019-09-21,1
"1761",2019-09-22,1
"1762",2019-09-23,1
"1763",2019-09-24,1
"1764",2019-09-25,1
"1765",2019-09-26,1
"1766",2019-09-27,1
"1767",2019-09-28,0
"1768",2019-09-29,1
"1769",2019-09-30,1
"1770",2019-10-01,1
"1771",2019-10-02,0
"1772",2019-10-03,1
"1773",2019-10-04,1
"1774",2019-10-05,1
"1775",2019-10-07,1
"1776",2019-10-08,1
"1777",2019-10-09,1
"1778",2019-10-10,1
"1779",2019-10-11,1
"1780",2019-10-12,1
"1781",2019-10-13,1
"1782",2019-10-14,1
"1783",2019-10-15,1
"1784",2019-10-16,1
"1785",2019-10-17,1
"1786",2019-10-18,1
"1787",2019-10-19,1
"1788",2019-10-20,0
"1789",2019-10-21,1
"1790",2019-10-22,1
"1791",2019-10-23,1
"1792",2019-10-24,1
"1793",2019-10-25,1
"1794",2019-10-26,1
"1795",2019-10-27,1
"1796",2019-10-28,1
"1797",2019-10-29,1
"1798",2019-10-30,1
"1799",2019-10-31,1
"1800",2019-11-01,1
"1801",2019-11-02,1
"1802",2019-11-03,0
"1803",2019-11-04,1
"1804",2019-11-05,1
"1805",2019-11-06,1
"1806",2019-11-07,1
"1807",2019-11-08,1
"1808",2019-11-09,1
"1809",2019-11-11,1
"1810",2019-11-12,1
"1811",2019-11-13,1
"1812",2019-11-14,1
"1813",2019-11-15,0
"1814",2019-11-18,1
"1815",2019-11-19,1
"1816",2019-11-20,1
"1817",2019-11-21,1
"1818",2019-11-22,1
"1819",2019-11-23,1
"1820",2019-11-24,1
"1821",2019-11-25,1
"1822",2019-11-26,1
"1823",2019-11-27,1
"1824",2019-11-28,1
"1825",2019-11-29,1
"1826",2019-12-02,1
"1827",2019-12-03,1
"1828",2019-12-04,1
"1829",2019-12-05,1
"1830",2019-12-06,1
"1831",2019-12-09,1
"1832",2019-12-10,1
"1833",2019-12-11,1
"1834",2019-12-12,0
"1835",2019-12-13,1
"1836",2019-12-16,1
"1837",2019-12-17,1
"1838",2019-12-18,1
"1839",2019-12-19,1
"1840",2019-12-20,1
"1841",2019-12-21,1
"1842",2019-12-23,1
"1843",2019-12-24,1
"1844",2019-12-26,1
"1845",2019-12-27,1
"1846",2019-12-30,1
"1847",2019-12-31,1
"1848",2020-01-01,1
"1849",2020-01-02,1
"1850",2020-01-03,1
"1851",2020-01-06,1
"1852",2020-01-07,1
"1853",2020-01-08,1
"1854",2020-01-09,1
"1855",2020-01-10,1
"1856",2020-01-11,1
"1857",2020-01-13,1
"1858",2020-01-14,0
"1859",2020-01-15,1
"1860",2020-01-16,1
"1861",2020-01-17,1
"1862",2020-01-20,1
"1863",2020-01-21,1
"1864",2020-01-22,1
"1865",2020-01-23,1
"1866",2020-01-24,1
"1867",2020-01-27,1
"1868",2020-01-28,0
"1869",2020-01-29,1
"1870",2020-01-30,1
"1871",2020-02-02,1
"1872",2020-02-03,1
"1873",2020-02-04,0
"1874",2020-02-05,1
"1875",2020-02-06,0
"1876",2020-02-07,1
"1877",2020-02-09,0
"1878",2020-02-10,1
"1879",2020-02-11,1
"1880",2020-02-12,1
"1881",2020-02-13,1
"1882",2020-02-14,1
"1883",2020-02-16,1
"1884",2020-02-17,1
"1885",2020-02-18,1
"1886",2020-02-19,0
"1887",2020-02-20,0
"1888",2020-02-21,1
"1889",2020-02-22,0
"1890",2020-02-24,0
"1891",2020-02-25,1
"1892",2020-02-26,1
"1893",2020-02-27,1
"1894",2020-02-28,1
"1895",2020-02-29,1
"1896",2020-03-01,0
"1897",2020-03-02,1
"1898",2020-03-03,1
"1899",2020-03-04,1
"1900",2020-03-05,0
"1901",2020-03-06,1
"1902",2020-03-07,1
"1903",2020-03-09,0
"1904",2020-03-10,1
"1905",2020-03-11,1
"1906",2020-03-12,0
"1907",2020-03-13,0
"1908",2020-03-14,1
"1909",2020-03-16,1
"1910",2020-03-17,0
"1911",2020-03-18,1
"1912",2020-03-19,0
"1913",2020-03-20,1
"1914",2020-03-21,1
"1915",2020-03-23,0
"1916",2020-03-24,1
"1917",2020-03-25,0
"1918",2020-03-26,1
"1919",2020-03-27,0
"1920",2020-03-28,1
"1921",2020-03-30,1
"1922",2020-03-31,1
"1923",2020-04-01,1
"1924",2020-04-02,1
"1925",2020-04-03,1
"1926",2020-04-06,1
"1927",2020-04-08,1
"1928",2020-04-09,0
"1929",2020-04-10,1
"1930",2020-04-12,1
"1931",2020-04-14,1
"1932",2020-04-15,0
"1933",2020-04-16,0
"1934",2020-04-19,0
"1935",2020-04-20,1
"1936",2020-04-21,0
"1937",2020-04-22,0
"1938",2020-04-23,1
"1939",2020-04-24,1
"1940",2020-04-25,1
"1941",2020-04-26,1
"1942",2020-04-27,0
"1943",2020-04-28,1
"1944",2020-04-29,1
"1945",2020-04-30,1
"1946",2020-05-01,1
"1947",2020-05-02,0
"1948",2020-05-04,1
"1949",2020-05-05,1
"1950",2020-05-06,1
"1951",2020-05-07,1
"1952",2020-05-08,1
"1953",2020-05-10,1
"1954",2020-05-11,1
"1955",2020-05-12,1
"1956",2020-05-13,1
"1957",2020-05-15,1
"1958",2020-05-16,1
"1959",2020-05-18,1
"1960",2020-05-19,0
"1961",2020-05-20,1
"1962",2020-05-21,1
"1963",2020-05-22,0
"1964",2020-05-24,0
"1965",2020-05-25,1
"1966",2020-05-26,1
"1967",2020-05-27,1
"1968",2020-05-28,1
"1969",2020-05-29,1
"1970",2020-05-30,1
"1971",2020-05-31,1
"1972",2020-06-01,0
"1973",2020-06-02,0
"1974",2020-06-03,1
"1975",2020-06-04,0
"1976",2020-06-05,0
"1977",2020-06-06,0
"1978",2020-06-07,0
"1979",2020-06-08,1
"1980",2020-06-09,1
"1981",2020-06-10,1
"1982",2020-06-11,1
"1983",2020-06-12,1
"1984",2020-06-14,1
"1985",2020-06-15,0
"1986",2020-06-16,0
"1987",2020-06-17,0
"1988",2020-06-18,0
"1989",2020-06-19,1
"1990",2020-06-20,1
"1991",2020-06-22,0
"1992",2020-06-23,0
"1993",2020-06-24,0
"1994",2020-06-25,1
"1995",2020-06-26,0
"1996",2020-06-29,0
"1997",2020-06-30,0
"1998",2020-07-01,1
"1999",2020-07-02,0
"2000",2020-07-03,1
"2001",2020-07-04,1
"2002",2020-07-05,1
"2003",2020-07-06,1
"2004",2020-07-07,1
"2005",2020-07-08,1
"2006",2020-07-09,0
"2007",2020-07-10,0
"2008",2020-07-11,0
"2009",2020-07-12,1
"2010",2020-07-13,1
"2011",2020-07-14,1
"2012",2020-07-15,1
"2013",2020-07-16,1
"2014",2020-07-17,0
"2015",2020-07-18,0
"2016",2020-07-19,0
"2017",2020-07-20,0
"2018",2020-07-21,1
"2019",2020-07-22,1
"2020",2020-07-23,1
"2021",2020-07-24,1
"2022",2020-07-25,0
"2023",2020-07-26,0
"2024",2020-07-27,0
"2025",2020-07-28,1
"2026",2020-07-29,1
"2027",2020-07-30,1
"2028",2020-07-31,1
"2029",2020-08-01,0
"2030",2020-08-02,0
"2031",2020-08-03,1
"2032",2020-08-04,1
"2033",2020-08-05,0
"2034",2020-08-06,1
"2035",2020-08-07,1
"2036",2020-08-08,0
"2037",2020-08-10,0
"2038",2020-08-11,1
"2039",2020-08-12,1
"2040",2020-08-13,1
"2041",2020-08-14,1
"2042",2020-08-15,1
"2043",2020-08-16,1
"2044",2020-08-17,1
"2045",2020-08-18,1
"2046",2020-08-19,0
"2047",2020-08-20,0
"2048",2020-08-21,1
"2049",2020-08-22,0
"2050",2020-08-23,0
"2051",2020-08-24,1
"2052",2020-08-25,0
"2053",2020-08-26,1
"2054",2020-08-27,0
"2055",2020-08-28,1
"2056",2020-08-29,1
"2057",2020-08-31,0
"2058",2020-09-01,1
"2059",2020-09-02,0
"2060",2020-09-03,1
"2061",2020-09-04,1
"2062",2020-09-05,1
"2063",2020-09-07,0
"2064",2020-09-08,1
"2065",2020-09-09,1
"2066",2020-09-10,1
"2067",2020-09-11,1
"2068",2020-09-12,1
"2069",2020-09-13,0
"2070",2020-09-14,1
"2071",2020-09-15,1
"2072",2020-09-16,1
"2073",2020-09-17,1
"2074",2020-09-18,1
"2075",2020-09-19,1
"2076",2020-09-20,1
"2077",2020-09-21,1
"2078",2020-09-22,1
"2079",2020-09-23,0
"2080",2020-09-24,1
"2081",2020-09-25,0
"2082",2020-09-26,1
"2083",2020-09-27,1
"2084",2020-09-28,0
"2085",2020-09-29,1
"2086",2020-09-30,1
"2087",2020-10-01,0
"2088",2020-10-02,1
"2089",2020-10-03,0
"2090",2020-10-04,0
"2091",2020-10-05,1
"2092",2020-10-06,1
"2093",2020-10-07,0
"2094",2020-10-08,0
"2095",2020-10-09,0
"2096",2020-10-10,1
"2097",2020-10-11,1
"2098",2020-10-12,1
"2099",2020-10-13,0
"2100",2020-10-14,1
"2101",2020-10-15,1
"2102",2020-10-16,0
"2103",2020-10-18,1
"2104",2020-10-19,1
"2105",2020-10-20,1
"2106",2020-10-21,1
"2107",2020-10-22,1
"2108",2020-10-23,1
"2109",2020-10-24,1
"2110",2020-10-25,1
"2111",2020-10-26,1
"2112",2020-10-27,1
"2113",2020-10-28,1
"2114",2020-10-29,1
"2115",2020-10-30,1
"2116",2020-10-31,0
"2117",2020-11-01,0
"2118",2020-11-02,1
"2119",2020-11-03,1
"2120",2020-11-04,1
"2121",2020-11-05,1
"2122",2020-11-06,1
"2123",2020-11-08,1
"2124",2020-11-09,1
"2125",2020-11-10,1
"2126",2020-11-11,1
"2127",2020-11-12,1
"2128",2020-11-13,1
"2129",2020-11-14,1
"2130",2020-11-15,1
"2131",2020-11-16,1
"2132",2020-11-17,1
"2133",2020-11-18,1
"2134",2020-11-19,1
"2135",2020-11-20,1
