date,open,high,low,close,volume_btc,volume_currency,weighted_price
2018-01-01,13880,13941.75,12801.38,13443.41,7688.0306846,102815718.45172,13373.479200294
2018-01-02,13394.2,15257.53,12910.58,14678.94,16299.66930279,229138844.07688,14057.883004882
2018-01-03,14670.96,15500,14546.28,15155.62,12275.00119668,183639413.73724,14960.439579176
2018-01-04,15155.62,15430.27,14192.37,15143.67,15004.01859256,222160244.4909,14806.716155435
2018-01-05,15143.67,17200,14810,16928,16248.91467956,259695892.85336,15982.353158642
2018-01-06,16927.99,17234.99,16220,17149.67,9501.01675546,158389594.51445,16670.804671871
2018-01-07,17142.43,17149.97,15707.16,16124.02,8632.81384337,141555094.16036,16397.329622609
2018-01-08,16173.98,16300,13900,14999.99,16676.34994239,251877784.14267,15103.891739667
2018-01-09,14999.99,15367.18,14123.97,14403.51,13913.52469368,204579121.58441,14703.615804652
2018-01-10,14403.51,14900,13412,14890.02,18479.01253046,261210687.02947,14135.53276177
2018-01-11,14899.99,14973.07,12800,13243.83,19630.07517112,266846190.80782,13593.742687262
2018-01-12,13249.99,14152.19,12807.27,13781.41,13433.08481363,183399343.51664,13652.809169384
2018-01-13,13829.28,14619.1,13789.42,14197.78,7488.98701847,106595650.09047,14233.654007889
2018-01-14,14197.78,14365.81,13072.22,13647.99,7588.63558972,102783826.66084,13544.44095327
2018-01-15,13647.99,14394.36,13429.25,13607.04,9444.63530824,131049852.36484,13875.586307764
2018-01-16,13581.66,13607.04,10162,11386.34,38789.88308789,457725763.36584,11800.13258428
2018-01-17,11393.97,11794.07,9222,11191.35,41356.1897379,433168120.05249,10474.081940279
2018-01-18,11199,12146,10693,11247.57,22195.26202056,256082649.97875,11537.716911904
2018-01-19,11290.9,12050.39,11025.18,11552,13203.25567513,151834406.42114,11499.770220093
2018-01-20,11560.82,13052.12,11515.94,12775.99,10324.05733414,128912075.53122,12486.571060094
2018-01-21,12782.99,12791.88,11100,11558.87,11596.44128787,137150604.6405,11826.956325296
2018-01-22,11558.87,11910.78,10028.41,10808.99,17067.72925582,186028930.55173,10899.454037701
2018-01-23,10810,11409.87,9927.54,10851.82,17250.17614645,184369293.73459,10687.965860136
2018-01-24,10848.99,11500,10488.13,11400.96,11646.79059794,128825119.67869,11060.997327579
2018-01-25,11400.98,11741.82,10868.57,11155.54,10212.92183381,115421975.02514,11301.562559995
2018-01-26,11140.01,11635,10263.32,11092.95,15074.66641243,164020352.51582,10880.52949421
2018-01-27,11093.74,11630.47,10815.84,11446.54,10309.80746248,116376809.51695,11287.971180885
2018-01-28,11446.54,11989.15,11360.52,11685.58,9956.09249576,116531522.53334,11704.543984798
2018-01-29,11685.58,11820.01,10991,11162.62,9996.35689848,112806531.76197,11284.764330405
2018-01-30,11162.62,11222.36,9731.2,9971,21082.19252764,219169216.36012,10395.940368762
2018-01-31,9971,10324,9514.96,10149,12743.50947059,126723437.33569,9944.1553073072
2018-02-01,10148.99,10187.56,8455,8998.99,26356.58883931,243067799.59754,9222.2783866101
2018-02-02,9010.87,9096.79,7625.25,8838.83,44406.01982931,373423805.07552,8409.3059119214
2018-02-03,8838.29,9491.2,8170.71,9225.86,16208.37411342,144713399.47199,8928.3106657917
2018-02-04,9225.31,9350.09,7825,8191,19110.67246079,162005632.56055,8477.2334878818
2018-02-05,8190.78,8335.56,6600,6874.27,46544.42880431,342210634.64875,7352.3436303736
2018-02-06,6878.65,8150,5920.72,7737.37,70961.36965826,487504446.04308,6869.9976958004
2018-02-07,7737.26,8649,7213.8,7588.01,32640.89253754,260674865.84428,7986.1439310975
2018-02-08,7588.01,8644.36,7565.5,8259.76,22746.39118112,187157997.65798,8228.0303793124
2018-02-09,8259.42,8779.62,7753.32,8693.98,18418.11709042,152040059.86472,8254.9187367149
2018-02-10,8693.98,9090.8,8170.86,8560,14670.55870203,127082570.69049,8662.4220162045
2018-02-11,8560,8560,7820,8067,12711.7858457,103542540.61432,8145.3968680053
2018-02-12,8077.25,8995,8067,8899,15071.04029684,130557481.61167,8662.8048920448
2018-02-13,8891.2,8951.89,8360.13,8522.99,11374.52415254,97689771.643047,8588.4710721048
2018-02-14,8504.57,9515,8504.57,9490.98,17468.73886593,158839393.2453,9092.7796485121
2018-02-15,9490.98,10234,9350,10018,21036.3373175,206814744.84787,9831.3095918947
2018-02-16,10011.3,10300,9707.51,10196,11857.64277513,118860367.74258,10023.945736658
2018-02-17,10203.14,11135.83,10053.5,11101,14511.16913676,155314935.17762,10703.130375909
2018-02-18,11101,11300,10153.15,10421.06,17623.07943135,188724919.34455,10708.963781257
2018-02-19,10433.68,11262.48,10307.51,11173,11698.25622611,127802568.07185,10924.92467267
2018-02-20,11159.12,11780,11080.37,11233.41,15880.9090398,182156478.01967,11470.154357232
2018-02-21,11233.42,11275.74,10256,10449.4,19959.67715652,215353691.93532,10789.437637019
2018-02-22,10446.79,10935,9731.2,9843.34,20204.69095384,206051152.36005,10198.183819332
2018-02-23,9843.33,10405.3,9600,10166.1,16044.03930333,160782973.04507,10021.352478967
2018-02-24,10135.2,10540.63,9373.48,9689.99,13972.71472351,137805304.51942,9862.4574570004
2018-02-25,9688.26,9883.41,9260,9590.04,11037.17695269,105367249.24682,9546.5760582135
2018-02-26,9595.99,10461.97,9376.34,10324.7,16156.80505618,162306362.38799,10045.69664755
2018-02-27,10329.99,10850,10150,10566.3,10408.47993775,110086762.79583,10576.641685839
2018-02-28,10572.49,11064.75,10255.07,10314.9,10490.74905816,111457734.83117,10624.382893276
2018-03-01,10314.99,11090,10223.41,10903.13,9481.66514611,101712406.72717,10727.272600309
2018-03-02,10917.37,11175,10774.01,11029.99,8329.09790086,91455982.504959,10980.298658216
2018-03-03,11032.81,11503.24,11022.85,11445,7786.26753951,88241259.776292,11332.934468091
2018-03-04,11445,11511,11054.91,11463.27,6831.63070279,77060624.278291,11279.975108552
2018-03-05,11479.68,11688,11383.66,11419.24,9933.67623336,114638102.23711,11540.350172892
2018-03-06,11417.39,11420.01,10560.19,10723.76,14734.41949313,161507885.73288,10961.26561404
2018-03-07,10723.01,10911.78,9450,9913.03,26116.51184803,264099759.77855,10112.367276125
2018-03-08,9904.52,10150,9078.95,9285.32,22522.42746991,217370120.91965,9651.2741004519
2018-03-09,9293.06,9420.39,8366,9230,29014.16684454,257069817.5836,8860.1481807492
2018-03-10,9228.83,9514.96,8697,8791.47,12886.58857926,118146982.45276,9168.212496743
2018-03-11,8795.04,9768.37,8450,9535.04,16407.54237557,149758874.76874,9127.4409866357
2018-03-12,9535.04,9892,8742.07,9120.75,18751.02057959,175103380.07353,9338.3386429712
2018-03-13,9115.24,9482.79,8830,9142.32,16001.47534639,146461539.24624,9153.0022123416
2018-03-14,9152.07,9356.14,7948,8196.69,21191.0231358,182210730.8525,8598.4867122662
2018-03-15,8195.99,8425,7682,8265.05,18387.61138793,148610946.85019,8082.123540404
2018-03-16,8265.05,8613.06,7914.08,8258.54,16498.62433531,137219222.82076,8317.009953799
2018-03-17,8258.54,8356.4,7730.23,7860.83,12048.6688914,97294029.179732,8075.0853108079
2018-03-18,7860.83,8324.92,7325.37,8188.24,19547.36114711,150315447.64235,7689.8076682117
2018-03-19,8205.55,8718.74,8114.17,8596.93,19396.08835883,162448296.1943,8375.3122376525
2018-03-20,8596.79,9051,8313.01,8904.02,13454.8222604,116496170.95306,8658.3210612842
2018-03-21,8904.02,9188.1,8754.83,8893.79,12100.99713332,108594771.1013,8974.0349414909
2018-03-22,8892.18,9099.59,8503.52,8704.67,12587.63392229,109923828.12971,8732.683902974
2018-03-23,8708.52,8920.79,8265,8920.79,13749.78486097,117134344.45484,8518.9947071347
2018-03-24,8917.99,9020,8505,8547,9731.98236841,85811618.322075,8817.4860037375
2018-03-25,8541.96,8680,8368.63,8453.9,9155.91214778,78013217.68781,8520.5292961145
2018-03-26,8451.12,8500,7831.15,8149.66,17693.4153393,145246518.5356,8209.0718920153
2018-03-27,8152.26,8211.62,7742.11,7791.7,12385.25028422,98488415.189242,7952.0730650656
2018-03-28,7791.69,8104.98,7723.03,7932.41,8437.64467971,66890222.85988,7927.5941804862
2018-03-29,7932.41,7968,6914.53,7088.38,22138.11413228,163975079.77115,7406.9127474619
2018-03-30,7086.14,7302.35,6550,6850,29101.44802706,199556780.67169,6857.2801080597
2018-03-31,6839.63,7231.73,6794.26,6928.62,11579.59705718,81326187.467914,7023.2312114425
2018-04-01,6926.5,7045.71,6427.16,6813.52,18046.94087395,121116431.40304,6711.1890180716
2018-04-02,6816.31,7106.5,6759.96,7052.76,13624.16035566,95159965.017439,6984.6480467992
2018-04-03,7052.75,7506.84,7001.28,7416.27,16089.54162903,118019785.63287,7335.1863187907
2018-04-04,7415.53,7430,6710.38,6799.95,15779.20246661,110954121.83853,7031.6685569702
2018-04-05,6799.37,6928.7,6578.95,6771.69,11894.53597807,80262665.41437,6747.8601571638
2018-04-06,6771.3,6850,6510,6618.33,8478.41806897,56294477.899358,6639.7383853232
2018-04-07,6627.7,7069.13,6600.99,6904.9,7683.0416526,52984840.498486,6896.3364894104
2018-04-08,6904.21,7104.52,6894.8,7027.26,4352.69794202,30482451.722745,7003.1167172144
2018-04-09,7027.26,7175.83,6611.49,6780.1,10103.91621615,69104966.965091,6839.423990337
2018-04-10,6782.39,6900,6653.21,6835.67,6480.19276418,43978750.446789,6786.6423187111
2018-04-11,6824.75,6984.92,6809.26,6940.94,5825.41064556,40165964.25783,6894.958433264
2018-04-12,6940.94,8069.34,6758.45,7923.78,19033.3803344,143664243.10143,7548.0151490366
2018-04-13,7923.78,8239.33,7753.32,7896.92,19605.94275077,157461506.31628,8031.3152148775
2018-04-14,7885.9,8232.14,7835,8000.41,8935.53071477,71681139.862327,8022.0349692091
2018-04-15,8003.39,8417,8001.23,8354.22,7542.84081564,62269321.050527,8255.4202816281
2018-04-16,8353.43,8424.99,7905,8048.15,10866.60295749,87993966.210642,8097.6517274877
2018-04-17,8054.68,8160.85,7806.81,7890.87,9277.15121538,74462014.273664,8026.3879013008
2018-04-18,7890.87,8235,7870.35,8172.84,9227.20459808,74525247.423281,8076.6874334605
2018-04-19,8172.83,8297.99,8074.44,8271.31,9436.84632763,77478927.09225,8210.256308339
2018-04-20,8273,8934,8216.9,8861,16059.62267134,136267900.23543,8485.1246523128
2018-04-21,8865.78,9023.4,8608,8920.71,15336.30792743,134950187.05403,8799.3921152734
2018-04-22,8924.93,9036.52,8760,8789.96,9346.45175925,83089020.810015,8889.8999267592
2018-04-23,8781.7,9006.39,8771.22,8946.95,10286.1177149,91446649.756223,8890.2978063102
2018-04-24,8942,9737.16,8930,9648,20460.50898304,190711801.44706,9320.9705391561
2018-04-25,9648.36,9755.53,8751,8864.99,33035.90404482,303220038.55606,9178.4997966055
2018-04-26,8855.07,9326.79,8647.29,9274.48,20042.96970211,178009104.46869,8881.3737242717
2018-04-27,9277.32,9387.82,8901.09,8921.43,11375.51437547,104644754.13741,9199.1228425732
2018-04-28,8916.54,9442.34,8854.47,9345.11,15558.40230193,143728558.94878,9238.00247349
2018-04-29,9352.97,9538.75,9180,9393.99,10940.71803063,102349678.47088,9354.9324810618
2018-04-30,9396.32,9443.96,9111,9242.17,8085.68829456,74978446.896002,9272.9826038987
2018-05-01,9243.51,9249.99,8815.91,9066.9,12138.2639605,109028331.06583,8982.2013609711
2018-05-02,9066.9,9259.16,8975.23,9222,10575.17497792,96344037.238708,9110.3965125745
2018-05-03,9220,9799.99,9165.19,9732.43,11670.79957863,109943721.45048,9420.4103763199
2018-05-04,9737,9784.73,9527.38,9696.57,7326.05207111,70716940.700585,9652.8034491394
2018-05-05,9689,9948.98,9670.68,9823.28,7403.10502352,72754286.992702,9827.5367918675
2018-05-06,9827.04,9918.41,9375,9623.54,8155.5768566,78150008.853271,9582.4011259274
2018-05-07,9621.99,9634.5,9175,9359.52,13616.3485933,127010639.84781,9327.804659048
2018-05-08,9356.79,9450,9015,9167.69,11418.31053651,105415298.02853,9232.1274405229
2018-05-09,9181.52,9368.79,8974.62,9308.49,11368.83432539,104305920.46484,9174.7242927007
2018-05-10,9308.49,9393,8987.74,9020.99,11764.9775057,108645338.13022,9234.6405318313
2018-05-11,9007.19,9018.38,8351,8411.42,20383.92660992,177279927.97773,8697.0450478102
2018-05-12,8408.79,8652.8,8208.81,8481.6,15464.92940302,130051000.66483,8409.4144419071
2018-05-13,8481.72,8775.9,8335.56,8696.58,9835.22450915,84280724.776146,8569.2730956713
2018-05-14,8696.54,8900.9,8286.57,8674.36,18861.93709627,162135043.55328,8595.8850740382
2018-05-15,8674.53,8865,8400,8474.99,12391.83198691,107036084.45844,8637.6319959397
2018-05-16,8481.99,8505.33,8100.01,8346.59,12705.12321984,105058169.86022,8268.9611145338
2018-05-17,8337.77,8500,7980,8067.03,8259.12452442,68210896.571913,8258.8531472352
2018-05-18,8058.16,8275.1,7929.53,8248.87,7181.20388348,58093499.641613,8089.6602553304
2018-05-19,8248.99,8395,8141.08,8231.2,3784.07576637,31243933.28343,8256.688082491
2018-05-20,8225.55,8590,8170.71,8518.48,5314.99889979,44509496.316357,8374.3190084415
2018-05-21,8518.64,8589.1,8320,8391.76,6126.97105348,51780405.448333,8451.2241034537
2018-05-22,8403.23,8417.65,7951.41,7984.08,9101.06078693,74532297.792873,8189.4077556222
2018-05-23,7983.98,8032.01,7435.49,7502.89,17635.90129337,136149933.05614,7720.0439484953
2018-05-24,7509.99,7733.99,7267.24,7586.88,11648.36524358,87486613.440623,7510.6344633932
2018-05-25,7579.3,7661.07,7328.13,7471.18,10088.84331121,75352118.704518,7468.8560799425
2018-05-26,7459.21,7622.87,7276.04,7335.99,4043.55765023,30225159.429777,7474.8926673662
2018-05-27,7335.99,7412.57,7213.09,7347.39,3144.45110906,22995002.755005,7312.8829030767
2018-05-28,7348.64,7445,7084.99,7112.5,6583.63252959,47652142.656412,7237.9712024085
2018-05-29,7112.2,7537,7026.9,7469.45,11049.92099287,80814280.448517,7313.5618345744
2018-05-30,7469.45,7559,7273.89,7375.73,8940.4540053,66460464.14776,7433.6788834618
2018-05-31,7375.64,7601.23,7330.22,7492.28,7339.00726931,55144260.571674,7513.8582846585
2018-06-01,7492.28,7620.01,7348.45,7511.6,6762.6275727,50587954.658106,7480.5176115751
2018-06-02,7511.72,7700,7438.92,7642,4012.16875521,30475405.253635,7595.7436271993
2018-06-03,7642,7790.69,7581.03,7703.67,4729.21008365,36376196.764804,7691.8124002494
2018-06-04,7712.97,7764.44,7449.68,7488.26,6990.5513527,52874207.371109,7563.6676856236
2018-06-05,7494.99,7685,7360,7617.98,9968.45508961,74707307.076638,7494.3716358319
2018-06-06,7617.98,7695.46,7482.61,7658.57,7058.05577232,53677946.082366,7605.2028793649
2018-06-07,7658.99,7750,7618.99,7689.28,7545.00925066,58063422.603267,7695.606549215
2018-06-08,7676.41,7697,7542,7618.11,4676.55832777,35622819.627735,7617.3153697672
2018-06-09,7618.11,7686.45,7468.31,7492.7,2713.78104511,20619323.124414,7598.0054328879
2018-06-10,7498,7498,6627.7,6781.17,14392.69540615,100255171.17237,6965.6981088847
2018-06-11,6781.17,6919.97,6634.86,6880.61,11409.52423218,77070641.464822,6754.9391102083
2018-06-12,6880.76,6880.76,6461.42,6557.67,8827.5994997,59092996.238455,6694.118399964
2018-06-13,6557.66,6624.45,6120,6307.4,19190.50457858,122786788.14039,6398.3095200861
2018-06-14,6308.49,6708.1,6270.69,6646.1,14185.83821156,92121861.874811,6493.9315182476
2018-06-15,6638.8,6666.66,6370,6390.6,7132.20678871,46685086.334257,6545.6720082987
2018-06-16,6390.6,6557.81,6333.63,6487.92,3553.69972603,22957650.667517,6460.2111707294
2018-06-17,6487.92,6575.35,6429.23,6453.41,2828.75680848,18412428.551428,6509.0178470738
2018-06-18,6451.03,6793,6381.25,6707.5,5940.1743975,38916063.792531,6551.3335448383
2018-06-19,6711.3,6841.81,6660.21,6736.52,5443.67979628,36644831.797267,6731.6288188569
2018-06-20,6728.44,6809.26,6558.95,6756.58,5193.76884592,34692917.89942,6679.7192806671
2018-06-21,6756.6,6792.2,6677.85,6718.33,4837.32442832,32564408.829617,6731.9050669765
2018-06-22,6718.33,6737.97,5940,6050.45,18544.14405465,116516606.03223,6283.2021628418
2018-06-23,6055.17,6261,6048.54,6177.38,4585.87147205,28145734.061221,6137.4886393488
2018-06-24,6169.91,6255.05,5780,6153.4,11423.59392896,68399360.494465,5987.5518089859
2018-06-25,6153.6,6365.34,6075.01,6253.61,9689.68930701,60122649.660111,6204.8067543936
2018-06-26,6252.28,6277,6025.68,6068,7751.62208792,47951768.391144,6186.0302072609
2018-06-27,6073.99,6181.11,5985,6135.64,7446.86155074,45361890.93585,6091.4105394295
2018-06-28,6135.64,6165.49,5818.14,5848.33,8878.39857291,53453287.60247,6020.6001300243
2018-06-29,5845.2,6299,5774.72,6204.24,12067.37316767,71636732.304499,5936.3981961229
2018-06-30,6204.01,6510,6190.28,6385.71,6915.08887702,44052425.650287,6370.4785916318
2018-07-01,6385.75,6438.55,6259.34,6349.99,4160.70556721,26417260.536516,6349.2261371982
2018-07-02,6345.48,6667.57,6270.69,6612.98,8799.80247408,57156646.607717,6495.219270668
2018-07-03,6605.46,6666,6464.39,6507.99,5924.86541706,39007361.174037,6583.6704175118
2018-07-04,6507.99,6792.28,6413.2,6584.25,6706.7340062,44104610.984128,6576.1682129268
2018-07-05,6575.62,6700,6445.31,6533.69,7692.21577694,50623962.161396,6581.1937196508
2018-07-06,6533.69,6636.15,6449.76,6596.53,5457.67218749,35714562.198309,6543.9185373159
2018-07-07,6604.74,6820,6510,6759.99,4842.79587112,32039126.134669,6615.8324627586
2018-07-08,6755.46,6783.54,6674.6,6706.6,5145.84575684,34673975.49939,6738.2461771809
2018-07-09,6706.6,6814.72,6620,6666.75,7165.2172333300005,48058466.976547,6707.1891069814
2018-07-10,6666.75,6683.9,6270.84,6299.46,9163.01977492,59079611.202293,6447.6136310433
2018-07-11,6304.45,6400,6285,6380,6370.13680136,40422766.091961,6345.6668753693
2018-07-12,6379.13,6380,6072,6243.88,7792.46685782,48264011.743165,6193.6755874336
2018-07-13,6243.53,6337.25,6121.01,6215.59,5901.29571452,36792068.820631,6234.5746765587
2018-07-14,6208.78,6317.84,6180,6243.98,2584.7339623,16131386.29086,6241.0238446767
2018-07-15,6245.99,6397.21,6227.76,6349.3,3556.29310719,22531808.77321,6335.7569508699
2018-07-16,6353.25,6755,6333.63,6721.04,9404.05647649,61776752.477159,6569.1600886915
2018-07-17,6721.21,7468.31,6657.95,7310.71,12703.29651293,89443629.794608,7040.9778834626
2018-07-18,7310.71,7599.98,7239.15,7374.88,13347.87637571,99059622.369534,7421.3769727295
2018-07-19,7384.92,7570.9,7278.84,7471.42,8803.25309749,65189565.066642,7405.1676516297
2018-07-20,7474.35,7696.88,7265,7330.84,9379.17143244,69721139.87872,7433.6139797566
2018-07-21,7330.84,7458,7212,7409.92,4049.81022253,29657027.945896,7323.0660984822
2018-07-22,7398.16,7581.03,7336.15,7396.6,5107.9788128,38059816.237855,7451.0520956902
2018-07-23,7393.5,7800,7369.86,7719.62,12572.45317131,96571278.239431,7681.1801900208
2018-07-24,7712.46,8496.96,7691.14,8403.83,18707.41156484,151310569.72808,8088.2686096706
2018-07-25,8394.48,8475,8049.22,8174.06,10348.06857767,85270824.577993,8240.2647351988
2018-07-26,8174.06,8314.23,7855.97,7926,8091.87166049,65857948.717877,8138.778206214
2018-07-27,7926,8274.98,7798.48,8183.05,8701.76587806,69758485.994232,8016.5896177598
2018-07-28,8177.72,8259,8051.43,8237.74,2765.6804906,22600879.914651,8171.9056092947
2018-07-29,8231.07,8299.99,8109.74,8216.74,3980.2794076,32668116.626822,8207.4933142745
2018-07-30,8216.74,8295,7853.01,8160.21,11785.89207823,95521277.828324,8104.7134314731
2018-07-31,8162.28,8162.37,7633.67,7725.43,11994.08614156,94080198.797657,7843.8822005509
2018-08-01,7726.85,7761.56,7440,7602.01,11406.76843741,86275617.406894,7563.5459666159
2018-08-02,7600.22,7709.98,7455,7536.37,5262.23613199,39925363.018519,7587.1477480468
2018-08-03,7535,7542.92,7286.41,7416.98,9585.77930917,70899644.260125,7396.3359653294
2018-08-04,7416.98,7494.48,6926,7009.99,6831.75139028,48822594.492831,7146.4243506129
2018-08-05,7009.94,7086.8,6888.88,7032.61,6039.1351446,42187260.050822,6985.6459643141
2018-08-06,7028.89,7157.93,6835.06,6936.11,7317.64296455,50894029.068912,6954.9757094554
2018-08-07,6932.18,7155,6671,6717.68,10039.39296375,69592717.09269,6931.9646460671
2018-08-08,6717.67,6717.68,6121,6283.59,14668.56802221,94168057.743414,6419.7171530876
2018-08-09,6283.89,6627,6190.01,6543.76,9484.88670496,60575830.63662,6386.5634372778
2018-08-10,6544.98,6584.05,5995.75,6139.99,14096.00988894,89098710.776522,6320.846216661
2018-08-11,6139.99,6494.13,6000,6239.98,6818.37504816,42379946.31816,6215.549308863
2018-08-12,6240.49,6493.77,6163.44,6310.82,7169.89323056,45228549.69904,6308.120392402
2018-08-13,6311.99,6544.37,6142.2,6252.63,8896.68083746,56397569.359469,6339.1696734814
2018-08-14,6252.63,6254.02,5880,6193.62,14235.27018218,86043410.14489,6044.3819501649
2018-08-15,6194.3,6628.5,6186.02,6272.3,12501.11334781,80080675.524415,6405.8834838454
2018-08-16,6273.34,6477.57,6208.37,6313.51,7099.2611636,45050489.219157,6345.7996798517
2018-08-17,6314.08,6584.49,6290.64,6580.15,6635.58158998,42963411.49332,6474.7017138929
2018-08-18,6578.13,6615,6303,6399.28,3496.80232127,22509757.300377,6437.2404363429
2018-08-19,6397.37,6545,6312,6481.99,3138.71131829,20144658.349315,6418.1303428345
2018-08-20,6481.63,6522.99,6223.9,6260.82,6254.82080784,40034740.54889,6400.6215012122
2018-08-21,6260.83,6513.28,6246.05,6479.27,5655.04172504,36215468.250527,6404.1027478486
2018-08-22,6478.99,6906.81,6250,6355.76,11955.65069577,78180267.294757,6539.1896504987
2018-08-23,6355.97,6575.99,6344.8,6525.01,4028.43387247,25923311.053678,6435.084172744
2018-08-24,6525.99,6721.09,6445.32,6692.94,6374.54257854,41835350.6503,6562.8788473606
2018-08-25,6692.99,6800,6664.25,6732.4,4980.64928331,33427519.444626,6711.4782718472
2018-08-26,6732.99,6775.34,6558.95,6700.46,3475.7202496,23147173.648444,6659.6768399609
2018-08-27,6700.13,6944.47,6641.35,6904.51,5863.68824836,39516728.822046,6739.2274534886
2018-08-28,6911.7,7125.28,6861.17,7080.94,8222.24765235,57566051.747796,7001.2549100662
2018-08-29,7079.46,7124.06,6890,7032.96,5730.97892652,40314346.329317,7034.4607520302
2018-08-30,7034.47,7055.97,6792.85,6984.01,6875.26197217,47500189.242379,6908.8551730323
2018-08-31,6984.34,7101.03,6879,7017.35,5790.38050638,40424258.592437,6981.2784406648
2018-09-01,7015.78,7300.18,7015.22,7185.01,4590.45724112,32867138.355984,7159.8833470377
2018-09-02,7195.8,7334.5,7130.63,7290.31,3297.68658519,23897118.979874,7246.6313467133
2018-09-03,7291.94,7340.08,7184,7258.99,2829.87707292,20542456.312291,7259.1338008524
2018-09-04,7261.29,7411.85,7231,7361,4531.14780379,33221323.527008,7331.7677916444
2018-09-05,7353.48,7387,6650,6679.3,12408.79698551,87114382.021463,7020.3728953893
2018-09-06,6671.95,6705.59,6253.29,6493.09,14674.0236716,94114515.669238,6413.681603321
2018-09-07,6488.01,6525,6322,6400,6541.96747088,42087646.998997,6433.4846032695
2018-09-08,6401.01,6465.46,6113.23,6178.31,4284.19484304,26909063.899311,6281.0084240277
2018-09-09,6178.31,6451.51,6094.38,6236.04,4104.31379555,25806798.060559,6287.7253899396
2018-09-10,6238.99,6351.13,6223.9,6301.99,5371.72530672,33758141.373694,6284.4131905745
2018-09-11,6303.99,6405,6162.06,6279.99,7076.79725968,44475428.531287,6284.6831552863
2018-09-12,6274.6,6350,6192.89,6322.45,4282.15960066,26839702.050973,6267.7958212572
2018-09-13,6326.83,6537.46,6324.37,6485.7,6985.34747474,45125974.320377,6460.090136326
2018-09-14,6482.95,6587,6384.36,6476.51,4598.02098322,29850883.836419,6492.1156178618
2018-09-15,6476.51,6570.1,6466.74,6520.15,1328.81956289,8662492.7601361,6518.9383134128
2018-09-16,6521.49,6524.84,6349.47,6499.98,1098.62806031,7093170.7075291,6456.3895314376005
2018-09-17,6499.28,6530.24,6200,6254.52,4386.88772482,27739081.671651,6323.1802160584
2018-09-18,6251.49,6390,6226.63,6332.34,4196.47314808,26460916.639972,6305.5131550355
2018-09-19,6330,6510,6100,6388.4,7232.08338006,45772818.068971,6329.133067682
2018-09-20,6388.4,6535.11,6333.63,6492.98,5177.64510387,33213278.942085,6414.7461395645
2018-09-21,6492.98,6775.34,6483.83,6749.45,8569.98587321,57182294.26033,6672.3907257634
2018-09-22,6748.85,6826.28,6624.79,6710.01,5491.80951385,36794402.75511,6699.8687158243
2018-09-23,6710.01,6774.91,6659,6702.22,3248.80491931,21797274.995451,6709.3209770441
2018-09-24,6703.37,6721.68,6550.96,6581.52,4030.72562001,26700208.63952,6624.1692331947
2018-09-25,6578.7,6579.59,6324.96,6428.99,8206.61700477,52637968.010343,6414.0885312118
2018-09-26,6428.09,6540,6379.44,6461.51,4295.92674134,27796306.365529,6470.3864938019
2018-09-27,6454.32,6736.85,6431.95,6681.62,5664.85211251,37174589.123744,6562.322967205
2018-09-28,6684.5,6792.28,6525.67,6610.76,7642.04936428,50899264.335568,6660.4207731866
2018-09-29,6609.02,6609.02,6454,6579.38,3382.01592212,22128320.870743,6542.9381115603
2018-09-30,6574.29,6628.06,6510,6597.81,2482.69507513,16324644.281305,6575.3722415751
2018-10-01,6597.79,6638.15,6477.57,6571.2,4796.040132,31458261.984518,6559.2157527255
2018-10-02,6569.32,6597,6447.28,6500,4116.13342419,26864363.523722,6526.6017291479
2018-10-03,6500,6510,6396.34,6456.77,4774.76328174,30760590.454145,6442.3278472846
2018-10-04,6454.81,6604.89,6450.58,6547.56,3832.70048916,25105506.154758,6550.3438700113
2018-10-05,6548.83,6641.35,6510,6582.12,3807.26928181,24952327.059077,6553.8645186701
2018-10-06,6582.11,6595.69,6526.28,6544.08,2022.78075908,13254229.651207,6552.479596076
2018-10-07,6547.93,6600,6493.92,6577.63,2455.65659087,16093496.638956,6553.6430048041
2018-10-08,6574.15,6656.63,6541.06,6604.75,4079.04424933,26896727.814929,6593.8798823639
2018-10-09,6604.76,6623.14,6553.13,6588.8,2254.95026959,14848937.23374,6585.0397829127
2018-10-10,6588.72,6589.79,6387.91,6517.55,5177.06675956,33606177.893108,6491.354941686
2018-10-11,6517.55,6520.43,6055.28,6152.76,9616.23958351,59646337.389694,6202.6675678896
2018-10-12,6152.76,6243.79,6109.79,6185.15,3246.3815572,20109494.405411,6194.4334179732
2018-10-13,6182.03,6219.77,6168.83,6199.69,1954.04680593,12104441.162531,6194.5502665534
2018-10-14,6201.23,6349.47,6143.08,6183,2525.73820085,15747443.032393,6234.788319349
2018-10-15,6185.04,6756,6149.28,6441.74,16895.88930388,109101087.18601,6457.2562724448
2018-10-16,6438.2,6493.77,6386.4,6461.2,4703.09390629,30285390.61224,6439.4611750652
2018-10-17,6457.67,6465.39,6407.69,6437.29,2961.26337446,19059528.808307,6436.2828962429
2018-10-18,6440.07,6490,6350,6396.18,3823.16928503,24539602.733781,6418.654499519
2018-10-19,6394.23,6412.4,6355.99,6383.46,2290.0590117,14619039.588156,6383.6955787894
2018-10-20,6380.47,6424.16,6363.02,6412.86,1261.97849549,8074213.5893554,6398.0595693276
2018-10-21,6412.86,6470,6401.01,6413.38,1541.01151749,9913980.556287,6433.4240489227
2018-10-22,6412.62,6429.23,6372.53,6406.06,2407.5354618,15414714.100015,6402.6945166949
2018-10-23,6409.39,6421.58,6354.26,6393.41,2851.00556658,18228502.552929,6393.7099129537
2018-10-24,6396.24,6473,6393,6411.96,3535.33808825,22732295.197639,6430.0201650279
2018-10-25,6411.96,6422.73,6361.73,6393.53,3046.60380599,19490730.256043,6397.5270488803
2018-10-26,6393.38,6450.3,6377.81,6406.1,3323.82631782,21303202.370989,6409.2405360583
2018-10-27,6406.1,6420.01,6381.25,6407.66,890.1271569,5701110.6225899,6404.8271962006
2018-10-28,6407.66,6420,6383,6405.57,839.29766473,5373482.2976551,6402.3558309121
2018-10-29,6404.27,6420,6208.37,6266.52,5190.82201499,32694346.112745,6298.4910710348
2018-10-30,6266.47,6289,6240,6269.46,2523.57742936,15805196.340795,6263.0122448047
2018-10-31,6269.45,6350,6199.25,6303.27,5148.08262352,32332283.685171,6280.4515874424
2018-11-01,6304.5,6365.33,6288.01,6340.99,2190.97047686,13838359.443728,6316.0866793424
2018-11-02,6343.85,6381.25,6328.33,6350.43,2678.06948097,17012019.31904,6352.3442688568
2018-11-03,6350.05,6351.74,6312.48,6335,1084.13861953,6864460.6510394,6331.7185896535
2018-11-04,6333.59,6475,6310.57,6421.76,2673.81391399,17116581.480768,6401.5604792877
2018-11-05,6428.23,6441.43,6369.89,6403.2,2335.48865475,14954709.152859,6403.246328105
2018-11-06,6404.97,6460.01,6378.24,6447.5,4270.33460011,27417937.887794,6420.559617761
2018-11-07,6448.17,6544,6442.47,6501,4800.82491273,31247977.059043,6508.8766258034
2018-11-08,6501,6511.27,6388.88,6405.49,3966.97303181,25570494.648509,6445.8453444141
2018-11-09,6405.49,6418.18,6307,6325,3218.12902607,20476250.469872,6362.7810768288
2018-11-10,6325,6377.26,6323,6349.32,1523.39384996,9677159.3716881,6352.3686746814
2018-11-11,6349.39,6365,6269.46,6357.54,1718.26855567,10854216.523612,6316.9499830484
2018-11-12,6352.57,6388.21,6298.5,6318,3526.03903239,22378566.050298,6346.6586287702
2018-11-13,6318.01,6328.36,6244.35,6260.91,3630.56272124,22827592.593446,6287.6182967168
2018-11-14,6255.86,6298.47,5324,5595.91,25121.93301356,143987644.21815,5731.5511565303
2018-11-15,5592.23,5641,5199.8,5585,19945.90828161,108872516.91951,5458.388526728
2018-11-16,5571.12,5610,5411.74,5508.71,8074.6055758,44657465.077811,5530.6063755797
2018-11-17,5514.62,5550.66,5452.63,5503.36,2732.79162871,14991835.836221,5485.9052108916
2018-11-18,5503.36,5658.47,5500,5559.26,2576.4553201,14290586.724484,5546.6076252117
2018-11-19,5553.01,5559.69,4694.44,4735.44,28910.66553331,147178633.81369,5090.8075306711
2018-11-20,4732.92,4897.36,4048.58,4352,39775.38943928,177352795.25094,4458.8575435996
2018-11-21,4349.41,4635,4242.33,4538.01,20678.25000596,92027869.728154,4450.4670221914
2018-11-22,4551.47,4589.53,4194.98,4275.23,10258.46172893,45481714.048312,4433.5803213115
2018-11-23,4268.4,4364.46,4061.02,4288.26,13322.77736822,56383826.96333,4232.13759451
2018-11-24,4288.25,4376.88,3638.48,3785.65,14236.74417437,56563010.217742,3973.0298953865
2018-11-25,3780.67,4120,3474.73,3938.89,26969.94763424,101709290.05751,3771.2082884575
2018-11-26,3934.22,4069.59,3522.28,3727.34,24357.88293934,92772590.946442,3808.7296493492
2018-11-27,3727.34,3834.35,3548.76,3771.01,16814.00296565,62225242.10145,3700.7988061245
2018-11-28,3771.01,4355.08,3771,4220.16,22983.71348838,94257707.801573,4101.0652107732
2018-11-29,4219.77,4409.77,4086.97,4249.8,15944.01262628,67532605.267856,4235.6091186571
2018-11-30,4250,4300,3861,3971.06,14364.62144791,58011049.464662,4038.4669846697
2018-12-01,3970.56,4264.47,3904.34,4140.39,6412.23253743,26273733.313182,4097.4392553319
2018-12-02,4140.4,4265,4030,4102.05,7019.16205825,28949962.291497,4124.4185632487
2018-12-03,4099.63,4115.15,3747,3834.34,10726.6773046,41858808.866218,3902.3089515583
2018-12-04,3830.81,4033.98,3730,3903.52,12249.9368879,47819573.301101,3903.6587485063
2018-12-05,3903.52,3913.62,3662.35,3696.69,13443.22072621,50827904.386921,3780.9320714211
2018-12-06,3694.03,3844.79,3415.22,3437.26,15480.96697218,56597884.497235,3655.9657157685
2018-12-07,3437.22,3531,3210,3380.68,26513.2316249,88893035.82276,3352.7801167503
2018-12-08,3376.27,3495.99,3241,3398.8,10176.34927433,34421391.564428,3382.4892047737
2018-12-09,3398.8,3633.2,3371.09,3529.75,8011.02295177,27994455.415971,3494.4919749339
2018-12-10,3528.68,3588.43,3355,3408,10375.26877055,35762233.989453,3446.8730189393
2018-12-11,3406.41,3427.27,3292.65,3353.42,8951.71070828,30055511.534198,3357.5159557377
2018-12-12,3345.01,3490,3325.7,3430.18,7284.10378196,24838992.743853,3410.0272988106
2018-12-13,3430.2,3441.13,3221.14,3262.73,11715.01908312,39159173.135913,3342.6469780435
2018-12-14,3263.55,3294.81,3135.55,3195.75,14437.50526664,46477267.848887,3219.2035251603
2018-12-15,3194.04,3230,3122.28,3179.54,5814.86853241,18443151.400227,3171.7228510724
2018-12-16,3180.84,3259.43,3178.23,3193.78,6033.50714633,19434090.501609,3221.0271787661
2018-12-17,3191.41,3590,3181.26,3496.73,16389.79444903,55606991.775985,3392.7815232165
2018-12-18,3499.37,3684,3422.77,3667.16,13792.36427592,48496928.948985,3516.2157827904
2018-12-19,3667.16,3924.01,3642.69,3684.5,21125.61437541,79545514.14866,3765.3586179842
2018-12-20,3684.03,4172.07,3656.75,4073.77,25986.85291601,103366906.75159,3977.6615924088
2018-12-21,4073.58,4162,3770,3841.08,16967.23460506,67233453.95901,3962.5463738775
2018-12-22,3842.59,4010.16,3780.09,3980.9,7697.59815203,29734295.274739,3862.8017061266
2018-12-23,3977.65,4051,3900,3943.83,4609.89261726,18332110.094024,3976.6891804349
2018-12-24,3947.82,4236.84,3944.84,4036,12017.91713092,49649616.362971,4131.2996105815
2018-12-25,4034.54,4049.23,3674.73,3779.99,11801.43441841,44622786.993352,3781.1324802806
2018-12-26,3780,3863.34,3678.8,3810.01,10064.18282348,37995283.759144,3775.2974509266
2018-12-27,3810.01,3841.17,3566,3591.69,11850.0123819,43869266.602335,3702.0439463288
2018-12-28,3590.26,3970,3575,3884.97,13055.71840689,48891063.491801,3744.8007048007
2018-12-29,3884.66,3961.85,3702.51,3725.48,6901.3823318,26691913.7049,3867.6184598425
2018-12-30,3728.96,3870,3688.76,3835.79,5736.45370818,21721262.521226,3786.5314750561
2018-12-31,3831.03,3842.89,3630,3693.3,6667.16373743,25010761.82447,3751.3345718597
2019-01-01,3693.85,3845.46,3629.66,3823.44,5149.60627729,19109447.537817,3710.8560361383
2019-01-02,3825.41,3918.67,3770,3885.87,5534.46951453,21204092.852123,3831.2782817674
2019-01-03,3890.27,3893.4,3760,3787.81,4803.2461092,18338723.898302,3817.9854792734
2019-01-04,3785.64,3850.33,3732.38,3817.71,7452.05894356,28220044.671852,3786.8788861687
2019-01-05,3822,3887.09,3780,3791.84,3656.37531439,14020879.431406,3834.6390142789
2019-01-06,3795.38,4090,3753,4040.71,5400.71486407,21427648.650879,3967.5578493198
2019-01-07,4040.71,4070,3964.01,4005.45,7445.09600426,29916081.13931,4018.2263764219
2019-01-08,4005,4112,3934.73,3994.9,11819.98676966,47481852.765579,4017.0817185225
2019-01-09,3994.75,4060,3948.44,4002.13,7390.13399203,29620536.329111,4008.1189814767
2019-01-10,4003.09,4036.22,3503.44,3627.51,16118.42088248,60604856.020541,3759.9747805578
2019-01-11,3627.65,3704.6,3569.85,3632.02,10571.08164263,38424235.357152,3634.844253042
2019-01-12,3631,3650.35,3557.09,3617.13,3184.35219414,11535036.600446,3622.412314088
2019-01-13,3617.75,3654.02,3476,3515.95,5908.52280454,20934352.446307,3543.0772020075
2019-01-14,3517.03,3714,3506,3664.28,9925.99072165,35847383.457036,3611.4665490114
2019-01-15,3664.28,3687.02,3534.68,3576.93,8059.8173777,29241212.439476,3628.0241932504
2019-01-16,3576.92,3669,3570.48,3605.91,7675.06606371,27663336.537481,3604.3124981401
2019-01-17,3609.5,3660,3534.25,3638.01,7499.52552971,27014864.267905,3602.2097879237
2019-01-18,3638.01,3641.9,3577,3609.21,5023.5102908,18143547.923638,3611.7270341549
2019-01-19,3609.29,3774,3602.6,3681,4080.88346413,15092405.403501,3698.318154919
2019-01-20,3680,3703.27,3470,3536.72,5591.01583422,19980428.346778,3573.666921937
2019-01-21,3537.42,3573.29,3485.58,3531.51,5821.89983137,20586618.857254,3536.0654517495
2019-01-22,3531.51,3615.8,3401.36,3576.81,6877.0636755,24400934.496931,3548.1617807118
2019-01-23,3574.44,3620.23,3518,3552.32,6170.84267224,21996453.74636,3564.5786020948
2019-01-24,3553.2,3598,3524,3570.73,4488.0146380100005,15953466.428686,3554.6823518739
2019-01-25,3570.67,3578.79,3511,3560,4961.79512299,17617604.177249,3550.6512744992
2019-01-26,3560.94,3657.89,3536.51,3555.56,2697.88387935,9670775.2783597,3584.5780288697
2019-01-27,3555.31,3564.12,3456,3533.23,3852.6596409,13626083.661447,3536.7992326111
2019-01-28,3532.23,3536.77,3357.3,3429.5,10345.1009104,35519461.330011,3433.4572120319
2019-01-29,3431.43,3438.76,3322.19,3390.5,7284.38686266,24704685.920783,3391.4571516541
2019-01-30,3391.25,3465.05,3372.34,3437.35,5704.02340186,19556298.636345,3428.5095376656
2019-01-31,3438,3474.2,3392.6,3413.11,5951.8181698,20359058.481256,3420.6452382164
2019-02-01,3413.69,3460,3364.53,3434.83,6659.84752495,22735654.443933,3413.8400854912
2019-02-02,3434.83,3485,3406.38,3462.82,3051.95860768,10489394.683932,3436.9387112709
2019-02-03,3470.5,3476.33,3384.67,3414.82,2813.89222442,9626058.8396311,3420.9053055027
2019-02-04,3413.75,3439.46,3394.85,3410.87,3244.08497898,11074078.676703,3413.6216370587
2019-02-05,3409.81,3435,3396,3431.39,4045.62530164,13840265.565693,3421.0448407277
2019-02-06,3431.81,3445.6,3328.7,3364.62,6137.40639817,20699744.760526,3372.7186074395
2019-02-07,3364,3383.29,3350,3359.33,4293.5558141,14448057.456028,3365.0563965143
2019-02-08,3358.39,3711.04,3337.91,3622.94,14388.64754224,50248129.154255,3492.2065473315
2019-02-09,3626.12,3639.74,3589.52,3622.62,4054.50461695,14659227.171981,3615.5408753754
2019-02-10,3622.74,3662.43,3576.16,3650.37,4155.50568273,14996011.735424,3608.7092354961
2019-02-11,3651.32,3652.56,3578.7,3588.7,7931.40887407,28525625.694947,3596.5395490081
2019-02-12,3588.99,3619.93,3548.28,3585.94,10074.81670532,36046410.86658,3577.872622491
2019-02-13,3585.7,3629.81,3541,3574.93,7992.74321134,28613304.74452,3579.9104247368
2019-02-14,3575.01,3590.74,3531.01,3560.46,5910.24312876,21082913.212968,3567.1820521859
2019-02-15,3560.45,3620.53,3544.88,3566.29,6234.76805726,22272512.647559,3572.3081344821
2019-02-16,3566.29,3609,3561.96,3579.92,3442.47630393,12350121.591223,3587.5690929589
2019-02-17,3580.43,3663.34,3553.98,3625.6,5012.46127538,18011276.280984,3593.2998364399
2019-02-18,3625.6,3916.47,3614.82,3869.8,15567.08485429,58674557.93403,3769.1422949918
2019-02-19,3870.97,4000,3840.08,3888.46,12525.13651013,48910408.176585,3904.9800484831
2019-02-20,3889.92,3967.52,3861.49,3936.53,9854.35493853,38561744.9869,3913.1678559827
2019-02-21,3936.8,3989.99,3866.25,3900.4,8055.79892817,31475910.644637,3907.2363803136
2019-02-22,3900.64,3957,3882.59,3939.82,6593.85993401,25879991.768793,3924.8622245232
2019-02-23,3939.83,4157.87,3905.63,4113.53,7966.31721086,32028687.871303,4020.5137485161
2019-02-24,4113.56,4190,3714.42,3730.68,13737.01398845,53603410.049271,3902.1151244616
2019-02-25,3733.78,3861.81,3732.6,3820.71,8835.36224921,33543603.924853,3796.5171069078
2019-02-26,3817.93,3830,3760.09,3795.06,6543.16453722,24837831.571854,3795.9967887964
2019-02-27,3794.42,3822.85,3658.19,3798.47,7602.29984472,28706835.351447,3776.0724961913
2019-02-28,3796.49,3897.62,3755,3791.36,6747.88027166,25746719.71534,3815.5270512833
2019-03-01,3791.02,3845.3,3789.5,3807.05,4761.41015902,18170862.428681,3816.2774938131
2019-03-02,3805,3818.75,3760,3810.46,3259.74312485,12393751.743406,3802.0639261187
2019-03-03,3810.47,3822.39,3756,3789.52,2508.08649072,9523416.4229435,3797.0845336397
2019-03-04,3789.7,3806.9,3670,3698.66,7293.71962839,27105164.094072,3716.2333452698
2019-03-05,3698.65,3877.1,3690,3844.07,7280.82397551,27498624.645562,3776.856127556
2019-03-06,3844.07,3895.12,3808.8,3851.55,6402.67507493,24600354.344838,3842.1994021159
2019-03-07,3851.26,3891.04,3826.13,3856.64,7964.50825371,30756305.290595,3861.6703393167
2019-03-08,3856.78,3924.37,3760.1,3844.64,7707.39667049,29803213.615286,3866.8327179003
2019-03-09,3841.27,3950.25,3835.66,3916.43,5125.89830383,19985226.611043,3898.8730221414
2019-03-10,3916.42,3916.43,3862,3897.92,3000.60671855,11673773.426072,3890.4710017156
2019-03-11,3898.14,3912.89,3812.64,3849.25,6612.11516125,25515157.451467,3858.8495253375
2019-03-12,3848.86,3877.69,3791.07,3859.74,5794.61473428,22283818.221575,3845.6082489398
2019-03-13,3861.37,3874.68,3820,3848.48,4275.54000025,16469275.854359,3851.975622587
2019-03-14,3848.1,3903.98,3775.01,3854.77,5167.56617609,19886126.849496,3848.2578010336
2019-03-15,3857.33,3912.06,3843.09,3901.21,6411.98332751,24876260.543419,3879.6514701918
2019-03-16,3899.19,4040,3899.12,3990,6959.47788339,27724833.658135,3983.7519599431
2019-03-17,3990,3992.42,3927.28,3965.5,2711.95016796,10744212.340622,3961.8030108216
2019-03-18,3965.63,4016.63,3929.83,3969.59,5420.23037801,21505812.161197,3967.693374888
2019-03-19,3969.94,4012.63,3947.15,3998.13,5317.45055524,21153639.862115,3978.1545013652
2019-03-20,3999.5,4050,3962.6,4031.59,6244.95370182,24964948.949653,3997.6195407786
2019-03-21,4033.7,4055.35,3919.63,3974.21,7561.75989694,30251309.866876,4000.5647202734
2019-03-22,3974.5,4000.81,3958.94,3982.07,3453.36892821,13748642.554385,3981.2261128761
2019-03-23,3980.4,4001.17,3957.11,3982.52,2259.5645261,8995643.7368622,3981.1404511597
2019-03-24,3979.19,3980.97,3942.04,3969.99,2204.06560941,8742092.0181728,3966.3483613416
2019-03-25,3970.23,3980.22,3850.45,3910.51,6913.36709721,27189380.941671,3932.8709960511
2019-03-26,3910,3936.36,3879.5,3922.58,4315.60487708,16861151.71637,3907.0193394949
2019-03-27,3922.58,4037.11,3912.19,4025.5,8151.67504888,32592640.136116,3998.275193832
2019-03-28,4025.5,4025.56,3992.6,4012.23,3927.54682157,15744777.98888,4008.8072031146
2019-03-29,4011,4102.57,4005,4090,8391.03462414,34098247.13969,4063.6522987992
2019-03-30,4090,4130.36,4040,4094.92,3923.1364664,16028640.274923,4085.6698236734
2019-03-31,4094.92,4101.7,4074.29,4096.08,2402.58820541,9822820.4101503,4088.4327942807
2019-04-01,4092.02,4150,4052.56,4136.32,7232.98731201,29807202.333951,4121.0085194616
2019-04-02,4133.93,5080,4130.64,4899.63,30686.17351442,144785689.15766,4718.2712138947
2019-04-03,4899.01,5345,4800.5,4978.23,29321.27268405,148435658.4112,5062.3879805853
2019-04-04,4972.83,5077.35,4778.59,4907.94,15898.11514808,78840978.393557,4959.1399772368
2019-04-05,4911.14,5067.62,4883.83,5039.73,13023.7465161,64917443.581105,4984.5444627515
2019-04-06,5041,5240,4900,5041.39,10049.84478829,51017111.456312,5076.4078979366
2019-04-07,5041.92,5253.49,5028.3,5190.85,10872.51935616,55878707.921444,5139.4443266532
2019-04-08,5192.92,5347.37,5127.68,5287.88,13344.98151487,69911564.036683,5238.7906239347
2019-04-09,5287.97,5288.95,5136.01,5192.6,9410.35350033,49074999.202523,5215.0006055354
2019-04-10,5184.03,5466.06,5161,5323.47,10723.93474696,56733870.626023,5290.3968519676
2019-04-11,5323.47,5344.31,4966.87,5040.2,15052.95606333,77058519.384806,5119.1619148166
2019-04-12,5037.82,5122.48,4912,5076.35,8057.03847684,40611392.583746,5040.4863648702
2019-04-13,5075.74,5122.01,5033.73,5063.63,4520.43702971,22996133.339409,5087.1482532041
2019-04-14,5064,5185.26,5012.73,5162.72,3443.44728316,17507405.650883,5084.26707634
2019-04-15,5160.54,5192.01,4948.57,5027.31,7423.01375858,37886833.044323,5103.9691258191
2019-04-16,5027.33,5231.96,5014.77,5202.43,7675.40412015,39252097.870724,5114.0105792835
2019-04-17,5201.47,5275.07,5170.01,5233.72,6741.07720986,35182213.532752,5219.0788560161
2019-04-18,5227.6,5325,5218.23,5281.58,6375.89568714,33581379.579609,5266.927382037
2019-04-19,5283,5357.96,5180.37,5289.91,5285.60637017,27787551.0216,5257.2115809499
2019-04-20,5289.91,5362.97,5253.82,5318.89,3665.56962108,19479087.787234,5314.0684261496
2019-04-21,5318.94,5346.91,5212.8,5295.65,4631.03916752,24426951.871617,5274.615693803
2019-04-22,5295.96,5439.12,5249,5386.8,7127.11186779,38003121.437951,5332.1909551751
2019-04-23,5388.22,5627,5363.24,5531.32,10132.40317154,56135134.055668,5540.1599309965
2019-04-24,5531.29,5623.3,5372,5440.95,10521.03763127,57671142.739722,5481.5071251447
2019-04-25,5440.95,5510,4991.42,5132.55,9893.93590864,52721094.596164,5328.6270583302
2019-04-26,5132.5,5291.48,5046.31,5155.19,15033.1017793,77511527.50102,5156.0568563269
2019-04-27,5154.11,5218.31,5113,5168.91,4041.33355341,20859890.05744,5161.635331941
2019-04-28,5171.51,5213.23,5099,5160.98,3957.25435637,20435452.586173,5164.0482885002
2019-04-29,5152.98,5191.96,5071.58,5149.11,5753.61513714,29624138.313865,5148.786911839
2019-04-30,5150.21,5287.4,5127.05,5269,5055.2728357,26344656.303777,5211.3223479716
2019-05-01,5267.86,5357.96,5263.03,5318.42,4209.28441353,22327344.492317,5304.3088322922
2019-05-02,5322.28,5422.94,5304.99,5385,5908.52172325,31718265.128451,5368.2234938123
2019-05-03,5385,5796.56,5363.1,5658.22,12700.58899257,71710767.75869,5646.2552878959
2019-05-04,5659.82,5846.13,5510,5764.65,8525.45570755,48561070.882932,5696.0088174439
2019-05-05,5766.46,5782.55,5624.25,5709.32,5162.56182988,29525690.045663,5719.1934970684
2019-05-06,5714.4,5755.79,5562.44,5685.46,6826.98087533,38600438.323735,5654.1008432032
2019-05-07,5686.88,5970,5686.88,5751.54,10741.56186069,62963390.900756,5861.6606893247
2019-05-08,5751.54,5986,5658.66,5940.89,6320.4135454,36919597.990805,5841.3263191734
2019-05-09,5945.32,6172,5932.83,6156.7,9081.24077807,54837077.64073,6038.5005728682
2019-05-10,6151.66,6426.8,6105,6342.84,13821.71360689,86993043.924509,6293.9405632847
2019-05-11,6338.93,7445,6338.93,7217.47,22331.43531269,154120013.55663,6901.4826587994
2019-05-12,7214.4,7585,6762.57,6974.35,27398.21436403,196853127.64814,7184.8889505215
2019-05-13,6968.84,8167.5,6863.75,7810.05,27299.34473923,207721775.30129,7609.0388720132
2019-05-14,7810.72,8335.56,7618.99,7986,18881.44115957,151041058.58097,7999.4454504026
2019-05-15,7991.72,8300,7838,8208.69,16613.07123458,133855606.84237,8057.2463063752
2019-05-16,8203.97,8390.95,7654.93,7880,17078.7037596,136561637.62996,7996.0188754485
2019-05-17,7879.28,7942.09,6178,7351.71,27307.57969969,195598026.61062,7162.7741733861
2019-05-18,7352.39,7493.85,7205.57,7260.12,7564.89968988,55459642.038958,7331.1800965649
2019-05-19,7257.82,8299.99,7247.86,8200,15595.26745165,123932797.57574,7946.8209160227
2019-05-20,8193.45,8199.97,7581.03,8005.64,13426.78750889,106107178.83688,7902.6482519833
2019-05-21,8007.67,8117.48,7676.27,7955.16,7518.5556769,59705615.635612,7941.101748977
2019-05-22,7949.18,8049.22,7505.69,7624.95,8396.82203697,65846626.429001,7841.8508977667
2019-05-23,7622.9,7980,7468.31,7880.22,8370.35625318,64573988.333091,7714.6045377171
2019-05-24,7880.4,8188.87,7795.95,7999.02,9358.97181211,75015715.38019,8015.3799889774
2019-05-25,7999.02,8158.45,7939.76,8064.64,3361.65325124,27074799.566817,8054.013172486
2019-05-26,8066.15,8802.29,7888.91,8733.26,8526.81164447,71863220.700701,8427.9122956008
2019-05-27,8733.27,8939.18,8653.68,8770.73,8948.02467376,78657195.09515,8790.4535316953
2019-05-28,8774.45,8817.41,8540.94,8717.96,6144.01124571,53514184.125441,8709.9749634747
2019-05-29,8715.35,8762.39,8421.12,8663.41,7584.25785894,65411714.731597,8624.6691434011
2019-05-30,8663.07,9096.79,8000,8277.76,15259.58792555,130901794.23144,8578.3308743394009
2019-05-31,8277.76,8589.99,8109.74,8547.2,9957.91006545,83009912.016167,8336.0776980884
2019-06-01,8545.8,8624.72,8457.33,8556.27,5167.05130706,44144370.366347,8543.4356546897
2019-06-02,8560.1,8833.97,8546.01,8734.49,4263.0361653,37098988.768094,8702.4804223033
2019-06-03,8735.84,8745.96,8049.22,8103.64,9955.03261894,84089274.151653,8446.9109615641
2019-06-04,8103.63,8103.63,7432.84,7665.53,15485.70215021,120977317.95653,7812.1945510164
2019-06-05,7673.41,7924.48,7570.9,7785.94,9193.71188764,71403852.939905,7766.5967579319
2019-06-06,7784.62,7878.62,7449.68,7806.07,8738.66635896,67238735.506705,7694.3932569029
2019-06-07,7801.97,8134.99,7758.93,8001.25,9012.09615945,71665291.076446,7952.1223263135
2019-06-08,8002.68,8061.12,7777.67,7932.27,4870.11556741,38536604.546195,7912.8727055423
2019-06-09,7933.17,7966.58,7511.41,7632.99,3895.84810538,30121891.877318,7731.7931968962
2019-06-10,7629.98,8090,7523.16,8021.1,7150.59429755,56100688.224005,7845.5979866214
2019-06-11,8017.99,8057.32,7713.34,7919.1,5552.68803771,43736594.887095,7876.6526392383
2019-06-12,7915.7,8266,7821.73,8176.27,8577.16249687,69114902.531186,8058.0148220822
2019-06-13,8171.12,8335.56,8049.22,8238,7237.80039095,59224703.035384,8182.6936135788
2019-06-14,8235.44,8737.37,8174.92,8697.54,8678.2503063,72939450.898252,8404.8567768668
2019-06-15,8694.74,8911.98,8623.52,8857.19,5275.7530691,46136638.046372,8745.0336363531
2019-06-16,8857.19,9391.85,8805,8974.19,15018.85335613,136949106.52573,9118.4795056163
2019-06-17,8973.02,9477.7,8973.02,9333.48,12760.96069746,118055249.83383,9251.28230019
2019-06-18,9333.48,9361.87,8918,9078.84,11327.45394298,103380451.49636,9126.5391160941
2019-06-19,9076.51,9325.85,9036.19,9278.27,4687.25984305,42898235.430839,9152.0924521489
2019-06-20,9280.17,9600,9211.08,9534.99,7870.31583938,73844684.380004,9382.6837304946
2019-06-21,9534.99,10229.49,9534.97,10222.12,12553.09963424,123290085.48576,9821.4854560282
2019-06-22,10222.13,11200,10085.5,10661.3,13709.30032222,146874837.08249,10713.518095773
2019-06-23,10665.66,11247.62,10483.33,10831.95,7270.6458116,78614343.382654,10812.566781513
2019-06-24,10827.23,11099,10551.51,11029.63,8247.39381098,89425712.758197,10842.905626641
2019-06-25,11030,11796.37,11000.02,11751.01,12133.57175867,137485305.05101,11330.983801432
2019-06-26,11760,13880,11647.07,12920.54,37487.80242579,476983027.9354,12723.686027732
2019-06-27,12927.44,13355.61,10300,11153.74,36106.96055323,417050294.02977,11550.412652844
2019-06-28,11153.73,12447.46,10739.1,12354.43,18718.10158772,218180576.57894,11656.127388585
2019-06-29,12354.45,12386.76,11317.03,11858.62,12265.99736052,144889140.81325,11812.259252525
2019-06-30,11867.35,12200.06,10651.3,10760.1,12642.617722769999,142891926.13428,11302.400283521
2019-07-01,10759.24,11200.41,9950,10577.43,22917.43710404,243205448.54375,10612.244617042
2019-07-02,10581.78,10942.63,9614.08,10828.9,20285.24655295,206617402.08237,10185.599743293
2019-07-03,10830.1,12009,10830.1,11967.43,19389.85475767,220385744.07776,11366.033775502
2019-07-04,11970,12061.04,11052.74,11146.34,11185.29420376,130996748.89728,11711.515719743
2019-07-05,11144.82,11440,10769.15,10997.84,11893.4379497,132207381.38165,11115.993705166
2019-07-06,10996.82,11735,10982.89,11240,7892.17866812,90077908.728894,11413.566838364
2019-07-07,11233.21,11627,11083.76,11469.96,6683.05546715,75851416.718673,11349.811039503
2019-07-08,11478.43,12398,11332.19,12286.14,11901.90089462,142163191.21873,11944.578641466
2019-07-09,12299.94,12883.48,12030.43,12567.23,15115.5523839,188848935.90091,12493.684061593
2019-07-10,12574.88,13200,11550,12098.95,19838.38994897,248386820.65223,12520.513070423
2019-07-11,12101.44,12104.97,10966.81,11349.24,18468.68600043,212707393.6462,11517.19151223
2019-07-12,11352.74,11942.39,11083.52,11808.91,9176.67942993,105982547.44891,11549.1173314
2019-07-13,11811.08,11846.61,10810,11378.79,9391.35341435,105947622.15865,11281.400825228
2019-07-14,11382.03,11467.3,10090,10191.87,12170.40823763,129392649.07219,10631.742711154
2019-07-15,10191.87,11080.37,9855,10850,16048.02718406,166452851.72252,10372.169102994
2019-07-16,10848.27,11042.11,9366,9412.81,20761.02748001,207176966.82514,9979.1287798554
2019-07-17,9427.45,9993,9049.54,9699.35,16992.78525932,161878855.06382,9526.3285325775
2019-07-18,9712.15,10797,9280.33,10648.6,18289.54217585,184684478.59116,10097.818568418
2019-07-19,10638.44,10776.99,10102.58,10535.43,13787.45646718,143864052.15268,10434.415694812
2019-07-20,10533.71,11120,10359.17,10750.11,9964.67388282,106763959.49013,10714.245217217
2019-07-21,10757.15,10839.09,10325,10600.24,5628.16176664,59511306.03947,10573.844268694
2019-07-22,10605.03,10686.89,10052.25,10328.83,9371.30644231,97152157.16193,10366.981141851
2019-07-23,10315.87,10327.33,9801.88,9847.02,9040.84882621,90667673.973497,10028.668293916
2019-07-24,9841.42,9911.5,9514.96,9763.67,9433.34520017,91609723.743955,9711.2659189345
2019-07-25,9781.52,10187,9734.19,9883.96,6377.95751785,63834998.119443,10008.689763265
2019-07-26,9886.08,9897.46,9650,9846.94,5570.10914746,54443100.836409,9774.1533235907
2019-07-27,9846.94,10235,9299,9481.37,9614.10207519,92385636.332203,9609.3879188793
2019-07-28,9467.84,9634.5,9111,9533.19,3860.8348169,36403147.173248,9428.8279348032
2019-07-29,9538.73,9725.17,9360,9495.39,5068.6543093,48310068.326537,9531.142859338
2019-07-30,9508.21,9775,9373.48,9593.62,5533.97118529,52939667.091004,9566.3069644678
2019-07-31,9592.26,10143.2,9574.09,10085.34,7917.5084772,78200173.686343,9876.866429829
2019-08-01,10096.01,10499,9878.09,10407.71,7681.73235986,77733048.800718,10119.208162849
2019-08-02,10416.79,10670,10318.47,10529.51,9286.86172741,97381562.113235,10485.949395135
2019-08-03,10529.51,10919,10502.8,10821.52,6996.11722818,75441657.319986,10783.360950001
2019-08-04,10812.58,11085.99,10564.96,10986.96,7556.32923024,81929591.534257,10842.512156085
2019-08-05,10986.55,11959.36,10986.55,11800,17260.45577332,201353715.35596,11665.608255096
2019-08-06,11800,12325,11200,11470,16420.57916354,193547554.61798,11786.88965172
2019-08-07,11471.58,12145.42,11388.01,11971.57,15480.45524249,182167600.36743,11767.586774026
2019-08-08,11973.46,12061.1,11450.93,11983.43,10144.46210884,119651274.83731,11794.738208253
2019-08-09,11985.6,12040,11650,11859.32,7336.91484905,86686857.779352,11815.164761054
2019-08-10,11859.32,11976.68,11200,11273.2,7447.24834124,85889772.904154,11533.088325863
2019-08-11,11273.03,11589.73,11080.37,11528.73,4361.39069182,49596364.040399,11371.685672054
2019-08-12,11527.44,11551.57,11194.04,11385.11,3417.70935664,38863136.432719,11371.106310493
2019-08-13,11380.61,11446.94,10738.58,10862.28,9003.17888634,99425694.617022,11043.398767504
2019-08-14,10862.25,10862.25,9888.57,10022.99,12678.9411947,131558630.9662,10376.152783262
2019-08-15,10022.5,10444.66,9467.57,10301.44,15083.17326332,149955048.45482,9941.8766752142
2019-08-16,10294.9,10540,9736.96,10354.34,11080.39966131,112415461.63206,10145.433835261
2019-08-17,10351.18,10472.93,9974.51,10210.89,3907.52839849,39960850.308861,10226.630809466
2019-08-18,10221.94,10515,10065.41,10318.99,3398.41986671,35070670.108016,10319.699002339
2019-08-19,10318.99,10940,10267.56,10927.3,8044.02134828,85921192.474514,10681.373004174
2019-08-20,10927.3,10955.48,10549.74,10772.22,5883.59995275,63258208.571566,10751.616200894
2019-08-21,10778.75,10807.54,9853.45,10134.75,9812.62171129,99715196.708438,10161.932217738
2019-08-22,10123.56,10238.29,9755.53,10112.01,6710.30664788,67141742.797917,10005.763718582
2019-08-23,10112.45,10479,10051,10401.6,5557.29144342,57205208.908666,10293.721229323
2019-08-24,10401.87,10432,9885.48,10149.7,5106.55673687,51560324.934771,10096.886726529
2019-08-25,10149.38,10355.89,9907.86,10136.75,3953.39528117,39932862.822341,10100.903143316
2019-08-26,10136.75,10650,10136.75,10360.97,7166.67534085,74427752.304002,10385.255193543
2019-08-27,10355.11,10375.53,10019.1,10167.29,4781.3350218,48582567.25003,10160.87913282
2019-08-28,10171.39,10280.71,9555,9711.78,9303.15591906,92139450.455282,9904.1068704985
2019-08-29,9720.2,9720.2,9320,9490,7717.10637568,73190665.171874,9484.2109994142
2019-08-30,9490.56,9700,9350.1,9579.75,5317.3097001,50745922.278065,9543.5333166904
2019-08-31,9569.3,9682.73,9443.19,9594.15,1572.15542709,15068565.554893,9584.6538422632
2019-09-01,9593.5,9832,9538.75,9767.53,1799.36720121,17385154.884313,9661.8160387842
2019-09-02,9767.56,10471,9753.24,10384.48,6144.79883515,62231973.855006,10127.585218742
2019-09-03,10384.07,10783,10286,10617.61,11443.53849727,120927751.36613,10567.339061688
2019-09-04,10617.72,10834.15,10378.7,10586.26,10088.7236301,106597637.78674,10566.018229373
2019-09-05,10586.26,10664.13,10461.97,10573.66,4555.62463429,48103450.418882,10559.133879646
2019-09-06,10573.04,10949,10204.18,10311.09,10701.50994422,113795476.16698,10633.590657778
2019-09-07,10309.04,10580,10297.58,10484.39,3148.50895336,32951131.733718,10465.630627651
2019-09-08,10497.57,10594.88,10229.49,10400.18,3130.86103548,32602031.643458,10413.119992871
2019-09-09,10387.33,10542.93,10060,10307.45,6059.76274364,62421152.934118,10300.923579827
2019-09-10,10317.62,10390.09,9910,10096,4658.92141056,47153844.309828,10121.193330917
2019-09-11,10093.39,10243.01,9855.11,10154.46,4614.34849343,46415583.396864,10058.967904776
2019-09-12,10163.81,10465,10027.52,10420.34,4719.04668642,48386409.646392,10253.42889394
2019-09-13,10423.99,10458.13,10153.87,10368.65,3755.41742244,38681903.561508,10300.294004701
2019-09-14,10365.81,10441.47,10217.01,10355.37,2656.15453049,27508865.401685,10356.650972641
2019-09-15,10362.52,10383.2,10258.49,10305.74,2297.72276878,23678550.436674,10305.225137864
2019-09-16,10320.36,10378.07,10060.95,10269.98,5496.03749388,56202919.44455,10226.080063525
2019-09-17,10257.2,10280.53,10130.59,10195.73,5078.59865576,51836062.119704,10206.764824961
2019-09-18,10182.96,10263.65,10080,10152.09,3952.00683587,40255745.61632,10186.152830239
2019-09-19,10161.59,10380.07,9600,10271.53,7455.91141166,74330211.452767,9969.2991706587
2019-09-20,10284.72,10308.04,10055,10169.02,4463.38202069,45340500.132059,10158.328353227
2019-09-21,10169.02,10180.43,9913.35,9985.28,4148.89981496,41546389.892938,10013.83300294
2019-09-22,9973,10093.24,9842.35,10020.58,3213.9540957,32059845.815176,9975.2033976059
2019-09-23,10022.38,10048.06,9606,9682.19,5447.96313246,53515870.749389,9823.0970820142
2019-09-24,9685.69,9782,7998,8536.82,28154.41355726,248668254.70055,8832.3009887884
2019-09-25,8536.71,8746.83,8216,8432.16,17435.8678913,147110144.95135,8437.213786459
2019-09-26,8443.44,8467.89,7733.99,8055.03,16662.32021152,135420525.36522,8127.3510319165
2019-09-27,8055.25,8294.04,7866,8187.72,10165.85293694,81670753.093408,8033.8318486429
2019-09-28,8199.96,8356.4,8009.84,8218.07,6315.48953894,51567016.489038,8165.1653717556
2019-09-29,8218.07,8244.07,7902.66,8047.6,5366.5707177,43218226.927022,8053.2297439928
2019-09-30,8060.13,8368.5,7714.7,8298.45,9518.99210777,76794640.313073,8067.5180148945
2019-10-01,8304.47,8531.25,8195.42,8319.01,10224.59198253,85718023.200365,8383.5152881235
2019-10-02,8326.41,8393.39,8170.91,8373.42,4952.5341152,40874459.882581,8253.2414581723
2019-10-03,8377.68,8419.23,8029.14,8239.92,8701.12039607,71397271.088847,8205.5261666181
2019-10-04,8243.39,8244.93,7986.65,8152.07,6278.78141904,51161374.456939,8148.2967860286
2019-10-05,8157.89,8195,8016.26,8145.17,4445.10406787,36017535.44823,8102.7429050697
2019-10-06,8150.73,8176.46,7772.71,7854.12,6454.53572694,51315707.402635,7950.3328470944
2019-10-07,7863.75,8313.7,7763.54,8205.53,9363.32718459,75585498.648182,8072.5042667077
2019-10-08,8211.04,8344.12,8109.74,8178.54,3577.72287319,29364663.637798,8207.6406358482
2019-10-09,8185.85,8707.8,8110,8586.34,11634.19484623,98328556.671997,8451.6855675543
2019-10-10,8586.57,8666.84,8450.61,8582.11,7435.43199033,63608562.979177,8554.7905033497
2019-10-11,8589.08,8820,8222.88,8265.55,7824.58718752,66027648.855724,8438.483369581
2019-10-12,8265.16,8427.76,8254.68,8303.43,1828.83312447,15246382.979177,8336.6725893024
2019-10-13,8303.43,8474.48,8132.91,8282.96,4445.28381368,37082713.918164,8342.0351708579
2019-10-14,8278.39,8416.67,8215.41,8362.99,4294.6073892,35705415.187484,8314.0114920109
2019-10-15,8353.33,8420.85,8086,8155.13,5044.66127938,41647353.507026,8255.7284226909
2019-10-16,8162.45,8179.1,7912.66,7995.89,8644.40011646,69316753.565723,8018.6887038853
2019-10-17,7995.73,8130.71,7936.71,8073.32,5395.88599206,43466038.755482,8055.4034720975
2019-10-18,8069.26,8120.77,7811.62,7955.08,5611.09353737,44500999.582116,7930.8960518549
2019-10-19,7950.48,8096.76,7875,7960.49,3461.12529207,27557421.104747,7961.983106444
2019-10-20,7965.39,8314.77,7874.68,8235.74,6358.92499072,51422182.223602,8086.6156305737
2019-10-21,8236.49,8352,8156,8213.65,4919.73416831,40461008.135502,8224.2265031569
2019-10-22,8206.53,8314.77,7989.15,8025.9,5678.93483059,46474242.555902,8183.6196297878
2019-10-23,8021.57,8052.04,7293.55,7470.77,13306.18266092,100801574.41861,7575.5441652445
2019-10-24,7470.77,7512,7356,7435,4997.4230935,37210305.425471,7445.8985619746
2019-10-25,7427,8784.29,7393.14,8662.66,19113.79549622,157079122.09954,8218.1020577837
2019-10-26,8677.09,10350,8642.46,9252.75,38751.80025476,364431123.24832,9404.2372445278
2019-10-27,9262.72,9819.92,9092.66,9557.08,17783.02515594,169009332.26185,9503.969700307
2019-10-28,9547.32,9950,9177.84,9216.44,14722.01859796,139923976.27999,9504.4015430994
2019-10-29,9216.39,9573.35,9051.48,9426.94,9059.61157854,85007062.386999,9383.0802402567
2019-10-30,9426.94,9437.06,8985.25,9159.94,8814.43804818,80752701.084075,9161.412292273
2019-10-31,9169.55,9438.61,8961.53,9150.07,10113.15940929,92792853.945449,9175.4564711211
2019-11-01,9158.08,9303.53,9054.6,9250.45,6640.55238456,60832091.537001,9160.6974863179
2019-11-02,9250.7,9396.91,9201.19,9304.75,2701.13696278,25075118.408939,9283.1717733897
2019-11-03,9304.75,9384.32,9067,9207,2539.21833111,23311544.33509,9180.5986312725
2019-11-04,9207,9586.5,9122.33,9410.76,4962.44231548,46348340.769898,9339.8245910723
2019-11-05,9410.76,9485,9165.2,9320.14,4979.57899177,46449230.61298,9327.9433240741
2019-11-06,9319.1,9448.19,9254.68,9344.78,4670.23465673,43617190.043001,9339.4001049063
2019-11-07,9346.02,9373.48,9080,9199.36,3975.97661681,36653215.870635,9218.6698774006
2019-11-08,9209.3,9253.39,8661,8767.37,9699.74677043,86368731.972746,8904.225441848
2019-11-09,8760.38,8876.94,8720,8812.21,2271.51792167,20011709.541787,8809.8400417088
2019-11-10,8806.85,9142.33,8750.85,9024.49,2663.27825012,23900855.54209,8974.223981671
2019-11-11,9029.88,9075.32,8593,8720.36,6392.97505953,55913644.287534,8746.1070576498
2019-11-12,8720.36,8872.47,8549,8813.91,4721.90610684,41173319.735119,8719.6396547312
2019-11-13,8817,8839.46,8700,8755.24,3185.82098874,27877490.136393,8750.4885663456
2019-11-14,8765.53,8791.78,8555,8636.9,3412.80581524,29480031.555601,8638.0629756189
2019-11-15,8632.07,8799.03,8363,8463.49,5213.70141434,44596817.587135,8553.772846384
2019-11-16,8459.38,8539.53,8423,8484.63,1180.57339029,10004652.278465,8474.4009654555
2019-11-17,8485.61,8631.6,8375,8499.31,2074.00770126,17668226.912748,8518.8820186223
2019-11-18,8499.53,8508.4,8010.7,8170.65,4825.65562506,40088282.10719,8307.3234440951
2019-11-19,8176.9,8197.77,7989.15,8121.63,4412.39464174,35731334.204856,8097.9461507925
2019-11-20,8124.08,8231.04,8027.28,8088.44,2996.00619203,24265795.692426,8099.3810216341
2019-11-21,8085.54,8116.92,7394.09,7611.51,9374.99957046,72431853.922444,7726.0647723838
2019-11-22,7612.23,7714.7,6785,7285.85,20120.14646602,144885449.40783,7201.0136532815
2019-11-23,7276.21,7356.49,7102.16,7320.39,5550.47222776,40106431.409054,7225.7692252682
2019-11-24,7330.98,7349.68,6861.96,6908.36,6047.01776023,42914524.551922,7096.80808847
2019-11-25,6900.9,7380,6515,7122.14,18716.60131311,129366591.35888,6911.863387733
2019-11-26,7127.12,7344.91,7018.78,7159.22,7643.84956815,54566242.208836,7138.5813813239
2019-11-27,7168.74,7676.27,6847.72,7527.84,15156.9919345,110349122.50872,7280.4104525216
2019-11-28,7517.82,7659.92,7372.19,7436.72,6925.58489749,52090533.131563,7521.463371338
2019-11-29,7429.32,7870.35,7411.17,7753.69,7658.87160206,58602440.283675,7651.5762802333
2019-11-30,7753.69,7815,7452.08,7550.67,5446.27351349,41571365.443102,7632.9926031319
2019-12-01,7560.2,7560.2,7233.87,7412.66,5477.97290774,40318302.9446,7360.0770985254
2019-12-02,7411.75,7431.07,7140.08,7309.64,4324.30016255,31520978.016632,7289.2668944712
2019-12-03,7317.94,7415,7238.04,7300.43,2552.20229834,18683808.384018,7320.6612172436
2019-12-04,7299.2,7772.71,7087.09,7197.78,7737.39153487,56881650.199347,7351.5279591319
2019-12-05,7199.58,7500,7150.06,7390.42,4641.75678879,34104243.98869,7347.270772793
2019-12-06,7397.35,7618.99,7305.56,7541.79,4167.2401632,31009940.793551,7441.3615676374
2019-12-07,7535.46,7638.88,7486.7,7502.65,2034.573719,15354337.772391,7546.7099712355
2019-12-08,7505.86,7580,7382.69,7524.26,1798.77041268,13485555.31355,7497.0964712824
2019-12-09,7516.8,7666,7268.03,7340.52,6582.47031165,48984901.863981,7441.7201361752
2019-12-10,7332.05,7400,7150.23,7216.07,4090.62092926,29794651.283435,7283.6500371657
2019-12-11,7224.5,7271,7122.28,7207.42,3419.93896517,24643079.620446,7205.707432624
2019-12-12,7208.95,7296.19,7072.2,7188.42,4376.88899274,31435190.583024,7182.0854116167
2019-12-13,7185.15,7302.35,7179.65,7257.47,3178.07849595,22970960.445359,7227.939924905
2019-12-14,7255.94,7269,7007.48,7059.03,2012.34890643,14334264.585467,7123.1507317966
2019-12-15,7066.35,7225.23,7007,7115.08,1848.34572822,13129364.518732,7103.3055765905
2019-12-16,7115.08,7147.91,6820,6882.19,5923.05547919,41353720.352223,6981.8222195479
2019-12-17,6882.08,6938.77,6550,6612.3,7107.25638535,47895327.080767,6738.9333497933
2019-12-18,6619.53,7449.68,6425,7286.91,12873.63439214,87907793.923074,6828.5140967453
2019-12-19,7286.91,7372.12,7000,7149.57,5936.55634536,42356210.923048,7134.8115740793
2019-12-20,7157.53,7218.11,7072.61,7194.11,3201.66392251,22903428.007258,7153.6015526896
2019-12-21,7194.13,7194.13,7109.73,7147.4,1689.08199513,12063083.600675,7141.7987021683
2019-12-22,7147.4,7530,7124.52,7509.7,3796.22608082,27923854.897393,7355.68807097
2019-12-23,7521.88,7692.98,7247.86,7316.17,6710.7673604,50266006.270905,7490.3514861092
2019-12-24,7317.47,7431.1,7156,7251.52,4194.58980335,30637380.177725,7304.0229471918
2019-12-25,7247.45,7266.81,7110.73,7195.79,1504.52751296,10824576.025385,7194.6680483685
2019-12-26,7195.8,7432,7150,7188.3,3116.74715162,22627576.212285,7259.9973984171
2019-12-27,7195.17,7255.37,7052,7246,4024.57086599,28884846.428249,7177.1245655886
2019-12-28,7247.7,7349.65,7231,7296.24,1579.70272647,11528551.508845,7297.924676377
2019-12-29,7297.43,7524.46,7274.43,7385.54,2583.85134193,19120178.738293,7399.8756925431
2019-12-30,7372.79,7384.9,7199,7220.24,3722.91334933,27106970.229285,7281.1176854716005
2019-12-31,7222.74,7302.35,7112.55,7168.36,2638.69130899,18984547.326849,7194.6829332285
2020-01-01,7160.69,7237.35,7150,7178.68,1119.10969318,8052270.9317064,7195.2472405324
2020-01-02,7174.7,7184.94,6900,6950.56,3972.70795427,27928978.288664,7030.2117875653
2020-01-03,6945.7,7402.31,6853.53,7338.91,8072.72908749,58367332.830995,7230.1860001031
2020-01-04,7332.58,7396.1,7256.03,7344.48,3256.73735349,23825437.635367,7315.7381297069
2020-01-05,7356.05,7495,7310,7356.7,2707.27385549,20108463.477244,7427.5690419963
2020-01-06,7352.12,7817,7342.46,7762.74,6728.28277831,51148366.697809,7601.994206114
2020-01-07,7768.17,8220,7697.03,8159.01,12158.32281238,96360835.322534,7925.5039374688
2020-01-08,8151.79,8463.57,7872.09,8044.44,11913.23248192,97929528.566535,8220.2314707748
2020-01-09,8048.94,8048.94,7737.97,7806.78,5957.24423978,47018267.79743,7892.6204642512
2020-01-10,7812.7,8200,7667,8200,8999.98825687,71487988.314873,7943.1201768851
2020-01-11,8200,8286,8000,8016.22,3788.3273136,30769860.951718,8122.2815254784
2020-01-12,8008.1,8190,7960,8180.76,2056.08675369,16671798.24334,8108.5091440913
2020-01-13,8180.75,8196.81,8039,8105.01,4011.43909644,32494162.70513,8100.3754323398
2020-01-14,8105.01,8895,8105.01,8813.04,17009.43193382,146225207.41882,8596.71316407
2020-01-15,8813.2,8903.2,8555,8809.17,8606.88339936,75401269.552589,8760.5775579806
2020-01-16,8810.62,8852.35,8573.91,8710.15,6713.2584764,58128480.463495,8658.757988813
2020-01-17,8715.39,9015.22,8661.52,8892.63,9363.15892644,83202108.279141,8886.1151383634
2020-01-18,8898.03,9000.1,8798.9,8908.53,3678.00926615,32722278.87199,8896.7363875738
2020-01-19,8901.02,9188.1,8461.38,8696.6,8785.449927,77156049.635275,8782.2536439659
2020-01-20,8698.97,8740.54,8507.93,8625.17,4420.19825219,38176413.572764,8636.8102502754
2020-01-21,8629.66,8778.66,8480,8717.89,3394.68916005,29315872.017271,8635.8045273398
2020-01-22,8728.47,8792.98,8567.68,8655.93,3143.81212331,27226881.825662,8660.467215514
2020-01-23,8661.63,8665.95,8280,8378.44,8611.0107876,72408778.792807,8408.8593753798
2020-01-24,8382.08,8530.7,8212.9,8422.13,6430.43023326,53848152.423028,8373.9579576666
2020-01-25,8435.83,8437.47,8252.72,8329.5,2812.78995216,23426249.239335,8328.4744462861
2020-01-26,8320,8600,8276.22,8590.48,6340.58577579,53453535.597617,8430.3781208538
2020-01-27,8600,9004.35,8546.55,8894.54,9619.7747426,84430635.621802,8776.7788623897
2020-01-28,8894.57,9413.24,8876,9400,9565.55935515,86973753.199289,9092.3855020003
2020-01-29,9386.57,9443.96,9215.5,9289.18,6481.91594603,60511710.824548,9335.4667552593
2020-01-30,9280.83,9570,9166.07,9500,7945.15877894,74656133.861611,9396.430699346
2020-01-31,9510.84,9529.35,9195.93,9327.85,5009.62230695,46781868.719909,9338.4023492166
2020-02-01,9339.26,9464.16,9280.33,9377.17,1669.00246242,15647313.655863,9375.2489934464
2020-02-02,9379.6,9474.28,9135,9329.39,3015.79158859,28176260.602849,9342.907085971
2020-02-03,9309.69,9615,9211.07,9288.09,4758.13350441,44541630.335257,9361.1560697014
2020-02-04,9281,9348.6,9075,9159.37,4867.22545881,44773399.10095,9198.9572868269
2020-02-05,9168.49,9775,9142.52,9618.42,8063.9679382800005,76512667.128506,9488.2156915949
2020-02-06,9617.84,9859.57,9521,9754.63,7554.48867469,73394159.764107,9715.3047578191
2020-02-07,9754.63,9878,9706.94,9803.42,4013.49096731,39274637.381182,9785.6548578471
2020-02-08,9803.71,9948.97,9658.58,9902,3268.73554695,32063962.558072,9809.2862201685
2020-02-09,9907.7,10178.54,9885.04,10173.97,4830.33787739,48619500.952606,10065.445148296
2020-02-10,10173.51,10199.85,9731.2,9850.01,7560.66789084,74963300.948291,9914.9046130054
2020-02-11,9851.99,10383.9,9706.94,10268.98,8127.59636283,81821348.980243,10067.102908116
2020-02-12,10270.98,10495,10247.35,10348.78,6553.40942709,67795650.927103,10345.096194792
2020-02-13,10348.78,10500.5,10068,10228.67,9347.45128374,95971600.409416,10267.141009481
2020-02-14,10229.19,10398,10093.26,10364.04,6190.37749036,63465786.546778,10252.328980843
2020-02-15,10364.04,10408.04,9739,9899.78,5762.30634481,57929002.533158,10053.09316561
2020-02-16,9909.71,10051.24,9598.49,9912.89,4133.47675014,40778597.95474,9865.4475202645
2020-02-17,9925.96,9973.45,9467.57,9697.15,5913.20492551,57252913.031541,9682.2135800753
2020-02-18,9725.57,10288,9602.6,10185.17,6754.35394103,67153716.791137,9942.2857282034
2020-02-19,10190.3,10300,9312,9595.72,9936.8206814,98785031.8601449,9941.31171603543
2020-02-20,9589.1,9706.27,9396.91,9612.76,6608.4910792,63258478.7363627,9572.30296269396
2020-02-21,9610.4,9773.2,9562.6,9696.13,4271.47074293,41404137.0354172,9693.18052896606
2020-02-22,9696.13,9722.39,9568.51,9668.13,2096.56353593,20253010.0746209,9660.09840748134
2020-02-23,9664.08,10024.08,9664.08,9965.21,3329.22433648,32927432.1173057,9890.42154849803
2020-02-24,9969.79,10027.66,9480,9652.58,5877.00770771,57123425.6469277,9719.81465533689
2020-02-25,9664.87,9682.73,9234.21,9305.4,6280.00295543,59384596.8936626,9456.14155202201
2020-02-26,9305.4,9369.99,8627.78,8779.36,11564.19794381,103821757.025066,8977.86059435613
2020-02-27,8778.37,8974.75,8520,8816.5,9273.9036636,81515059.4431832,8789.72462945991
2020-02-28,8816.5,8900.94,8421.49,8703.84,6546.98122765,56592181.7796162,8644.01161570607
2020-02-29,8710,8805.06,8525,8527.74,2338.06785643,20286638.540093,8676.66799502934
2020-03-01,8525,8756.11,8410,8528.95,4156.57173933,35511261.8302582,8543.40164377442
2020-03-02,8516,8980.34,8486.72,8917.34,6186.86088929,54353354.1324699,8785.28790368637
2020-03-03,8917.34,8921.8,8660.04,8755.45,4629.97228611,40663925.3841053,8782.75783768682
2020-03-04,8755.45,8850,8663.76,8753.28,3353.2325223,29341557.5791351,8750.23052651582
2020-03-05,8757.79,9169,8757.79,9066.65,6448.68567336,58265604.8220081,9035.26823499987
2020-03-06,9059,9187.85,8990.01,9153.79,4136.42339429,37642647.0322495,9100.28869003405
2020-03-07,9154.1,9219.13,8859.49,8893.93,2805.5915714,25374792.8036182,9044.36449777186
2020-03-08,8901.12,8901.12,7995.48,8033.7,9068.89040196,76135548.3658592,8395.24406970501
2020-03-09,8035.79,8191.13,7636,7936.25,12177.39425093,95866831.8328804,7872.52427386579
2020-03-10,7937.2,8158.42,7733.99,7885.92,8274.9537573,65746742.6960267,7945.27010353698
2020-03-11,7893.63,7988.78,7591.99,7934.57,7289.61145281,56863822.0338119,7800.66570103568
2020-03-12,7956.29,7969.9,4776.59,4841.67,58513.38918903,360210571.573404,6156.03670485963
2020-03-13,4841.67,5990.35,3850,5622.74,54419.64133553,284267182.432708,5223.61367066038
2020-03-14,5623.16,5663.01,5051,5169.37,15370.8681496,82874138.9236379,5391.63683645248
2020-03-15,5167.38,5965.77,5092.34,5343.64,16589.30386378,89752311.5941048,5410.25183040165
2020-03-16,5353.04,5353.04,4435.89,5033.42,34905.46359769,170219112.512668,4876.57503921344
2020-03-17,5051.41,5569.9,4936,5324.99,17517.84242049,93134794.1934408,5316.56764331344
2020-03-18,5340.95,5452.43,5006.87,5406.92,22559.23112903,118551265.569305,5255.11108473682
2020-03-19,5413,6433.98,5266.38,6181.18,24783.73487365,146253518.528668,5901.18960174014
2020-03-20,6192.94,7139,5670,6210.14,30082.50248252,193439601.271108,6430.30284410377
2020-03-21,6207.66,6461.91,5866.44,6187.78,11796.72656887,72583889.459356,6152.88394077857
2020-03-22,6199.17,6419,5705,5813.15,10813.38456907,65253784.1402575,6034.53837449802
2020-03-23,5816.57,6629.79,5686.34,6493.51,19053.80456405,118385188.512645,6213.2047232189
2020-03-24,6494.7,6893,6400.01,6768.64,19719.09402414,131376646.801573,6662.40784899863
2020-03-25,6768.64,6989.04,6457.17,6692.22,16675.73512097,111416237.444003,6681.3388816602
2020-03-26,6695.47,6798.89,6528.07,6760.72,7393.70723365,49294382.8603349,6667.0725932977
2020-03-27,6765.15,6872.67,6210,6376.03,10816.28556504,71901745.725749,6647.54506465205
2020-03-28,6376.03,6376.03,6030.51,6253.08,11613.49398164,72147462.5429254,6212.38213555581
2020-03-29,6275.11,6278.24,5869,5870.9,9298.9390511,56233063.8909471,6047.25588391669
2020-03-30,5878.47,6630,5856,6407.77,14974.444163,94589749.2919956,6316.74526696058
2020-03-31,6408.95,6527.24,6337.42,6421.14,6342.29832651,40889445.9832638,6447.10227715891
2020-04-01,6428.74,6710.21,6137.71,6652.07,11319.14793815,71960130.6904498,6357.38052754975
2020-04-02,6669.95,7236.39,6575.13,6801.99,17212.82067331,117398261.409424,6820.39647293022
2020-04-03,6789.63,7047.96,6610,6742.57,10570.10640235,72358605.2980478,6845.58911175775
2020-04-04,6737.36,7014,6655.54,6879.61,6018.51563233,40962523.5011038,6806.08409174234
2020-04-05,6887.22,6914.01,6678.51,6775.2,3981.97692417,27031800.4179216,6788.53768685667
2020-04-06,6780.57,7376.59,6773.75,7352.43,13683.03789416,97422008.8376131,7119.91076770998
2020-04-07,7335.85,7469,7077,7202.73,11669.01426524,85195615.0267316,7301.01215837185
2020-04-08,7204.78,7428.95,7152,7367.36,8720.21050049,63711657.2412142,7306.20633958713
2020-04-09,7370.85,7376.59,7107.38,7293.93,8324.9217727,60735239.870506,7295.59286306758
2020-04-10,7299.12,7306.1,6750.15,6877.03,10727.86685616,74421521.6516036,6937.21525904941
2020-04-11,6866.03,6955.59,6771.24,6883.18,3326.67476213,22836390.2272795,6864.62965578814
2020-04-12,6882.75,7201.76,6790.74,6908.24,7264.51928043,51063776.0816619,7029.20236156895
2020-04-13,6908.21,6914.01,6542.91,6864.22,10837.57453223,73070898.9430715,6742.36645162301
2020-04-14,6864.66,6991,6766.96,6879.75,7275.68657382,50059446.7159028,6880.37427231007
2020-04-15,6868.88,6940,6598.55,6619,8109.73234254,54918729.9665482,6771.95345627738
2020-04-16,6619,7224.18,6472.67,7111.67,15726.69637377,109502622.672264,6962.84967101544
2020-04-17,7121.35,7158.22,6995.39,7024.19,8539.61835086,60386632.1456799,7071.35022487259
2020-04-18,7020.13,7306.15,7020.13,7262.26,5102.50261952,36602893.6111676,7173.51784811251
2020-04-19,7265.94,7276.21,7057.46,7126.4,4662.19209244,33388014.3516139,7161.44116106979
2020-04-20,7124.27,7220,6757.75,6841,11365.00931766,79382776.0109879,6984.84038087285
2020-04-21,6833,6950.98,6774.48,6854.98,5570.95619043,38214451.9384896,6859.5857932137
2020-04-22,6850.6,7171.26,6819.59,7137.79,6273.40631495,44249617.7363321,7053.52331968071
2020-04-23,7138.29,7756.69,7031.07,7484.58,14779.54814354,109374199.446223,7400.37505774692
2020-04-24,7494.2,7612.91,7391.57,7505.53,7357.10670681,55377242.1271062,7527.04076941647
2020-04-25,7518.81,7723.77,7432.8,7547.56,3800.82773036,28741430.1002769,7561.88707809565
2020-04-26,7565,7718,7485,7701.73,5247.54081807,39949338.7647602,7612.96389104661
2020-04-27,7708.87,7813.68,7637.03,7786.41,6878.02253788,53067907.4109332,7715.57626027935
2020-04-28,7794.22,7798.42,7650,7767.79,7248.9559695,55957597.4268651,7719.4009264654
2020-04-29,7762.07,8970,7717.14,8790.32,26396.09715679,219862359.846423,8329.35106051718
2020-04-30,8789.79,9485.26,8407,8627.32,24057.73933525,214743005.894981,8926.15066205884
2020-05-01,8629.72,9075,8616.17,8832.44,11379.68574201,100246596.311991,8809.25876027615
2020-05-02,8836,9022,8760,8983.79,5524.26706572,49175891.3174658,8901.79470551294
2020-05-03,8982.56,9207.82,8723.78,8915.98,9218.274909,82923756.8765855,8995.58298002432
2020-05-04,8924.14,8974.34,8528.42,8882.87,10018.97499887,87869078.4114247,8770.26626190155
2020-05-05,8889.24,9120,8760.1,9034.85,9592.13446226,85676075.4559865,8931.90934646265
2020-05-06,9040,9417.95,8921.03,9154.32,15110.94181329,139147123.698661,9208.36870513802
2020-05-07,9163.63,10074,9030.03,10000,25012.90031203,241313478.930414,9647.5608953814
2020-05-08,10008.19,10048.38,9725,9801.35,19203.48379461,190431352.842082,9916.50030165523
2020-05-09,9809.04,9914,9515.4,9546.56,11278.63371513,109506263.430761,9709.17809697655
2020-05-10,9527.31,9565.2,8109,8731.17,31639.42874341,274667237.432425,8681.16929859658
2020-05-11,8740.88,9182.97,8181,8571.98,34465.18657226,299207513.011188,8681.44184810568
2020-05-12,8574.19,8984.87,8534.97,8825.46,14010.2612055,123118461.280036,8787.73489474296
2020-05-13,8816.99,9418.46,8804.47,9315.5,12762.85161682,116070755.771608,9094.42178412857
2020-05-14,9323.73,9945.34,9254.85,9793.5,19936.18545561,192594447.169582,9660.54652723874
2020-05-15,9809.91,9844.66,9112,9306.21,17324.14460144,164450498.654884,9492.56095687487
2020-05-16,9307.43,9590,9216.08,9389.07,6170.09609719,58076014.3059679,9412.49753507356
2020-05-17,9377.79,9894.88,9326.53,9665.7,9515.79358021,92332110.8124874,9703.03843123606
2020-05-18,9672.95,9966.12,9451.2,9721.91,12362.32763823,120325308.218588,9733.22433604544
2020-05-19,9730,9903.89,9455.05,9787.65,12149.68534917,117603182.459666,9679.52494898976
2020-05-20,9776.3,9843.87,9100,9516.51,12351.42817701,118302861.447367,9578.0714385375
2020-05-21,9505.61,9573.29,8800,9062.47,16879.82890788,154720870.125221,9166.02122981195
2020-05-22,9062.25,9272.97,8924.91,9171.96,7261.28419694,66290367.8416818,9129.28981207172
2020-05-23,9171.96,9316.12,9084.83,9183.46,3477.27850858,31965817.4005656,9192.76880517096
2020-05-24,9183.93,9310.91,8669,8718.77,8855.47763284,79788785.6775122,9010.10526881354
2020-05-25,8710.12,8984.16,8630,8903.56,8919.92378955,78497049.7543791,8800.19287231367
2020-05-26,8903.22,9012,8690,8840.91,5923.00523696,52400584.2795262,8846.95896477396
2020-05-27,8835.79,9230.21,8810.99,9210,6867.67101935,62443847.940148,9092.43435863619
2020-05-28,9209.99,9625.01,9105.79,9577.38,11523.40889483,108191478.206987,9388.84311009113
2020-05-29,9581.49,9610,9330,9421.04,7226.77389995,68321538.6293582,9453.94716580668
2020-05-30,9428.52,9758.27,9326.28,9705.1,6781.84196225,64706290.96823,9541.10864399478
2020-05-31,9705.1,9711.7,9373.96,9446.19,5697.99838373,54324245.5409298,9533.91733069751
2020-06-01,9444.61,10429.26,9416.5,10203.64,12109.14149664,119481686.452491,9867.06501742042
2020-06-02,10203.64,10241.26,9135.68,9525.73,22725.11942099,222782211.572845,9803.34613190515
2020-06-03,9522.52,9699.95,9380.99,9668.99,6928.76322878,66167333.6700274,9549.66008871368
2020-06-04,9668,9888,9430,9791.92,8938.7688887,86806501.2888952,9711.23678996022
2020-06-05,9791,9856.48,9592.74,9619.99,7157.37095675,69598704.3742647,9724.05996487123
2020-06-06,9616.17,9744.39,9525.76,9669.85,4047.26924742,38944240.6202986,9622.34984616463
2020-06-07,9673.08,9829.31,9356,9750.04,6762.65158822,64865372.7813336,9591.70703017199
2020-06-08,9759.04,9813.67,9645,9783,5379.07801648,52321749.258307,9726.89912620857
2020-06-09,9786.64,9897.46,9566.81,9776.84,6922.79788471,67296776.4124867,9721.03729347949
2020-06-10,9782.3,10011.4,9578,9894.32,7107.20140335,69805944.4578133,9821.86102463762
2020-06-11,9894.32,9981.24,9078.91,9264.26,16389.44455357,156090301.987616,9523.83111443613
2020-06-12,9265.95,9555,9230,9463.07,6934.13533535,65258966.2745941,9411.26227258732
2020-06-13,9465.92,9500,9345.71,9473.46,2938.68222067,27705239.6134067,9427.77664714291
2020-06-14,9478.93,9479.59,9235.01,9329.99,3477.25235863,32581551.0546313,9369.91270529126
2020-06-15,9329.99,9505.4,8900,9435.15,11765.1135339,108092261.864743,9187.52390729472
2020-06-16,9435.41,9596.31,9374.9,9530.3,6864.21822439,65155250.3565763,9492.01325288087
2020-06-17,9530.62,9566.53,9230.32,9461.29,5902.36636044,55634030.6445392,9425.71627159923
2020-06-18,9459.82,9478.69,9250,9374.78,3997.01284654,37553641.9245661,9395.4268766172
2020-06-19,9374.83,9429.99,9225.15,9304.32,5305.9077191,49452467.2032054,9320.26522534276
2020-06-20,9287.6,9400,9138,9355.46,3071.79384829,28573341.4295312,9301.84212896881
2020-06-21,9355.93,9421.26,9271.52,9283.03,1435.21189641,13411174.0187755,9344.38604663316
2020-06-22,9287.89,9798.76,9267.2,9683.12,6615.64540882,63078286.4419524,9534.71393098793
2020-06-23,9688.26,9725.3,9571,9622.81,4866.11470545,46909443.2838564,9640.02004131104
2020-06-24,9617.88,9666.35,9193.99,9286.06,10072.57541802,94516911.1977901,9383.58932797841
2020-06-25,9286.3,9343.49,8989,9239.48,8701.2461746,80007371.4690758,9194.93252617391
2020-06-26,9237.98,9289.71,9024.61,9158.26,7912.38375487,72394589.3689268,9149.52959964418
2020-06-27,9158.13,9189,8830.63,9009.3,4399.67602419,39682291.3796191,9019.36669005642
2020-06-28,9008.33,9191.72,8933.06,9118.01,3231.85728086,29337702.6244887,9077.66032808292
2020-06-29,9118.8,9240.36,9014.92,9188.88,4942.72533003,45004912.08249,9105.28283031598
2020-06-30,9187.85,9201.95,9060,9132.96,2781.63125132,25424763.4098073,9140.23503213886
2020-07-01,9136.89,9300,9089.8,9233.38,4321.56559235,39791807.4773132,9207.72961256269
2020-07-02,9230.97,9268.54,8939,9092.92,6866.04897352,62528364.796712,9106.89175650545
2020-07-03,9091.68,9127.11,9027.17,9063.08,3510.00353809,31905807.4393647,9089.96446673852
2020-07-04,9053.87,9196,9045.94,9138.52,2180.37237178,19850822.9040871,9104.32693103769
2020-07-05,9142.16,9147.37,8905,9076.82,3067.87780852,27761771.2726701,9049.17764181191
2020-07-06,9077.18,9376.34,9060.5,9348.22,5361.35284949,49559304.5191834,9243.80579127483
2020-07-07,9346.9,9385.81,9201.78,9257.16,4702.82565367,43560405.9493366,9262.60277485364
2020-07-08,9257.21,9479.57,9228.91,9437.16,6275.54666358,58669357.69335,9348.88398389837
2020-07-09,9441.76,9448.5,9157.11,9234.9,4575.44853951,42541096.3992021,9297.68874720158
2020-07-10,9234.91,9318.92,9053.14,9283.53,3910.32678996,35920454.035729,9186.04913736543
2020-07-11,9291,9304.95,9180,9238.3,1453.16535935,13418262.1701896,9233.81642966743
2020-07-12,9234.07,9347.76,9153.48,9306.17,2037.15363045,18855332.7499175,9255.7244913102
2020-07-13,9304.94,9351.17,9190.49,9233.1,3875.17319052,35960270.7468601,9279.65512221007
2020-07-14,9234.19,9282.08,9095,9251.59,4479.91060569,41285831.2912833,9215.77123410578
2020-07-15,9256.33,9276.98,9153.38,9190.07,3810.04841103,35100830.991061,9212.69947369827
2020-07-16,9191,9217.5,9026.51,9132.87,5541.85389383,50474457.2608373,9107.86502636468
2020-07-17,9134.44,9184.28,9073.53,9156.5,3593.49712953,32814246.9883527,9131.56343404245
2020-07-18,9150.51,9214.63,9122.72,9177.43,1358.28531978,12449177.4450932,9165.36258163311
2020-07-19,9175.7,9243.36,9106.3,9211.99,1585.39916859,14518309.9778162,9157.5107805363
2020-07-20,9213.15,9224.73,9128.21,9162.43,3064.80739401,28118444.2142834,9174.62032662783
2020-07-21,9161.77,9442.89,9152.23,9391.25,5559.47430975,51926108.5060715,9340.11124307298
2020-07-22,9395.98,9573,9280.8,9539.51,5520.76262356,51836755.6903594,9389.4194017951
2020-07-23,9537.23,9690,9453.38,9617.2,10413.94384743,99406145.7367012,9545.48509124456
2020-07-24,9614.85,9650.55,9474.35,9547.91,8012.90509154,76622832.6034005,9562.42857341446
2020-07-25,9549.34,9751.82,9532.79,9710.98,5065.44989566,48814031.53099,9636.6625939412
2020-07-26,9712.45,10200,9657,9944.65,9090.21430682,90135501.7934401,9915.66301421689
2020-07-27,9941.25,11417.11,9933.77,11046.19,27736.83221358,292753089.603281,10554.669233639
2020-07-28,11049.4,11263.85,10583.48,10939.27,17062.37380128,187091285.101617,10965.1381033266
2020-07-29,10931.91,11358.47,10855.81,11111.17,12452.86303565,138589548.015555,11129.1313185411
2020-07-30,11105.01,11189,10832,11112.12,10456.84804792,115275100.381161,11023.8859599849
2020-07-31,11110.84,11457.95,10973.8,11356.74,10417.50746157,117100831.151919,11240.7724769003
2020-08-01,11357.98,11883.36,11228,11817.49,11195.80752332,130224577.618867,11631.548447722
2020-08-02,11808.21,12100,10559.59,11071.66,12656.41102944,142785762.41811,11281.6944776822
2020-08-03,11074.92,11480,10933.26,11236.39,6984.67078032,78813104.7081509,11283.7250583398
2020-08-04,11236.39,11420,11000.79,11192.42,5522.11051757,61940578.4722381,11216.8306438559
2020-08-05,11193.48,11795.86,11094.35,11755.24,7514.79142531,86847559.7915926,11556.8822707558
2020-08-06,11759.9,11913.5,11575.57,11770.08,9855.99436305,115864299.62037,11755.7189414336
2020-08-07,11770.26,11920,11219,11600.85,10503.36174678,122342727.367127,11647.9590360328
2020-08-08,11601.75,11817.95,11527,11776.9,3983.74888665,46582799.669702,11693.2068248093
2020-08-09,11767.93,11808.28,11527.92,11683.03,2649.48917649,30909847.9030507,11666.3423943477
2020-08-10,11684.6,12080,11510,11895.12,7701.72806914,91514254.0122913,11882.3013732436
2020-08-11,11896.37,11945.05,11130,11392.64,10470.68807136,120956546.537776,11551.9195790602
2020-08-12,11386.5,11625,11150,11565.35,5668.60180464,64989838.1727935,11464.8797732796
2020-08-13,11567.74,11806.61,11270.91,11793.26,6839.55121466,78891169.3242155,11534.5534887025
2020-08-14,11797.55,11862,11652.01,11779.77,5526.79649808,64934759.2382748,11749.0772929369
2020-08-15,11771.97,11986.93,11667.7,11852.2,3983.17592982,47294347.3143604,11873.5270918595
2020-08-16,11858.6,11938.55,11685.97,11914.02,2494.17000289,29525249.6262984,11837.7053657479
2020-08-17,11916.83,12473,11771.44,12298.38,9778.32856833,118965074.541826,12166.1972913376
2020-08-18,12301.27,12408.53,11823,11958.1,8818.18784117,106555723.860623,12083.6305349655
2020-08-19,11950,12022.18,11574.4,11757.55,9401.50118445,110701736.980766,11774.9000727528
2020-08-20,11762.18,11894.12,11675.29,11859.37,4191.75792092,49473772.4482418,11802.6311112411
2020-08-21,11857.18,11887.67,11485.49,11531.74,6391.17972721,74905546.0232002,11720.1438889748
2020-08-22,11527.81,11694.02,11367,11667.7,3401.42192253,39269409.6767528,11544.9981128904
2020-08-23,11678.17,11715.09,11524.7,11644.65,1632.87091819,18977422.9233374,11622.1207150737
2020-08-24,11653.7,11832.55,11588.61,11761.8,2887.05808264,33911948.5403486,11746.1954590601
2020-08-25,11750.4,11772.22,11112.75,11328.88,7073.69374623,80762613.3250491,11417.3183378334
2020-08-26,11328.5,11549.8,11250.14,11469.3,4273.08016903,48637801.8616782,11382.375227638
2020-08-27,11462.91,11602.92,11122.72,11330,7796.15569663,88467523.2032467,11347.5829172432
2020-08-28,11332.26,11555.61,11277.95,11536.58,6046.49746388,69254870.5501592,11453.7169599206
2020-08-29,11538.74,11592,11423.64,11471.71,2095.93600275,24123105.9483939,11509.4668523957
2020-08-30,11471.71,11715.69,11458.62,11708.97,2328.65701886,27068361.4530974,11624.0224446401
2020-08-31,11713.11,11780,11573.39,11655,4534.21810201,52999207.9592988,11688.7204732839
2020-09-01,11658.48,12065.82,11515,11923.96,7960.82238043,94697974.8129574,11895.5015308158
2020-09-02,11919.53,11956.45,11155.32,11398.44,13056.07287751,149589893.2161,11457.4952682578
2020-09-03,11395.1,11477.35,9987.86,10160,18554.73121203,199600735.769421,10757.4037849715
2020-09-04,10160,10646.75,9902.43,10456.32,17415.36005733,180567453.366906,10368.2871196743
2020-09-05,10460.2,10567.9,9850,10167.19,12165.47308504,124026091.01532,10194.9254376171
2020-09-06,10165.47,10353.39,10000,10260.17,5121.25180431,52194906.9383417,10191.8259309989
2020-09-07,10258.43,10415.66,9880,10377.14,8725.09203962,88189272.8851714,10107.5464287036
2020-09-08,10377.5,10446.18,9825.07,10123.96,10560.87470567,106644193.928035,10098.0455596901
2020-09-09,10126.01,10353.39,9981.38,10232.8,5872.2195124,59881808.6169306,10197.474479706
2020-09-10,10221.76,10495.75,10220,10342.59,10223.19117775,105719876.584253,10341.1816081797
2020-09-11,10341.38,10409.44,10200.5,10393.04,5245.74244486,54033653.8528107,10300.4778486132
2020-09-12,10400.46,10482.42,10275,10443.33,2509.23983418,26026019.879304,10372.0734561864
2020-09-13,10446.4,10576.78,10214.9,10334.78,4325.10556518,44764868.7383406,10350.0060434889
2020-09-14,10338.82,10765.03,10250.13,10675.15,7325.23245633,77266025.8225954,10547.9281760986
2020-09-15,10671.4,10940.01,10611.17,10783.83,6456.66295267,69707532.1542708,10796.2166625787
2020-09-16,10785,11100,10662.81,10951.54,8300.23983202,90789916.4217792,10938.228082463
2020-09-17,10950.15,11054,10739.23,10940.47,5525.71740992,60068052.2484968,10870.6341262874
2020-09-18,10947.35,11040.18,10816.54,10931.2,4398.92439287,48037947.4835319,10920.3848925874
2020-09-19,10935.49,11183.01,10890.53,11077.22,2253.35153789,24883441.3318768,11042.8581219854
2020-09-20,11070.84,11079.25,10755.9,10923.5,3250.01749577,35438004.6231043,10903.9427231478
2020-09-21,10921.53,10996.98,10286.56,10411.29,9948.02125053,105170547.93561,10572.0067626521
2020-09-22,10418.83,10573.05,10353.39,10534.31,4800.59855196,50241913.2068123,10465.7601886538
2020-09-23,10525.72,10541.39,10138.3,10233.42,5711.36066207,59279113.1217673,10379.1577225106
2020-09-24,10236.86,10795.53,10193.2,10744.02,6703.91881646,70427765.1492453,10505.4621151326
2020-09-25,10738.46,10762.65,10553.14,10689.81,6346.72379355,67663104.8944447,10661.1075407455
2020-09-26,10694.23,10830,10655.29,10729.09,2550.31630347,27347735.9269772,10723.272203439
2020-09-27,10731.09,10807.14,10593.58,10780.66,2286.86162473,24496017.0921272,10711.6306589033
2020-09-28,10779.99,10950,10628.52,10689.48,4991.57062725,54261165.8800595,10870.5595757449
2020-09-29,10681.41,10865,10636.66,10836.42,4029.39173043,43240291.7789083,10731.220658532
2020-09-30,10840,10847.5,10658.56,10778.22,4304.6226949,46247317.5999822,10743.6402393118
2020-10-01,10780.83,10940.22,10437.08,10622.71,8678.34728292,92766078.6715824,10689.3715643481
2020-10-02,10611.17,10667.53,10380,10578.54,8333.45852437,87627773.6463799,10515.1748688885
2020-10-03,10571.6,10605.79,10500,10553.66,1134.79775814,11975845.6200597,10553.2862874956
2020-10-04,10543.17,10699.88,10524.81,10669.63,1057.77530355,11238120.4491443,10624.2983849481
2020-10-05,10666.16,10805.82,10620.71,10795,3618.01529204,38756784.0972538,10712.1670222132
2020-10-06,10797.36,10801.86,10525,10606.33,4800.69513633,51103858.7332818,10645.0956126219
2020-10-07,10602.31,10682.56,10547.71,10669.14,5560.24913562,59068239.8743717,10623.3081348764
2020-10-08,10669.1,10957,10535.06,10925.2,6969.04085121,75109562.9367663,10777.6040549002
2020-10-09,10927.02,11118.49,10826.4,11052,5355.33959365,58978316.7068448,11012.9928598323
2020-10-10,11060.46,11496.06,11059.62,11301.2,3270.37027031,37090500.8661174,11341.3766027789
2020-10-11,11300.97,11447.44,11272.11,11372.93,2177.65085818,24760115.518007,11370.1034419726
2020-10-12,11372.48,11731.7,11175.99,11535.98,7088.22778528,81272304.4737245,11465.8144370729
2020-10-13,11539.42,11567.4,11314.53,11427.98,5097.96082433,58286126.9447709,11433.2237836353
2020-10-14,11440.28,11555.1,11287.42,11428.84,3788.25075923,43215383.8612962,11407.7410942248
2020-10-15,11430.49,11623.6,11250.01,11511.11,4864.42955616,55519244.8970159,11413.310493254
2020-10-16,11506.53,11548.65,11200,11321.86,4309.22448566,48847324.6146003,11335.5256327796
2020-10-17,11331.88,11415.48,11264.01,11365.8,1124.42019876,12751808.4587677,11340.7856536465
2020-10-18,11363.4,11526.34,11352.79,11519.97,1047.16869132,11987530.5306343,11447.5639216481
2020-10-19,11518.58,11840,11409.94,11764.14,5459.93398846,63658430.7976737,11659.1942196043
2020-10-20,11759.2,12059.94,11680,11921.11,5859.83732437,69612470.3142327,11879.5909273329
2020-10-21,11921.33,13235,11899.1,12802.67,20093.61486293,252863284.870837,12584.2605522083
2020-10-22,12802.63,13208.25,12686.73,12983.26,9277.56218571,120267676.229327,12963.2843005431
2020-10-23,12983.26,13037.26,12729.82,12941.59,4996.39791976,64526705.9760027,12914.645112794
2020-10-24,12940.03,13182.83,12887.38,13122.73,2820.82333324,36821705.6727943,13053.5313002041
2020-10-25,13115.18,13363.53,12903.74,13039.09,3658.60280875,47845374.4497769,13077.4989663674
2020-10-26,13041.12,13250,12773.5,13066.73,5725.19571956,74788651.0499264,13063.0732490791
2020-10-27,13065.1,13788,13057.09,13647.9,11242.75450774,151171567.906172,13446.1326005205
2020-10-28,13642.31,13864.89,12892,13274.73,10670.86461819,142691342.504919,13372.050682911
2020-10-29,13275.82,13650,12993,13468.44,8894.95694501,118490203.354408,13321.0541756338
2020-10-30,13456.14,13675.56,13129.26,13562.13,8981.11986042,120405656.894864,13406.5304512297
2020-10-31,13569.42,14100,13420.97,13816.08,6337.39292768,87241558.7915366,13766.1590163503
2020-11-01,13799.44,13907.47,13629.31,13762,2534.08581497,34875344.3616193,13762.4953960102
2020-11-02,13762,13842.5,13220,13563.72,7065.41110933,95702657.7436191,13545.2355514376
2020-11-03,13578.82,14083.76,13287.7,14041.58,7225.86635614,98510026.2183018,13632.9709633497
2020-11-04,14041.58,14277.5,13520.87,14160.59,10926.32680544,151965232.195521,13908.1719686309
2020-11-05,14168.49,15770.58,14100,15605.04,18422.63186045,275183510.528739,14937.2528644785
2020-11-06,15608.32,15968.98,15196.01,15598.09,13479.46706771,209882776.605057,15570.5544997272
2020-11-07,15603.28,15778.6,14351,14838.97,10933.92419186,164850613.389908,15076.985215668
2020-11-08,14829.32,15664.9,14727.19,15489.15,5046.49916395,76984757.6783739,15255.0818254999
2020-11-09,15484.68,15854.48,14824.66,15332.04,14466.07953692,222261730.899216,15364.337679187
2020-11-10,15349.32,15482.76,15092.47,15313.65,8966.48171393,137414341.910513,15325.335655013
2020-11-11,15314.94,15991.01,15290.85,15707.89,10013.26427187,156732759.248847,15652.5140047639
2020-11-12,15702,16369.99,15481,16300,16261.47118864,259198499.717201,15939.4249579504
2020-11-13,16300,16494.52,15970.33,16335.58,7843.22421583,127681269.225695,16279.1813305548
2020-11-14,16339.06,16341.89,15715.1,16086.34,5046.32670498,80655331.9076995,15982.9786343608
2020-11-15,16092.8,16170,15786.46,15975.49,3225.70533016,51544809.3523352,15979.3918156121
2020-11-16,15975.49,16894.93,15875.5,16724.62,7511.71484029,123266891.101702,16409.9534823321
2020-11-17,16727.85,17868,16570,17680.63,9824.73852957,169577027.737953,17260.2077121512
2020-11-18,17681.77,18483,17041.47,17785.95,15717.92072069,280945357.605393,17874.2063023372
2020-11-19,17792.96,18189.97,17346.62,17825.47,10506.69646215,186936815.961629,17792.1591848648
2020-11-20,17822.37,18824.88,17755.81,18687.65,10020.01351326,184068115.502569,18370.0466330691
2020-11-21,18685.08,18977,18333.45,18725,5937.50536305,111093107.89647,18710.4012718572
2020-11-22,18726.43,18770.55,17600,18435.2,6417.21771734,117382677.732039,18291.8334553087
2020-11-23,18432.6,18786.31,18001.95,18383.35,9412.08722183,173587680.27995,18443.0590355493
2020-11-24,18386.92,19442.13,18068.56,19160.85,13262.83116668,251204225.158967,18940.4676876279
2020-11-25,19175.13,19490,18470.91,18732.43,8962.62225501,170770460.463641,19053.6268967692
2020-11-26,18727.24,18911.04,16218,17160.09,21424.98655676,367461144.565434,17151.056015458402
2020-11-27,17168.31,17471.89,16435.47,17154.39,8964.83242941,151877681.862157,16941.4970171565
2020-11-28,17160.38,17896.03,16875.01,17741.79,4471.52202455,77855085.7575607,17411.3166233137
2020-11-29,17724.41,18352.47,17534.87,18192.03,3736.1591794,67393875.4121421,18038.2773260119
2020-11-30,18196.75,19864.15,18196.75,19700.19,10612.67092499,202854958.360566,19114.4114233201
