article_date,element_id,word_count,sd,ave_sentiment
2012-02-28,1,2841,0.213692119,0.12632643
2012-03-02,2,1875,0.20022968,0.08522777
2012-03-03,3,1102,0.308617166,0.121933606
2012-03-05,4,4563,0.301178742,0.173005906
2012-04-04,5,805,0.330260145,0.127774208
2012-04-05,6,1109,0.2419007,0.167280981
2012-04-07,7,556,0.295272432,0.281220844
2012-04-08,8,2069,0.201017797,0.202984203
2012-04-10,9,616,0.28617257,0.123595528
2012-04-12,10,263,0.501452536,-0.038401497
2012-04-16,11,1266,0.258024505,0.081849326
2012-04-25,12,1058,0.295011588,0.021922961
2012-04-27,13,991,0.231940589,0.25940461
2012-04-28,14,650,0.289571548,0.276581054
2012-05-02,15,958,0.211919755,0.16795473
2012-05-08,16,1001,0.294459347,-0.064067894
2012-05-09,17,1081,0.252953087,0.110631507
2012-05-14,18,1214,0.296892867,0.033883816
2012-05-15,19,2515,0.301186955,0.180034374
2012-05-21,20,1919,0.338344556,-0.024971036
2012-05-24,21,1033,0.272534813,-0.041478633
2012-05-26,22,1207,0.333710996,-0.079284287
2012-05-30,23,1422,0.294101877,0.229081982
2012-05-31,24,2444,0.297568103,0.131984213
2012-06-04,25,5894,0.165272118,0.10207152
2012-06-05,26,884,0.329193188,0.214091768
2012-06-08,27,1334,0.269209992,0.143095349
2012-06-11,28,1111,0.247112207,0.107116421
2012-06-12,29,778,0.151894801,-0.021680782
2012-06-14,30,370,0.278687015,0.139292939
2012-06-15,31,918,0.243614771,0.107411475
2012-06-16,32,182,0.246207016,0.079683362
2012-06-19,33,1201,0.235424351,0.099420071
2012-06-26,34,1025,0.286429507,0.204305929
2012-06-29,35,1354,0.285170357,0.10764099
2012-07-05,36,1935,0.336389379,0.087872334
2012-07-12,37,749,0.273106676,0.071509996
2012-07-17,38,1209,0.25097986,-0.05874314
2012-07-21,39,746,0.170229308,0.173938106
2012-07-24,40,858,0.285840435,0.344932022
2012-07-28,41,1181,0.293528852,0.064927575
2012-07-31,42,258,0.290645572,0.003008962
2012-08-02,43,462,0.178049882,-0.04122615
2012-08-03,44,332,0.260912608,0.120947291
2012-08-06,45,265,0.264438974,-0.02445566
2012-08-09,46,1304,0.257418662,0.119685331
2012-08-11,47,1026,0.250235556,0.200566603
2012-08-16,48,899,0.288185981,0.004897074
2012-08-18,49,750,0.243990864,0.097451077
2012-08-23,50,1717,0.219089333,0.032338284
2012-08-30,51,997,0.187538428,0.057561249
2012-09-01,52,1484,0.260020826,0.150946381
2012-09-05,53,603,0.234546757,0.070151237
2012-09-06,54,1221,0.217047746,0.159907625
2012-09-09,55,166,0.134760365,0.00813159
2012-09-11,56,1482,0.220774971,0.199312618
2012-09-16,57,393,0.452990187,-0.048035113
2012-09-19,58,867,0.168328157,0.202701533
2012-09-21,59,673,0.223697673,0.106209496
2012-09-22,60,404,0.284608453,0.116803767
2012-09-26,61,552,0.20035715,0.212264343
2012-10-03,62,626,0.187676134,0.323379205
2012-10-05,63,1349,0.271687512,0.090664218
2012-10-10,64,2686,0.249590572,0.04105775
2012-10-15,65,3000,0.243039154,0.03765937
2012-10-16,66,523,0.243388958,0.003139989
2012-10-17,67,1393,0.296085675,0.276652037
2012-11-03,68,1366,0.228558996,0.116436501
2012-11-06,69,872,0.269517127,0.167337905
2012-11-07,70,193,0.198586007,0.169129585
2012-11-08,71,1501,0.232079743,0.051713282
2012-11-09,72,621,0.187640923,0.146047924
2012-11-14,73,449,0.307143268,0.203341233
2012-11-16,74,720,0.273286777,0.076057403
2012-11-20,75,2024,0.233784221,0.097684683
2012-11-23,76,1697,0.330930749,0.100798937
2012-11-27,77,2005,0.241673478,0.097879156
2012-12-02,78,2150,0.266133635,0.076105832
2012-12-03,79,748,0.236849505,0.264135224
2012-12-05,80,1033,0.274799301,0.010165766
2012-12-06,81,456,0.302467972,0.274532192
2012-12-10,82,1146,0.20224429,0.105370798
2012-12-13,83,854,0.284903028,0.087208457
2012-12-17,84,1251,0.243251388,-0.014994845
2012-12-26,85,2675,0.24153213,0.16938033
2012-12-29,86,700,0.264509073,0.106706061
2013-01-03,87,433,0.309396418,0.164174898
2013-01-04,88,1455,0.202513442,0.056798375
2013-01-08,89,814,0.226732452,0.064857267
2013-01-09,90,1030,0.240017675,0.34315521
2013-01-11,91,1013,0.240577606,0.22045719
2013-02-14,92,998,0.245141202,0.100839097
2013-02-15,93,1163,0.236338383,0.188005656
2013-02-17,94,745,0.273271661,-0.069863391
2013-02-20,95,500,0.333039082,0.28265019
2013-02-22,96,871,0.304743129,0.323997348
2013-02-27,97,5224,0.232961228,0.148179852
2013-02-28,98,1572,0.266255709,0.121152851
2013-03-05,99,761,0.20824095,0.226078037
2013-03-06,100,1249,0.320687863,0.250787001
2013-03-08,101,917,0.24192246,0.135789723
2013-03-12,102,2153,0.304155682,0.084258828
2013-03-13,103,2868,0.272685464,0.033707314
2013-03-19,104,1703,0.258502763,0.156028362
2013-03-25,105,1589,0.266227304,0.232973097
2013-03-27,106,1091,0.346867683,0.090724219
2013-03-28,107,2613,0.289322251,0.160129159
2013-04-01,108,1124,0.309960347,0.101219881
2013-04-02,109,954,0.150088131,0.193312736
2013-04-03,110,1008,0.257911428,0.215137541
2013-04-05,111,843,0.226451075,0.126325161
2013-04-06,112,923,0.239613855,-0.040884687
2013-04-07,113,2103,0.241150666,0.072380816
2013-04-10,114,1701,0.257950564,0.166180996
2013-04-11,115,319,0.168981667,0.204042138
2013-04-13,116,508,0.313797617,0.020731759
2013-04-14,117,3442,0.270865016,0.075520481
2013-04-15,118,3869,0.306641838,0.120646691
2013-04-19,119,707,0.434080986,0.142080668
2013-04-21,120,324,0.29633627,0.18152266
2013-04-22,121,1121,0.285740115,0.131749246
2013-04-23,122,630,0.355556115,0.305713205
2013-04-24,123,1584,0.273585027,0.103883907
2013-04-25,124,799,0.275663229,0.207343976
2013-04-26,125,1354,0.278060397,0.170634827
2013-04-29,126,823,0.291274837,0.09437719
2013-05-01,127,465,0.228197754,0.052735495
2013-05-02,128,920,0.233781101,0.25272969
2013-05-03,129,1860,0.276699281,0.056196193
2013-05-06,130,2967,0.254507183,0.087266767
2013-05-09,131,2300,0.28989078,0.191225466
2013-05-13,132,338,0.212622728,-0.075408648
2013-05-14,133,1293,0.252407854,0.302449582
2013-05-15,134,529,0.219667592,0.277081456
2013-05-16,135,549,0.213678432,0.278210058
2013-05-17,136,2858,0.216027549,0.096254737
2013-05-18,137,360,0.174345886,0.217160909
2013-05-19,138,195,0.080280973,0.070227207
2013-05-21,139,1849,0.256882372,0.199009358
2013-05-22,140,811,0.193820224,0.117887274
2013-05-23,141,676,0.286851947,0.166203543
2013-05-25,142,767,0.3112982,0.202996818
2013-05-27,143,782,0.302514713,0.005022826
2013-05-28,144,974,0.23324511,0.227452257
2013-05-29,145,516,0.134721778,0.099849119
2013-05-31,146,2885,0.268985415,0.156134141
2013-06-03,147,2792,0.282247749,0.139679583
2013-06-04,148,1789,0.272119941,0.202682834
2013-06-05,149,407,0.128586418,0.004365799
2013-06-06,150,996,0.24774724,0.107875534
2013-06-08,151,1404,0.204989925,0.234846884
2013-06-10,152,969,0.209887465,0.160716645
2013-06-11,153,1586,0.302119419,0.172679365
2013-06-13,154,1907,0.290183235,0.121560375
2013-06-14,155,1644,0.239856794,0.155218827
2013-06-15,156,3462,0.270178827,0.225399251
2013-06-17,157,1031,0.170122326,0.2630653
2013-06-18,158,1295,0.234453435,0.234620531
2013-06-20,159,8119,0.245867359,0.150622797
2013-06-21,160,1029,0.192077746,0.084962466
2013-06-22,161,664,0.212577962,0.213804715
2013-06-24,162,2236,0.270827438,0.19310434
2013-06-26,163,4869,0.21184553,0.165241416
2013-06-27,164,2838,0.289456676,0.12359664
2013-06-28,165,1423,0.257656305,0.116221465
2013-06-29,166,1228,0.219705381,0.17513107
2013-07-02,167,4529,0.317855024,0.148814604
2013-07-03,168,640,0.214810771,0.20997993
2013-07-04,169,2503,0.284581118,0.245725864
2013-07-06,170,472,0.315852332,0.07027932
2013-07-08,171,2618,0.312167157,0.223613484
2013-07-09,172,1041,0.283416668,0.062241433
2013-07-10,173,530,0.27730297,0.307259353
2013-07-11,174,1582,0.199677193,0.136028495
2013-07-12,175,4101,0.208458182,0.170842739
2013-07-16,176,445,0.232898877,0.185499976
2013-07-18,177,2317,0.227810569,0.065893358
2013-07-20,178,505,0.23507595,0.227748501
2013-07-21,179,822,0.281610852,0.18248148
2013-07-23,180,3822,0.278755899,0.184400375
2013-07-24,181,1812,0.260629361,0.134219507
2013-07-25,182,2052,0.330679638,0.10982039
2013-07-26,183,1292,0.264688645,0.136574755
2013-07-27,184,3019,0.261416122,-0.01234441
2013-07-28,185,884,0.230761448,0.254819529
2013-07-29,186,4544,0.292550695,0.078368271
2013-07-30,187,985,0.193856775,0.141183575
2013-07-31,188,4417,0.434467352,0.206036326
2013-08-01,189,1258,0.30610547,0.296223922
2013-08-02,190,2642,0.228532811,0.249201499
2013-08-03,191,3903,0.252589052,0.223121782
2013-08-05,192,1621,0.271973459,0.119927969
2013-08-06,193,3031,0.230030449,0.224620086
2013-08-07,194,502,0.19180071,0.170779734
2013-08-08,195,973,0.246787623,0.232663437
2013-08-09,196,1684,0.206961182,0.100640814
2013-08-10,197,1282,0.252827721,0.298218484
2013-08-12,198,926,0.238856881,-0.06032256
2013-08-13,199,4605,0.234724331,0.168991714
2013-08-14,200,1005,0.244665146,0.150398212
2013-08-15,201,501,0.227883086,0.249222819
2013-08-16,202,1219,0.246241228,0.200354994
2013-08-19,203,2173,0.233086346,0.146460811
2013-08-20,204,1623,0.237844684,0.189571311
2013-08-21,205,1086,0.265184848,0.148761723
2013-08-23,206,1730,0.232734922,0.101113511
2013-08-26,207,3199,0.298046329,0.116195942
2013-08-27,208,3869,0.252396226,0.058755972
2013-08-29,209,2802,0.30204366,0.161462776
2013-08-30,210,4372,0.273243149,0.260639404
2013-09-01,211,1991,0.273641955,0.11346733
2013-09-03,212,2185,0.23804325,0.190761334
2013-09-04,213,1934,0.286293215,0.194103749
2013-09-07,214,4992,0.263858079,0.075147849
2013-09-09,215,2782,0.241998261,0.168447964
2013-09-12,216,754,0.248249255,0.241388369
2013-09-14,217,903,0.293902047,0.173613535
2013-09-15,218,2100,0.206898379,0.091437129
2013-09-16,219,628,0.236426566,0.226908997
2013-09-19,220,1350,0.269464887,0.21642451
2013-09-20,221,2032,0.249637583,0.095617971
2013-09-21,222,689,0.262950955,-0.00360242
2013-09-22,223,5295,0.26489713,0.148891244
2013-09-25,224,3108,0.290980228,0.049861375
2013-09-26,225,1268,0.221370327,0.203347897
2013-09-27,226,2155,0.200162711,0.151363474
2013-09-29,227,1888,0.279333219,0.127964493
2013-09-30,228,685,0.276007801,0.214524956
2013-10-02,229,4337,0.323661795,0.020138915
2013-10-04,230,2385,0.256434413,0.140970795
2013-10-08,231,743,0.200355068,0.216424266
2013-10-09,232,642,0.226672573,0.194408532
2013-10-10,233,1178,0.304113124,0.106417409
2013-10-12,234,2685,0.236075165,0.220107583
2013-10-15,235,358,0.168702577,0.171331881
2013-10-16,236,3637,0.236288424,0.201755253
2013-10-17,237,4253,0.203377855,0.224634031
2013-10-18,238,2343,0.252411362,0.116885917
2013-10-19,239,3489,0.298465342,0.1463473
2013-10-20,240,680,0.218103107,0.136656004
2013-10-22,241,3272,0.217132807,0.046830858
2013-10-23,242,2061,0.209919973,0.13384069
2013-10-24,243,1429,0.279725921,0.156279185
2013-10-25,244,759,0.160060387,0.046868478
2013-10-27,245,2056,0.253276463,0.189856791
2013-10-28,246,4759,0.258286223,0.104328414
2013-10-29,247,2375,0.230346687,0.112551625
2013-10-30,248,872,0.170607907,0.233985254
2013-11-02,249,2306,0.245977945,0.137077518
2013-11-04,250,6236,0.257519415,0.102974885
2013-11-05,251,769,0.189211038,0.211690856
2013-11-06,252,1426,0.280550151,0.234055932
2013-11-07,253,462,0.35643511,0.333457581
2013-11-08,254,3748,0.270414933,0.096450757
2013-11-09,255,706,0.219881872,0.278304415
2013-11-10,256,1362,0.266838944,0.10979908
2013-11-11,257,939,0.236720435,0.22949847
2013-11-12,258,2115,0.238321738,0.226454418
2013-11-13,259,753,0.25731502,0.281168485
2013-11-14,260,1480,0.247204953,0.276170009
2013-11-20,261,4367,0.269238908,0.154581953
2013-11-22,262,2536,0.217125946,0.202651649
2013-11-23,263,1261,0.251169296,0.276826558
2013-11-25,264,455,0.195257881,0.1942154
2013-11-26,265,4569,0.235540988,0.18344045
2013-11-27,266,719,0.206864131,0.185841197
2013-11-28,267,2747,0.224807601,0.187301167
2013-11-29,268,831,0.295033281,0.154160492
2013-11-30,269,510,0.226210007,0.190004089
2013-12-02,270,3988,0.260447805,0.12546331
2013-12-03,271,4018,0.267146478,0.124711296
2013-12-04,272,3500,0.290252704,0.208754798
2013-12-05,273,2310,0.316179824,0.115925157
2013-12-06,274,1055,0.26954592,0.164091598
2013-12-07,275,1652,0.23873533,0.071242874
2013-12-08,276,664,0.176632324,0.132940716
2013-12-09,277,480,0.354283964,0.376681235
2013-12-10,278,2573,0.22171147,0.093930789
2013-12-11,279,5371,0.246656633,0.17636719
2013-12-12,280,870,0.23028418,0.340895385
2013-12-14,281,1516,0.269767475,0.139004356
2013-12-16,282,592,0.364737142,0.469772948
2013-12-17,283,3427,0.251608358,0.214238332
2013-12-18,284,2409,0.280226267,0.003495928
2013-12-19,285,862,0.192868674,0.095631102
2013-12-20,286,663,0.238022265,0.209826209
2013-12-21,287,433,0.249048483,-0.069047606
2013-12-23,288,1846,0.253197999,0.212912225
2013-12-24,289,2386,0.313255605,0.175765929
2013-12-25,290,657,0.279478308,0.391670031
2013-12-26,291,631,0.308370026,0.24255434
2013-12-27,292,1106,0.176604878,0.104335783
2013-12-29,293,477,0.201535053,0.0360435
2013-12-30,294,1265,0.276957162,0.069538143
2013-12-31,295,3134,0.230060214,0.150199649
2014-01-01,296,741,0.233911099,0.17630392
2014-01-02,297,2080,0.190185986,0.11489472
2014-01-03,298,2481,0.222987979,0.042278051
2014-01-04,299,956,0.202789013,0.129784416
2014-01-07,300,834,0.22222046,0.057142296
2014-01-08,301,2176,0.255884125,0.107898848
2014-01-09,302,4598,0.252574432,0.131699565
2014-01-10,303,1303,0.215040386,0.179560076
2014-01-11,304,2605,0.260217456,0.219737076
2014-01-14,305,1979,0.255462645,0.123731198
2014-01-16,306,1505,0.210962222,0.091980518
2014-01-17,307,652,0.243330619,0.127824596
2014-01-19,308,624,0.204081959,0.048013276
2014-01-20,309,1236,0.198091027,0.016839679
2014-01-21,310,2678,0.245429797,0.154624771
2014-01-22,311,1726,0.23697151,0.195392496
2014-01-23,312,3133,0.256274341,0.252797833
2014-01-24,313,4296,0.252166509,0.186032395
2014-01-27,314,1227,0.278359975,0.039323186
2014-01-29,315,2478,0.271976654,0.04250863
2014-01-30,316,3588,0.266412204,0.138297793
2014-01-31,317,1415,0.255101685,0.079467575
2014-02-01,318,2102,0.262705043,0.348551308
2014-02-02,319,583,0.172347105,0.110458262
2014-02-03,320,3587,0.264509354,0.09186478
2014-02-04,321,2459,0.284508776,0.156403422
2014-02-05,322,5228,0.225258313,0.156536664
2014-02-06,323,1621,0.258611981,0.171689605
2014-02-07,324,3578,0.244052116,0.140383673
2014-02-08,325,3483,0.275188965,0.147510642
2014-02-10,326,3321,0.26996561,0.094649676
2014-02-12,327,444,0.188093269,0.253670955
2014-02-13,328,1524,0.22151872,0.079938464
2014-02-14,329,8412,0.285876932,0.141088555
2014-02-15,330,1104,0.256647301,0.192873043
2014-02-16,331,3136,0.25410235,0.065276331
2014-02-17,332,1572,0.281799341,0.271059619
2014-02-18,333,5717,0.256101587,0.210724653
2014-02-19,334,1759,0.26824856,0.007275678
2014-02-20,335,2529,0.299766122,0.152858117
2014-02-21,336,1779,0.331350389,0.16010332
2014-02-22,337,2649,0.269546344,0.175295684
2014-02-23,338,2267,0.25191933,0.084447395
2014-02-24,339,2999,0.268001415,0.160179597
2014-02-25,340,3806,0.27391956,0.164893638
2014-02-27,341,3503,0.251709715,0.149119296
2014-02-28,342,3025,0.314226352,0.193409928
2014-03-01,343,6973,0.291313881,0.118313046
2014-03-02,344,1800,0.263448084,0.220064236
2014-03-03,345,2825,0.205587346,0.166961625
2014-03-04,346,5329,0.235271046,0.149188235
2014-03-05,347,1645,0.273001943,0.064821901
2014-03-06,348,4640,0.286822572,0.126682121
2014-03-07,349,6741,0.282709666,0.16890839
2014-03-08,350,1072,0.283090632,0.337201633
2014-03-09,351,923,0.248686349,-0.046450824
2014-03-10,352,2008,0.27064607,0.051169217
2014-03-11,353,6503,0.314344153,0.136024902
2014-03-12,354,2213,0.249512109,0.15710054
2014-03-13,355,5122,0.274396146,0.060476587
2014-03-14,356,4446,0.291438696,0.149574305
2014-03-17,357,2570,0.244843837,0.252466777
2014-03-18,358,4770,0.294773167,0.195792223
2014-03-19,359,3876,0.252302376,0.160643429
2014-03-20,360,1481,0.244650436,0.146665426
2014-03-21,361,3432,0.274908187,0.138557673
2014-03-22,362,1309,0.271053551,0.304595611
2014-03-23,363,573,0.242816465,0.083654898
2014-03-24,364,3023,0.265031407,0.209727825
2014-03-25,365,5382,0.235896451,0.076784289
2014-03-26,366,2177,0.279951617,0.032212889
2014-03-27,367,2070,0.282467481,0.260387634
2014-03-28,368,5294,0.259391607,0.160871582
2014-03-29,369,1197,0.192154603,0.127191854
2014-03-31,370,2193,0.227744043,0.134199798
2014-04-01,371,5016,0.305116887,0.038742851
2014-04-02,372,3325,0.256325115,0.20679219
2014-04-03,373,1724,0.224947395,0.095556029
2014-04-05,374,11609,0.273357176,0.126446272
2014-04-07,375,3872,0.296665859,0.164007593
2014-04-08,376,4341,0.230229848,0.179502757
2014-04-09,377,6811,0.284291829,0.203102278
2014-04-10,378,4380,0.267626306,0.148498182
2014-04-11,379,1843,0.227956602,0.201541869
2014-04-12,380,3582,0.26569453,0.170486021
2014-04-14,381,727,0.145297561,-0.054629222
2014-04-15,382,608,0.157033924,0.191591597
2014-04-16,383,11301,0.266421658,0.154174532
2014-04-17,384,2841,0.215756409,0.090411435
2014-04-18,385,1167,0.318888628,0.253574839
2014-04-19,386,3903,0.269732969,0.105060751
2014-04-20,387,1310,0.230060936,0.21918732
2014-04-22,388,1676,0.215411319,0.249542316
2014-04-24,389,3074,0.280380404,0.04922406
2014-04-25,390,2181,0.271686838,0.159383076
2014-04-26,391,907,0.232654596,0.16691061
2014-04-29,392,4774,0.240039419,0.153789311
2014-04-30,393,5370,0.286484958,0.138194522
2014-05-02,394,1953,0.208479329,0.179939897
2014-05-03,395,1273,0.24124863,0.193924665
2014-05-05,396,4152,0.260788215,0.104530631
2014-05-06,397,5848,0.297806956,0.131511103
2014-05-07,398,3831,0.244706525,0.074092189
2014-05-08,399,1731,0.248755935,0.19743139
2014-05-10,400,1367,0.33452039,0.062473647
2014-05-12,401,3498,0.253013267,0.245393135
2014-05-13,402,9316,0.235608762,0.138050141
2014-05-14,403,4110,0.310425705,0.077652998
2014-05-15,404,2138,0.239100679,0.194571298
2014-05-16,405,3829,0.259721078,0.112412303
2014-05-19,406,10260,0.258020241,0.221614183
2014-05-20,407,894,0.247958851,0.189188828
2014-05-22,408,5415,0.282048899,0.207546966
2014-05-23,409,3509,0.319804804,0.21898663
2014-05-28,410,7808,0.285124611,0.201323651
2014-05-29,411,702,0.249055457,0.188159685
2014-05-30,412,2880,0.237164617,0.083465256
2014-06-01,413,951,0.262778147,0.192329832
2014-06-02,414,4319,0.220885868,0.161309817
2014-06-03,415,3756,0.287855547,0.114856804
2014-06-04,416,2309,0.231157835,0.188419605
2014-06-05,417,4620,0.254525282,0.148573234
2014-06-06,418,1653,0.220078119,0.148580344
2014-06-10,419,1911,0.244586477,0.164725184
2014-06-12,420,733,0.30359249,0.227514773
2014-06-13,421,413,0.220240766,0.257922695
2014-06-15,422,13532,0.247702295,0.115276917
2014-06-17,423,6395,0.278257887,0.137931355
2014-06-20,424,10329,0.281194947,0.112192044
2014-06-21,425,1880,0.268112486,0.215602938
2014-06-23,426,1489,0.290356085,0.140681079
2014-06-25,427,3218,0.253963355,0.193340243
2014-06-30,428,1672,0.259845693,0.087913064
2014-07-01,429,4194,0.2920508,0.191481891
2014-07-02,430,3598,0.248114918,0.19138815
2014-07-03,431,4107,0.301188938,0.198631835
2014-07-07,432,1322,0.215178154,0.238619923
2014-07-08,433,603,0.271729304,0.27483537
2014-07-09,434,2235,0.248673146,0.085734329
2014-07-10,435,666,0.216489743,0.277753245
2014-07-11,436,564,0.303412314,0.217977649
2014-07-15,437,2227,0.245920784,0.185906931
2014-07-16,438,3579,0.230912499,0.180984352
2014-07-17,439,867,0.195478888,0.19371793
2014-07-18,440,1979,0.219247876,0.223776451
2014-07-20,441,2852,0.228193649,0.147597497
2014-07-22,442,2726,0.273111911,0.104495546
2014-07-23,443,1571,0.274082929,0.113093924
2014-07-24,444,1435,0.225444233,0.269229385
2014-07-25,445,3858,0.368474689,0.197563445
2014-07-28,446,6438,0.267124275,0.183369095
2014-07-29,447,2700,0.285062172,0.05971517
2014-07-30,448,15610,0.30754169,0.157751963
2014-07-31,449,569,0.278327517,0.273434966
2014-08-01,450,2302,0.256573749,0.229603542
2014-08-04,451,595,0.204659916,0.239145823
2014-08-05,452,2654,0.257419367,0.186892404
2014-08-08,453,757,0.282164358,0.286916809
2014-08-11,454,2155,0.257977056,0.214298679
2014-08-12,455,978,0.194444232,0.124738546
2014-08-13,456,546,0.312319865,0.251056312
2014-08-14,457,3345,0.291781403,0.123766825
2014-08-16,458,839,0.190055822,0.096532676
2014-08-19,459,6203,0.303647429,0.176626116
2014-08-20,460,4287,0.2145425,0.130317787
2014-08-22,461,1768,0.283427264,0.144908026
2014-08-26,462,1286,0.248012449,0.19375082
2014-08-27,463,2592,0.356132654,0.096002346
2014-08-28,464,3075,0.252772413,0.22228153
2014-08-29,465,7162,0.228201174,0.103083658
2014-08-30,466,707,0.247437846,0.236519893
2014-09-02,467,11041,0.274874454,0.080325813
2014-09-05,468,1951,0.254079178,0.030082013
2014-09-08,469,845,0.22083766,0.014722374
2014-09-09,470,1692,0.252683425,0.236968814
2014-09-10,471,2963,0.202992045,0.202674486
2014-09-11,472,646,0.297395535,0.340177412
2014-09-12,473,2120,0.30112765,0.192321572
2014-09-13,474,757,0.24083391,0.217465634
2014-09-15,475,5350,0.258679097,0.114869065
2014-09-16,476,2264,0.24691928,0.203047107
2014-09-17,477,701,0.251587702,0.180664958
2014-09-19,478,1469,0.264074022,0.164976262
2014-09-20,479,1589,0.273629321,0.297696403
2014-09-21,480,836,0.343331361,0.382758947
2014-09-22,481,3557,0.274029321,0.145970665
2014-09-23,482,4807,0.291389529,0.18184163
2014-09-24,483,582,0.211270082,0.311662114
2014-09-25,484,2623,0.257291562,0.15440889
2014-09-26,485,803,0.220428585,0.187740352
2014-09-27,486,1883,0.246134647,0.211934828
2014-09-29,487,7175,0.281672659,0.173508659
2014-09-30,488,6442,0.277655468,0.19294597
2014-10-01,489,3167,0.291270839,0.238847634
2014-10-02,490,3374,0.310760192,0.232077557
2014-10-03,491,602,0.194928149,0.197562543
2014-10-04,492,692,0.257257246,0.103015954
2014-10-05,493,259,0.163469035,0.189074469
2014-10-06,494,1805,0.287973293,0.117467563
2014-10-07,495,5604,0.254699878,0.125483219
2014-10-08,496,1552,0.20288573,0.134566914
2014-10-09,497,889,0.240866072,0.092790646
2014-10-10,498,2991,0.241576394,0.210554536
2014-10-11,499,2085,0.185444993,0.194211317
2014-10-12,500,745,0.26260618,0.120661496
2014-10-13,501,589,0.243124099,0.030661004
2014-10-14,502,4324,0.270798403,0.11770098
2014-10-15,503,512,0.231283669,0.302829442
2014-10-16,504,5917,0.282021534,0.177532471
2014-10-17,505,5349,0.271332064,0.098207946
2014-10-20,506,6079,0.307945635,0.242216417
2014-10-21,507,3269,0.268287904,0.230080719
2014-10-22,508,5559,0.239653252,0.165113667
2014-10-23,509,1881,0.265269048,0.249427876
2014-10-24,510,1738,0.234287485,0.258974305
2014-10-25,511,3529,0.260299005,0.1131375
2014-10-26,512,1123,0.20814622,0.196514777
2014-10-27,513,619,0.334004491,0.174709423
2014-10-28,514,7014,0.235360872,0.139048065
2014-10-29,515,4007,0.287067093,0.184586342
2014-10-30,516,6808,0.267614089,0.217492457
2014-10-31,517,3004,0.273694438,0.220920974
2014-11-03,518,293,0.185084154,0.267124597
2014-11-04,519,2079,0.30986912,0.227912505
2014-11-05,520,6497,0.269606917,0.181150036
2014-11-06,521,2187,0.237580091,0.078642791
2014-11-07,522,141,0.196955483,0.297108563
2014-11-08,523,1165,0.227891187,0.139354353
2014-11-10,524,5016,0.246295949,0.116424562
2014-11-11,525,2094,0.25116645,0.22335652
2014-11-12,526,6195,0.224372068,0.137412752
2014-11-13,527,1496,0.213323334,0.288283888
2014-11-14,528,5567,0.238699129,0.147630697
2014-11-17,529,3649,0.27876088,0.185515419
2014-11-18,530,5923,0.248122885,0.170323219
2014-11-19,531,2716,0.235829338,0.178703627
2014-11-20,532,2964,0.267096204,0.260375418
2014-11-21,533,1996,0.247294799,0.180701381
2014-11-24,534,1293,0.185641407,0.135833743
2014-11-25,535,1744,0.208922155,0.185887293
2014-11-26,536,2785,0.241265329,0.117219843
2014-11-27,537,2704,0.203435175,0.180176729
2014-11-28,538,384,0.301048703,0.335355016
2014-11-30,539,1681,0.229656651,0.17088987
2014-12-09,540,541,0.303992646,0.305088156
2014-12-10,541,914,0.277207275,0.233207121
2014-12-15,542,58,0.278969665,0.235915496
2014-12-17,543,148,0.136424799,0.155887419
2014-12-21,544,83,0.258230509,0.159738488
2014-12-22,545,1548,0.309754264,0.356921762
2014-12-25,546,1711,0.327648862,-0.066168258
2015-01-15,547,77,0.211149069,0.241129015
2015-01-16,548,2359,0.291079067,0.131902342
2015-01-21,549,435,0.307330494,0.258951812
2015-01-22,550,1658,0.256914695,0.093605751
2015-01-23,551,1881,0.253615158,0.028228829
2015-01-27,552,3572,0.23986313,0.084950516
2015-01-29,553,2405,0.266307277,0.126892039
2015-01-30,554,1078,0.245519354,0.082438852
2015-01-31,555,1107,0.207255549,0.117128173
2015-02-02,556,279,0.226941884,0.293931489
2015-02-03,557,854,0.270773328,0.105090268
2015-02-05,558,515,0.138889563,0.044538941
2015-02-12,559,945,0.290691216,0.254209069
2015-02-13,560,1591,0.298761744,0.190125981
2015-02-16,561,279,0.226941884,0.293931489
2015-02-17,562,1067,0.184376545,0.210020818
2015-02-18,563,771,0.209193358,0.107896455
2015-02-19,564,754,0.236018358,0.132878196
2015-02-20,565,1599,0.297279941,0.194783498
2015-02-21,566,417,0.25139325,0.028267484
2015-02-22,567,841,0.214642025,0.110209578
2015-02-23,568,651,0.282226886,0.002166681
2015-02-24,569,1026,0.29815339,0.202266716
2015-02-25,570,2880,0.267092345,0.249220991
2015-02-26,571,741,0.295685053,0.115700369
2015-02-27,572,3081,0.268837014,0.287153626
2015-02-28,573,731,0.253457295,0.227526681
2015-03-02,574,2097,0.177594511,0.173378883
2015-03-03,575,1042,0.292899252,0.220038115
2015-03-04,576,1035,0.238512328,0.267977367
2015-03-05,577,1084,0.250323473,0.17885767
2015-03-06,578,566,0.281288179,0.137339961
2015-03-07,579,324,0.183248456,0.057388168
2015-03-09,580,2747,0.296213005,0.200362022
2015-03-10,581,1143,0.258608609,0.234095323
2015-03-11,582,1218,0.217113183,0.188197334
2015-03-12,583,2028,0.320833034,0.170848517
2015-03-13,584,1509,0.180056997,0.143670847
2015-03-14,585,2716,0.231826018,0.170673286
2015-03-16,586,1801,0.206807531,0.166687868
2015-03-17,587,572,0.200156377,0.241276216
2015-03-18,588,1572,0.229764971,0.183369771
2015-03-19,589,1090,0.36069249,0.359658182
2015-03-20,590,1228,0.219061294,0.15888082
2015-03-21,591,1717,0.230333014,0.256015696
2015-03-22,592,794,0.230751481,0.35829881
2015-03-23,593,1695,0.233213103,0.224762828
2015-03-24,594,1274,0.268202241,0.25099911
2015-03-25,595,2022,0.234938828,0.189336836
2015-03-26,596,1336,0.234192216,0.217821495
2015-03-27,597,1479,0.20115718,0.223913756
2015-03-29,598,474,0.242295127,0.245167159
2015-03-30,599,1333,0.189294379,0.15954772
2015-03-31,600,3679,0.231003253,0.193311832
2015-04-01,601,2650,0.247106122,0.078535123
2015-04-02,602,937,0.245173313,0.21756672
2015-04-03,603,582,0.341946874,0.341053108
2015-04-04,604,520,0.207867255,0.084833956
2015-04-05,605,938,0.195100103,0.120838041
2015-04-06,606,490,0.195604629,0.223108653
2015-04-07,607,1557,0.254596459,0.235700741
2015-04-08,608,1262,0.178038205,0.090438862
2015-04-09,609,2008,0.253067425,0.184812943
2015-04-10,610,2410,0.310719933,0.223455936
2015-04-11,611,1751,0.220819556,0.156903083
2015-04-13,612,1162,0.18341371,0.196673249
2015-04-14,613,3072,0.228867584,0.205146758
2015-04-15,614,1311,0.221488052,0.294108778
2015-04-16,615,2761,0.30578445,0.235868876
2015-04-17,616,634,0.485989612,0.263894156
2015-04-18,617,1354,0.215189945,0.057203751
2015-04-20,618,2315,0.265159873,0.219814505
2015-04-21,619,1670,0.260202412,0.245070548
2015-04-22,620,4837,0.246114289,0.235197671
2015-04-23,621,1236,0.189045535,0.104332541
2015-04-24,622,1143,0.252909763,0.171705401
2015-04-27,623,4074,0.26902045,0.195843503
2015-04-28,624,2250,0.259873579,0.186978033
2015-04-29,625,993,0.26633772,0.167662651
2015-04-30,626,2679,0.239233365,0.187401607
2015-05-01,627,1659,0.21142786,0.231219052
2015-05-02,628,548,0.216599325,0.097322532
2015-05-04,629,2630,0.24480656,0.254578693
2015-05-05,630,1617,0.181751711,0.119244669
2015-05-06,631,3262,0.2531271,0.196061829
2015-05-07,632,3366,0.271927447,0.113346853
2015-05-08,633,1930,0.250525383,0.144087632
2015-05-10,634,663,0.174066459,0.183907687
2015-05-11,635,1438,0.187870991,0.131592913
2015-05-12,636,1653,0.256853793,0.207789782
2015-05-13,637,1915,0.191943301,0.19446198
2015-05-14,638,3571,0.255599225,0.226315018
2015-05-15,639,2288,0.237514912,0.189585281
2015-05-16,640,1093,0.27500781,0.22854117
2015-05-18,641,2137,0.219702319,0.137080171
2015-05-19,642,2469,0.257887068,0.105606173
2015-05-20,643,1777,0.345513197,0.269301314
2015-05-21,644,6298,0.252922696,0.199008689
2015-05-22,645,2578,0.265043728,0.179296701
2015-05-23,646,2237,0.252218102,0.155541802
2015-05-26,647,6335,0.268824604,0.246223288
2015-05-27,648,1563,0.189700314,0.187297286
2015-05-28,649,3848,0.234557715,0.183991812
2015-05-29,650,2976,0.228547232,0.174128194
2015-05-30,651,2127,0.255538592,0.208255168
2015-06-01,652,2701,0.245810253,0.220698804
2015-06-02,653,3226,0.251826956,0.199967742
2015-06-03,654,1291,0.194992173,0.090957887
2015-06-04,655,2415,0.194788805,0.203446777
2015-06-05,656,2778,0.236709315,0.022148635
2015-06-06,657,2326,0.294971019,0.198997684
2015-06-08,658,2325,0.210857661,0.163812105
2015-06-09,659,3601,0.223402157,0.247772155
2015-06-10,660,1493,0.244599692,0.18530655
2015-06-11,661,1147,0.247207644,0.178560556
2015-06-12,662,2308,0.217242171,0.209024909
2015-06-13,663,522,0.316251051,0.290852356
2015-06-15,664,1644,0.251280423,0.120208981
2015-06-16,665,4015,0.263649433,0.293766137
2015-06-17,666,1381,0.206104878,0.144518217
2015-06-18,667,3130,0.254258722,0.107899333
2015-06-19,668,592,0.271143816,0.199744738
2015-06-20,669,1260,0.300949711,0.225053335
2015-06-22,670,1322,0.290165682,0.309922919
2015-06-23,671,2916,0.304810861,0.124772388
2015-06-24,672,3634,0.231304153,0.232184857
2015-06-25,673,2067,0.24901082,0.194549477
2015-06-26,674,2200,0.203107836,0.214086018
2015-06-27,675,1223,0.290754456,0.233115924
2015-06-29,676,1872,0.292332791,0.141147117
2015-06-30,677,4241,0.326230295,0.21860998
2015-07-01,678,1855,0.252216283,0.117083581
2015-07-02,679,2038,0.234302897,0.225059582
2015-07-03,680,969,0.24561895,0.319164974
2015-07-05,681,550,0.236214032,0.335644091
2015-07-06,682,1798,0.236617446,0.004890744
2015-07-07,683,3528,0.278129072,0.164590691
2015-07-08,684,3911,0.298851404,0.134214375
2015-07-09,685,1396,0.220767704,0.259422388
2015-07-10,686,1747,0.23188057,0.133917301
2015-07-12,687,953,0.236340088,0.023860808
2015-07-13,688,2530,0.229260246,0.195607382
2015-07-14,689,1800,0.267459344,0.11447438
2015-07-15,690,2758,0.250000671,0.257036105
2015-07-16,691,2085,0.228591977,0.188291636
2015-07-17,692,2165,0.260369297,0.220349153
2015-07-20,693,2560,0.285558502,0.217186737
2015-07-21,694,1161,0.222743001,0.20482728
2015-07-23,695,1588,0.26596468,0.280154561
2015-07-24,696,1838,0.182371055,0.149262084
2015-07-27,697,1269,0.175180534,0.081829185
2015-07-28,698,4383,0.297731933,0.105514535
2015-07-29,699,3937,0.303154857,0.20972487
2015-07-30,700,2090,0.291504137,0.164912642
2015-07-31,701,1700,0.251795949,0.224464077
2015-08-02,702,920,0.244480216,-0.080472978
2015-08-03,703,1062,0.207912291,0.174410664
2015-08-04,704,320,0.171078114,0.136800647
2015-08-05,705,1016,0.215333375,0.221581825
2015-08-06,706,2649,0.245220816,0.210973217
2015-08-07,707,2842,0.212481565,0.212243571
2015-08-10,708,2225,0.303706424,0.215459901
2015-08-11,709,1698,0.295384842,0.113189992
2015-08-12,710,2666,0.294579985,0.214199489
2015-08-13,711,2324,0.302809509,0.185842688
2015-08-14,712,1855,0.210915549,0.208387752
2015-08-15,713,783,0.201160716,0.150243248
2015-08-17,714,3082,0.264693292,0.06593565
2015-08-18,715,3755,0.258169954,0.144662716
2015-08-19,716,2900,0.264001488,0.204962398
2015-08-20,717,2370,0.243633792,0.218139655
2015-08-21,718,1720,0.2444632,0.144966114
2015-08-22,719,2355,0.259067858,-0.005779952
2015-08-24,720,390,0.229625981,0.117460542
2015-08-25,721,3270,0.217714072,0.037652834
2015-08-26,722,1378,0.222154902,0.18753302
2015-08-27,723,1778,0.285595359,0.263947101
2015-08-28,724,2971,0.316198148,0.030554491
2015-08-29,725,953,0.180262323,0.107005642
2015-08-30,726,724,0.196419467,0.160140787
2015-08-31,727,917,0.189286507,0.162079715
2015-09-01,728,2207,0.269285005,0.160699201
2015-09-02,729,3848,0.252918888,0.25732822
2015-09-03,730,1424,0.244748392,0.204358872
2015-09-04,731,777,0.166812286,0.200595715
2015-09-07,732,2349,0.225030657,0.099905052
2015-09-08,733,1755,0.237944492,0.13464186
2015-09-09,734,1417,0.200284586,0.200321096
2015-09-10,735,3380,0.2964095,0.163477597
2015-09-11,736,1268,0.237318096,0.100919718
2015-09-12,737,4073,0.277073977,-0.011772144
2015-09-14,738,2248,0.285049482,0.206885687
2015-09-15,739,1583,0.316843912,0.181721871
2015-09-16,740,1458,0.246005153,0.252329486
2015-09-17,741,2107,0.237663094,0.225381036
2015-09-18,742,2052,0.22569801,0.210524111
2015-09-20,743,388,0.270607347,0.284804656
2015-09-21,744,2209,0.250497263,0.21073784
2015-09-23,745,1822,0.237607423,0.225849474
2015-09-24,746,1330,0.238280816,0.160195156
2015-09-25,747,650,0.192529537,0.149104026
2015-09-28,748,1967,0.228861846,0.201231136
2015-09-29,749,1971,0.341185711,0.192270648
2015-09-30,750,3918,0.277630039,0.182604487
2015-10-01,751,2878,0.274247833,0.143582854
2015-10-02,752,1962,0.249063942,0.053166353
2015-10-05,753,1982,0.246452889,0.14703809
2015-10-07,754,1984,0.285122165,-0.042311163
2015-10-08,755,2849,0.236536944,0.206827677
2015-10-12,756,2406,0.23679782,0.21885163
2015-10-13,757,1436,0.237089197,0.095765016
2015-10-14,758,3507,0.262612105,0.039444219
2015-10-16,759,3191,0.232257563,0.137129692
2015-10-19,760,2485,0.316452475,-0.044759667
2015-10-20,761,1213,0.164292542,0.169525994
2015-10-21,762,2108,0.293745081,0.173916197
2015-10-22,763,2790,0.227871679,0.143200508
2015-10-23,764,850,0.286055663,0.191612761
2015-10-26,765,622,0.310606987,0.14092552
2015-10-27,766,590,0.239331463,0.162166908
2015-10-28,767,1420,0.226763027,0.214841169
2015-10-29,768,222,0.31687477,-0.067517828
2015-10-30,769,3846,0.293934197,0.069990041
2015-11-02,770,2885,0.234521201,0.132088199
2015-11-03,771,2655,0.212916055,0.12968221
2015-11-04,772,1633,0.239973316,0.087304702
2015-11-05,773,3108,0.292114384,0.059687893
2015-11-06,774,768,0.25273653,0.260871476
2015-11-09,775,2382,0.256114804,0.125392951
2015-11-10,776,1129,0.234055361,0.228035599
2015-11-11,777,1974,0.19240579,0.163621163
2015-11-12,778,1639,0.224406221,0.091700309
2015-11-13,779,1628,0.257671106,0.226645226
2015-11-16,780,560,0.238152953,0.236453006
2015-11-18,781,3156,0.193395247,0.112863872
2015-11-19,782,1931,0.260822378,0.13424917
2015-11-23,783,2310,0.307164446,0.1125928
2015-11-24,784,2201,0.235420291,0.095986681
2015-11-25,785,622,0.181914953,0.132991317
2015-11-30,786,2180,0.261941683,0.166624544
2015-12-01,787,4116,0.266741245,0.161855799
2015-12-02,788,3461,0.233729024,0.144677552
2015-12-03,789,688,0.202473591,0.159626561
2015-12-04,790,772,0.250779258,0.040565622
2015-12-07,791,1885,0.30273902,0.018795994
2015-12-08,792,562,0.203095536,0.134969746
2015-12-10,793,3307,0.221739578,0.133754368
2015-12-11,794,1612,0.328842109,0.2384878
2015-12-14,795,564,0.202967547,0.232132855
2015-12-16,796,1434,0.188458776,0.156607554
2015-12-17,797,689,0.283842889,0.334546761
2015-12-19,798,1950,0.209279436,0.082228936
2015-12-22,799,3813,0.232923,0.051641148
2015-12-28,800,2371,0.251664229,-0.032351714
2015-12-29,801,2159,0.271538291,-0.005784707
2015-12-31,802,502,0.233608169,0.280640563
2016-01-05,803,1287,0.25003444,0.124667037
2016-01-06,804,2117,0.250171137,0.23119072
2016-01-07,805,2092,0.261297899,0.026500985
2016-01-08,806,1014,0.217788755,0.051640073
2016-01-11,807,2362,0.236500045,0.128994294
2016-01-12,808,1279,0.25953574,0.189459836
2016-01-13,809,2097,0.249313134,0.110402616
2016-01-14,810,1735,0.217157727,0.202421297
2016-01-15,811,3375,0.200531382,0.098831751
2016-01-18,812,1488,0.200492631,0.134366215
2016-01-19,813,1557,0.178150472,0.082969535
2016-01-20,814,2672,0.256852814,0.267527941
2016-01-21,815,3071,0.286033792,0.128388281
2016-01-22,816,2462,0.244353251,0.139642913
2016-01-25,817,2333,0.228751556,0.17876172
2016-01-26,818,2819,0.212474645,0.14092899
2016-01-27,819,2885,0.245751635,0.148974114
2016-01-28,820,3299,0.244956971,0.111231167
2016-01-29,821,1987,0.216230697,0.127250518
2016-02-01,822,2932,0.263910502,0.113067296
2016-02-02,823,1726,0.314428348,0.224144918
2016-02-03,824,2313,0.215884374,0.114882975
2016-02-04,825,2303,0.255695008,0.224524358
2016-02-05,826,1814,0.212028365,0.076038303
2016-02-08,827,4593,0.252106284,0.04936822
2016-02-09,828,1528,0.292720863,0.265649317
2016-02-10,829,1346,0.205504473,0.13899951
2016-02-11,830,1868,0.259730229,0.014820983
2016-02-13,831,814,0.191601398,0.215441122
2016-02-14,832,1667,0.365709161,0.094674797
2016-02-15,833,707,0.202831344,0.081397719
2016-02-16,834,1308,0.219017329,0.131246435
2016-02-17,835,2038,0.222942627,0.181866438
2016-02-18,836,2042,0.296574199,0.113689479
2016-02-19,837,2803,0.254829422,0.167327996
2016-02-20,838,808,0.24660034,0.092653597
2016-02-22,839,2026,0.307008579,0.067088782
2016-02-23,840,2494,0.239282332,0.078353048
2016-02-24,841,2503,0.239631017,0.129196026
2016-02-25,842,2231,0.200481453,0.097954524
2016-02-26,843,3037,0.252535783,0.066684181
2016-02-29,844,2540,0.286071715,0.128875583
2016-03-01,845,1421,0.259254332,0.220096177
2016-03-02,846,3464,0.269332849,0.144705444
2016-03-03,847,1971,0.269607184,0.196258981
2016-03-04,848,2906,0.239495213,0.112374464
2016-03-06,849,1251,0.199071662,0.122802431
2016-03-07,850,3393,0.339399281,0.010053378
2016-03-08,851,1480,0.245481968,0.148535396
2016-03-09,852,1844,0.294307442,0.274817688
2016-03-10,853,1215,0.149431323,0.045700712
2016-03-11,854,1414,0.245616422,0.155678961
2016-03-14,855,2587,0.268981693,0.199094868
2016-03-15,856,3846,0.252566849,0.022017336
2016-03-16,857,1964,0.186057065,0.138257539
2016-03-17,858,1935,0.245048045,0.108139125
2016-03-18,859,2210,0.340809515,0.146686297
2016-03-19,860,1222,0.179591648,0.117542783
2016-03-21,861,2189,0.246610375,0.138218206
2016-03-22,862,3091,0.292497851,0.069294819
2016-03-23,863,1498,0.3020063,0.142342256
2016-03-24,864,4453,0.291661129,0.141616207
2016-03-25,865,4161,0.277855636,0.155105085
2016-03-28,866,2915,0.227674844,0.127994398
2016-03-29,867,2847,0.279264114,0.066301603
2016-03-30,868,1638,0.337647224,0.283806636
2016-03-31,869,2224,0.251018673,0.258709652
2016-04-01,870,2736,0.231713667,0.122837045
2016-04-04,871,2929,0.216291357,0.144827155
2016-04-05,872,2016,0.293578959,0.159773783
2016-04-06,873,2690,0.21700145,0.180977086
2016-04-07,874,2667,0.264839058,0.166958555
2016-04-08,875,1425,0.205546838,0.231148808
2016-04-11,876,2110,0.24964184,0.208405938
2016-04-12,877,1907,0.209428352,0.112609011
2016-04-13,878,2634,0.244605889,0.187876538
2016-04-14,879,3792,0.277331951,0.168271589
2016-04-15,880,1626,0.215849198,0.128329742
2016-04-18,881,2519,0.25267165,0.12623843
2016-04-19,882,1579,0.279483895,0.173282383
2016-04-20,883,2545,0.305826988,0.0190916
2016-04-21,884,4020,0.233012793,0.098706937
2016-04-22,885,2630,0.190108671,0.156229739
2016-04-25,886,2424,0.271760593,0.256527706
2016-04-26,887,2563,0.257946705,0.15302655
2016-04-27,888,2691,0.224967049,0.175537382
2016-04-28,889,3190,0.250281204,0.142835376
2016-04-29,890,2271,0.316841643,0.155252777
2016-05-02,891,2064,0.248213162,0.204791911
2016-05-03,892,4424,0.275593454,0.085758736
2016-05-04,893,1521,0.2333997,0.201397443
2016-05-05,894,2730,0.228643304,0.082509804
2016-05-06,895,1833,0.255636576,0.16806279
2016-05-09,896,783,0.287367,0.402327503
2016-05-10,897,1498,0.242999048,0.146593906
2016-05-11,898,2779,0.241909166,0.104153573
2016-05-12,899,2352,0.193184574,0.142465978
2016-05-13,900,1249,0.237153553,0.207154013
2016-05-16,901,1838,0.2930057,0.254184179
2016-05-17,902,3077,0.307032269,0.095860653
2016-05-18,903,2556,0.237499112,0.168292823
2016-05-19,904,1895,0.240303679,0.260355089
2016-05-20,905,2379,0.256378727,0.027839879
2016-05-23,906,2889,0.320507131,0.178373491
2016-05-24,907,2719,0.268999641,0.166805163
2016-05-25,908,3449,0.248056409,0.175840302
2016-05-26,909,1557,0.234147078,0.120873293
2016-05-27,910,2360,0.249958187,0.176758076
2016-05-31,911,2448,0.217563068,0.077955586
2016-06-01,912,1677,0.236390459,0.206350777
2016-06-02,913,3944,0.236987688,0.158168856
2016-06-03,914,1750,0.259076325,0.171577654
2016-06-06,915,1349,0.231216834,0.112191025
2016-06-07,916,3248,0.259534546,0.238965564
2016-06-08,917,1772,0.275526768,0.190822773
2016-06-09,918,1637,0.276770732,0.266417041
2016-06-10,919,2214,0.208562186,0.189171418
2016-06-14,920,3320,0.266593667,0.161020777
2016-06-15,921,1641,0.185279185,0.260156521
2016-06-16,922,870,0.236690316,0.140919596
2016-06-17,923,812,0.2492217,0.120282058
2016-06-20,924,3115,0.255992462,0.03339436
2016-06-21,925,7430,0.255447961,0.003215496
2016-06-23,926,734,0.210129197,0.138711861
2016-06-24,927,1740,0.279124446,0.19382668
2016-06-27,928,1890,0.239713628,0.104110829
2016-06-28,929,2717,0.288804643,0.192271182
2016-06-29,930,1626,0.25016385,0.145159373
2016-06-30,931,3104,0.266859314,0.183673858
2016-07-01,932,2475,0.260043551,-0.005743079
2016-07-05,933,2274,0.181831317,0.017014379
2016-07-06,934,1858,0.30607791,0.107440279
2016-07-07,935,1907,0.259486266,0.099974048
2016-07-08,936,1847,0.293385853,0.180166923
2016-07-09,937,132,0.144366926,0.14495335
2016-07-11,938,2893,0.276605528,0.191823997
2016-07-12,939,613,0.221177982,0.067626713
2016-07-13,940,790,0.187036803,-0.006863554
2016-07-14,941,1993,0.249938821,0.128613963
2016-07-16,942,534,0.213407734,0.238937854
2016-07-18,943,1789,0.236732851,-0.000146442
2016-07-20,944,3722,0.30187472,0.091187208
2016-07-25,945,605,0.245585855,0.085592399
2016-07-26,946,1487,0.246676432,0.139485317
2016-07-27,947,2247,0.259692154,0.214109924
2016-07-28,948,2607,0.254729569,0.042260455
2016-07-29,949,850,0.245242032,0.038427955
2016-07-30,950,2246,0.222612395,0.075363692
2016-07-31,951,954,0.25025734,0.079645294
2016-08-01,952,1931,0.257434908,0.243145539
2016-08-02,953,1661,0.302968743,0.237366954
2016-08-03,954,725,0.149193772,0.004600968
2016-08-04,955,718,0.420038902,0.3491786
2016-08-05,956,3429,0.240198678,0.103421286
2016-08-08,957,2217,0.220850518,0.107747474
2016-08-09,958,2837,0.276610814,0.17324201
2016-08-12,959,2084,0.2002131,0.084312104
2016-08-16,960,1665,0.261945073,0.105785074
2016-08-18,961,779,0.335129389,0.305616639
2016-08-19,962,1854,0.28135585,0.183815912
2016-08-22,963,3462,0.236831592,0.180311648
2016-08-24,964,707,0.179955154,0.169497841
2016-08-25,965,2657,0.281745113,0.209552148
2016-08-26,966,1858,0.249790735,0.10259606
2016-08-29,967,1113,0.25315931,0.025359349
2016-08-30,968,3918,0.265503362,0.108989741
2016-08-31,969,1525,0.187717652,0.188255536
2016-09-01,970,1718,0.204898337,0.176733214
2016-09-02,971,1436,0.290041408,0.173265467
2016-09-05,972,2982,0.276757186,0.230492283
2016-09-06,973,1229,0.322768557,0.231875398
2016-09-07,974,4367,0.294241509,0.219623299
2016-09-09,975,2567,0.232564831,0.081442056
2016-09-12,976,2231,0.227448237,0.173656195
2016-09-14,977,1598,0.215392247,0.058337445
2016-09-15,978,2374,0.272577706,0.144006299
2016-09-16,979,927,0.176642202,-0.027598423
2016-09-19,980,694,0.160450573,0.232020285
2016-09-20,981,523,0.214527024,0.134786988
2016-09-21,982,679,0.265669605,0.203613692
2016-09-22,983,3207,0.273514425,0.082946841
2016-09-23,984,5226,0.27802742,0.064522616
2016-09-24,985,1036,0.151823132,0.035330599
2016-09-26,986,1931,0.295078038,0.10634588
2016-09-27,987,3246,0.207537635,0.126119405
2016-09-28,988,4411,0.31494299,0.166608441
2016-09-29,989,1320,0.296545755,0.311910831
2016-09-30,990,2291,0.294589046,0.045520892
2016-10-04,991,1415,0.204017325,0.272961489
2016-10-05,992,1017,0.257138267,0.211756493
2016-10-06,993,846,0.203398675,0.198127655
2016-10-07,994,3332,0.268076965,0.138076705
2016-10-11,995,3294,0.251664379,0.192572243
2016-10-12,996,1431,0.269709709,0.110786599
2016-10-13,997,2839,0.218210557,0.114650771
2016-10-17,998,845,0.203649119,0.201280971
2016-10-18,999,3249,0.293664243,0.166981581
2016-10-19,1000,865,0.306031865,0.101500693
2016-10-21,1001,956,0.274765564,0.332136605
2016-10-22,1002,1192,0.243131642,0.117671749
2016-10-24,1003,2083,0.26586193,0.193989149
2016-10-25,1004,1824,0.240892901,0.15106979
2016-10-26,1005,2325,0.231605715,0.258017225
2016-10-27,1006,1506,0.249309925,0.177584103
2016-10-28,1007,1296,0.193580664,0.097298106
2016-10-31,1008,2360,0.243707087,0.1506389
2016-11-02,1009,915,0.249924998,0.039055158
2016-11-04,1010,2352,0.215231522,0.140369938
2016-11-07,1011,1430,0.291364065,0.211723539
2016-11-08,1012,2691,0.253085981,0.223782478
2016-11-09,1013,714,0.22142167,0.224048968
2016-11-10,1014,677,0.316378991,0.11491174
2016-11-11,1015,2007,0.211022681,0.267841988
2016-11-14,1016,1608,0.262426065,0.261480736
2016-11-15,1017,1258,0.298974458,0.286459701
2016-11-16,1018,3624,0.279838885,0.205396367
2016-11-17,1019,2803,0.227134044,0.081724371
2016-11-18,1020,1699,0.257940414,0.124557729
2016-11-21,1021,3154,0.237398668,0.050365402
2016-11-22,1022,1245,0.200921685,0.10232579
2016-11-23,1023,1390,0.242279989,0.007976849
2016-11-25,1024,2007,0.211277053,0.115383656
2016-11-28,1025,859,0.235747729,0.316025703
2016-11-29,1026,1554,0.282732023,0.303395264
2016-11-30,1027,749,0.198672087,0.221517704
2016-12-01,1028,1480,0.276577826,0.253247765
2016-12-02,1029,3851,0.29430345,0.118271945
2016-12-05,1030,951,0.231386177,0.028104804
2016-12-06,1031,1421,0.251082101,0.027881891
2016-12-07,1032,1642,0.264582127,0.232602967
2016-12-08,1033,2002,0.230650536,0.213838666
2016-12-09,1034,662,0.448137086,0.333264164
2016-12-12,1035,1122,0.269342254,0.204240897
2016-12-13,1036,1121,0.25521916,0.146195982
2016-12-14,1037,1878,0.235956531,0.171539157
2016-12-15,1038,1507,0.31797039,0.188741523
2016-12-16,1039,1539,0.282796976,0.168530603
2016-12-19,1040,2573,0.303735804,0.245678042
2016-12-20,1041,900,0.252991213,0.242087731
2016-12-21,1042,3296,0.275525129,0.205948023
2016-12-22,1043,2861,0.23736969,0.096548749
2016-12-26,1044,1715,0.272393213,0.315537078
2016-12-27,1045,968,0.231692601,-0.064487673
2016-12-28,1046,1466,0.178438609,0.13799627
2016-12-29,1047,1161,0.213813438,0.218762465
2017-01-01,1048,911,0.247073942,0.178457415
2017-01-02,1049,1070,0.180931778,0.159957286
2017-01-03,1050,3700,0.28032738,0.258981292
2017-01-04,1051,2052,0.264171382,0.177229434
2017-01-06,1052,955,0.213973246,0.066965221
2017-01-09,1053,870,0.192453226,0.152178499
2017-01-11,1054,3078,0.235725907,0.17927063
2017-01-12,1055,5557,0.2471478,0.119037278
2017-01-13,1056,2809,0.265313909,0.144667666
2017-01-15,1057,2915,0.260092299,0.278605866
2017-01-16,1058,1322,0.230665387,0.098472465
2017-01-17,1059,2245,0.228814789,0.244832336
2017-01-18,1060,735,0.242652961,0.06246503
2017-01-19,1061,650,0.197986977,0.300549007
2017-01-20,1062,1083,0.218163623,0.115868185
2017-01-23,1063,1710,0.1879184,-0.014664209
2017-01-24,1064,792,0.326890496,0.230822177
2017-01-25,1065,3086,0.238024884,0.157709708
2017-01-26,1066,5013,0.268615694,0.104835249
2017-01-27,1067,2723,0.292950025,0.008796954
2017-01-31,1068,1569,0.16857211,0.163076563
2017-02-01,1069,1402,0.237521159,0.013687715
2017-02-02,1070,1416,0.196407344,0.109130338
2017-02-03,1071,2550,0.259064742,0.161286453
2017-02-06,1072,462,0.279619037,0.084018271
2017-02-07,1073,1776,0.238161732,0.089750776
2017-02-08,1074,3585,0.274648548,0.230353755
2017-02-09,1075,2047,0.260507182,0.177459233
2017-02-10,1076,2085,0.237099293,0.159661016
2017-02-13,1077,589,0.280554878,0.102339591
2017-02-14,1078,835,0.285562263,0.277369444
2017-02-15,1079,2354,0.30553494,0.215761048
2017-02-16,1080,667,0.26303171,0.227950026
2017-02-17,1081,502,0.179428574,0.230634265
2017-02-20,1082,1885,0.251457575,-0.052930726
2017-02-21,1083,578,0.200468681,0.281009785
2017-02-22,1084,2474,0.23472742,0.141371411
2017-02-23,1085,630,0.222928739,-0.044337282
2017-02-24,1086,2806,0.237122514,0.123812303
2017-02-27,1087,1897,0.304110625,0.179965769
2017-02-28,1088,732,0.243404913,0.257429906
2017-03-01,1089,2073,0.282086391,0.262839179
2017-03-02,1090,3776,0.252759608,0.173724333
2017-03-03,1091,3045,0.232245011,0.117851934
2017-03-04,1092,608,0.230130405,0.331335755
2017-03-06,1093,899,0.204691294,0.220097856
2017-03-07,1094,5350,0.280237201,0.102240367
2017-03-08,1095,4026,0.234279018,0.0825713
2017-03-09,1096,2978,0.278598762,0.181263517
2017-03-10,1097,1264,0.253242225,0.174240384
2017-03-11,1098,791,0.163408768,0.033678656
2017-03-13,1099,2551,0.245397143,0.155458777
2017-03-14,1100,4592,0.256817454,0.144544562
2017-03-15,1101,2593,0.297144574,0.092700071
2017-03-16,1102,1360,0.234628336,0.256248831
2017-03-17,1103,3408,0.26969697,0.187851631
2017-03-20,1104,2800,0.241414498,-0.012688668
2017-03-21,1105,1629,0.320822419,0.176542218
2017-03-22,1106,3612,0.220020439,0.046278361
2017-03-23,1107,3916,0.249068102,0.134968346
2017-03-24,1108,2291,0.290401001,0.310758715
2017-03-27,1109,2641,0.24529732,0.092943108
2017-03-28,1110,1543,0.212490218,0.013845626
2017-03-29,1111,2180,0.27343499,0.037972159
2017-03-30,1112,3810,0.264163911,0.17982864
2017-03-31,1113,2446,0.279100959,0.190355847
2017-04-03,1114,2661,0.266259009,0.112672404
2017-04-07,1115,1500,0.255641862,0.12236301
2017-04-10,1116,9937,0.289651533,0.159184764
2017-04-11,1117,5675,0.274176936,0.096227749
2017-04-12,1118,1971,0.281650062,0.184964374
2017-04-13,1119,2658,0.270635884,0.080108147
2017-04-14,1120,1604,0.256564135,0.000158327
2017-04-17,1121,1030,0.213166561,0.194115901
2017-04-18,1122,2467,0.323717349,0.209531298
2017-04-20,1123,4007,0.293843714,0.13486803
2017-04-21,1124,4209,0.214433345,0.124722023
2017-04-22,1125,1170,0.289417264,0.134442605
2017-04-23,1126,555,0.284734709,0.124744056
2017-04-24,1127,1540,0.31015559,0.209065123
2017-04-25,1128,2813,0.28777134,0.110887234
2017-04-26,1129,1597,0.217975528,-0.005961056
2017-04-28,1130,1964,0.288397612,0.18556167
2017-04-29,1131,614,0.29999546,0.381426607
2017-05-01,1132,2544,0.291458194,0.108172378
2017-05-02,1133,3286,0.231394659,0.232397552
2017-05-03,1134,1819,0.207843704,0.287864879
2017-05-04,1135,1353,0.252083252,0.190269843
2017-05-05,1136,2119,0.260915897,0.141092256
2017-05-08,1137,1155,0.283674747,0.262879019
2017-05-09,1138,1412,0.27028129,0.117266489
2017-05-10,1139,2312,0.235912833,0.169794866
2017-05-11,1140,1050,0.272224878,0.236865532
2017-05-12,1141,1327,0.239711255,0.108756786
2017-05-13,1142,894,0.230497702,0.029294926
2017-05-15,1143,2147,0.241030579,0.195794217
2017-05-16,1144,33465,0.284215268,0.199487889
2017-05-17,1145,7162,0.249081041,0.142443566
2017-05-18,1146,1137,0.237241295,0.21478737
2017-05-19,1147,4904,0.29329713,0.121496191
2017-05-22,1148,4709,0.243464472,0.227503788
2017-05-23,1149,2252,0.219022078,0.034443034
2017-05-24,1150,3987,0.252361823,0.088256093
2017-05-25,1151,2770,0.209232916,0.20404951
2017-05-26,1152,1676,0.266507806,0.261747175
2017-05-29,1153,2175,0.25473816,0.121017119
2017-05-30,1154,1182,0.166073931,0.189114088
2017-05-31,1155,2208,0.232436742,0.043386928
2017-06-01,1156,610,0.343489909,-0.097448863
2017-06-02,1157,3920,0.239384416,0.20234115
2017-06-03,1158,2223,0.239392619,0.107440162
2017-06-06,1159,2215,0.301641046,0.116808997
2017-06-07,1160,104,0.121483863,0.101116822
2017-06-08,1161,1771,0.268582177,0.146371111
2017-06-09,1162,1525,0.200567723,0.200731426
2017-06-10,1163,1048,0.206499199,0.063560987
2017-06-12,1164,1901,0.252662674,0.193938178
2017-06-13,1165,3289,0.301337943,0.125873534
2017-06-14,1166,4290,0.273539177,0.141620578
2017-06-15,1167,2950,0.238808274,0.105600133
2017-06-16,1168,4469,0.237542142,0.091449128
2017-06-19,1169,1280,0.19277173,-0.01819843
2017-06-20,1170,3420,0.251195331,0.062134662
2017-06-21,1171,2696,0.254393223,0.162056694
2017-06-22,1172,1823,0.319536712,0.179257409
2017-06-23,1173,1072,0.270816443,0.317368386
2017-06-26,1174,710,0.162767002,0.030035877
2017-06-27,1175,1720,0.29870091,-0.048470682
2017-06-28,1176,403,0.182944378,0.044823658
2017-06-30,1177,2925,0.316944889,0.017097882
2017-07-03,1178,4359,0.238984193,0.038862057
2017-07-04,1179,2075,0.174088259,0.112885111
2017-07-05,1180,1164,0.214709112,0.058622372
2017-07-06,1181,2423,0.209932472,0.136679151
2017-07-07,1182,798,0.23339137,0.033414228
2017-07-10,1183,1608,0.217189352,0.054335614
2017-07-11,1184,3685,0.243710267,0.097511427
2017-07-12,1185,3404,0.207116105,0.080991048
2017-07-13,1186,4019,0.242939842,0.106870066
2017-07-14,1187,1513,0.260868778,0.055827193
2017-07-15,1188,682,0.20970547,-0.004846541
2017-07-17,1189,2985,0.264250011,0.142575183
2017-07-18,1190,2271,0.214494923,0.111851337
2017-07-19,1191,1173,0.287860339,0.32579005
2017-07-20,1192,2239,0.232709031,0.052980382
2017-07-21,1193,4569,0.25113451,0.047837677
2017-07-24,1194,3453,0.246222266,0.196533161
2017-07-25,1195,2473,0.237641327,0.202711998
2017-07-26,1196,3371,0.201895609,0.169458685
2017-07-27,1197,1788,0.310330788,0.076204633
2017-07-28,1198,1866,0.291672301,0.140322573
2017-07-31,1199,3148,0.225557564,0.186559435
2017-08-01,1200,3213,0.247504074,0.106438417
2017-08-02,1201,2372,0.25456926,0.075652481
2017-08-04,1202,3740,0.191334158,0.166150951
2017-08-07,1203,5062,0.25427434,0.123904112
2017-08-08,1204,2890,0.243419885,0.176923311
2017-08-09,1205,1560,0.313439611,0.146829627
2017-08-11,1206,929,0.227308708,0.218068201
2017-08-14,1207,2239,0.230456266,0.102758409
2017-08-15,1208,1837,0.222498649,0.195502229
2017-08-16,1209,1510,0.211203171,0.158469141
2017-08-17,1210,2563,0.264882219,0.169283192
2017-08-18,1211,1193,0.216857694,0.016719227
2017-08-19,1212,1516,0.268573448,-0.034948682
2017-08-21,1213,496,0.183027539,0.09778419
2017-08-22,1214,5521,0.239479109,0.125126981
2017-08-23,1215,4832,0.26158517,0.100408584
2017-08-24,1216,3496,0.256071818,0.172885745
2017-08-25,1217,1213,0.329674669,0.133125404
2017-08-27,1218,1317,0.283264459,-0.004896114
2017-08-29,1219,1912,0.251533914,0.152127844
2017-08-30,1220,2655,0.213603055,0.12002355
2017-09-01,1221,4209,0.288069016,0.089612114
2017-09-04,1222,1080,0.219612393,0.12346312
2017-09-05,1223,1465,0.198962793,0.164432789
2017-09-06,1224,2455,0.250861309,0.034732858
2017-09-07,1225,1591,0.339789256,0.100097474
2017-09-08,1226,5362,0.285201613,0.222548532
2017-09-11,1227,662,0.228167414,0.083452565
2017-09-12,1228,2502,0.242651522,0.091068023
2017-09-13,1229,757,0.279664467,0.381004542
2017-09-14,1230,1028,0.314865152,0.181271553
2017-09-15,1231,1610,0.254281911,0.111367979
2017-09-18,1232,2331,0.229155721,0.180414229
2017-09-19,1233,3426,0.27946974,0.128723435
2017-09-20,1234,1474,0.316846081,0.138392607
2017-09-21,1235,4558,0.26736684,0.139626688
2017-09-22,1236,2952,0.26499131,0.125151197
2017-09-25,1237,2502,0.208690868,0.192969953
2017-09-26,1238,1127,0.298425628,0.224741019
2017-09-27,1239,1147,0.163729651,-0.009544477
2017-09-28,1240,4257,0.25839204,0.147494307
2017-09-29,1241,789,0.235401636,0.16728884
2017-10-02,1242,2247,0.244271606,0.0872182
2017-10-03,1243,4428,0.3235942,0.162721267
2017-10-04,1244,1778,0.172779306,0.116765282
2017-10-05,1245,1037,0.176042667,0.046046793
2017-10-06,1246,4882,0.242998144,0.015454195
2017-10-09,1247,1753,0.285526252,0.057423671
2017-10-10,1248,2031,0.324817732,0.279816185
2017-10-11,1249,3827,0.261218801,0.126570406
2017-10-12,1250,1156,0.231429295,0.185471916
2017-10-13,1251,3560,0.22591551,0.1286656
2017-10-17,1252,1975,0.212271739,0.148006734
2017-10-18,1253,1734,0.235262367,0.258561034
2017-10-19,1254,2465,0.235589218,0.20291369
2017-10-23,1255,2817,0.224061803,0.077930508
2017-10-24,1256,2342,0.204173662,0.226647928
2017-10-25,1257,2329,0.236269158,0.162441652
2017-10-26,1258,1182,0.279910495,0.159272206
2017-10-27,1259,479,0.207249233,0.17774057
2017-10-28,1260,2098,0.228423061,0.053841444
2017-10-30,1261,790,0.2429643,-0.015341623
2017-10-31,1262,5526,0.279189345,0.239065418
2017-11-07,1263,2616,0.26688798,0.121151171
2017-11-08,1264,1171,0.214361067,0.090413395
2017-11-09,1265,628,0.212894621,0.069999275
2017-11-10,1266,1982,0.244570274,0.039924048
2017-11-11,1267,598,0.222576605,0.150301281
2017-11-14,1268,1702,0.2747013,0.147338063
2017-11-15,1269,1916,0.257586901,0.153711736
2017-11-16,1270,3381,0.264058505,0.165335558
2017-11-17,1271,3808,0.270872473,0.112013111
2017-11-20,1272,2197,0.257154954,0.128895007
2017-11-21,1273,2317,0.205182143,0.13929726
2017-11-22,1274,3792,0.29548702,0.170476634
2017-11-23,1275,1148,0.261195642,0.172604438
2017-11-27,1276,3442,0.229918192,0.153824605
2017-11-28,1277,3348,0.207678214,0.131265907
2017-11-29,1278,2645,0.243007463,0.125843495
2017-11-30,1279,1210,0.291395074,0.125751605
2017-12-01,1280,9477,0.268046101,0.162109221
2017-12-04,1281,1303,0.216648942,0.152013618
2017-12-05,1282,1736,0.200354616,-0.047330183
2017-12-06,1283,1506,0.241524265,0.19601957
2017-12-07,1284,3806,0.261730017,0.244269672
2017-12-08,1285,1216,0.195529911,0.060005771
2017-12-11,1286,1609,0.20688992,0.111296736
2017-12-12,1287,2931,0.281562415,0.247489538
2017-12-13,1288,1867,0.262747052,0.183562262
2017-12-14,1289,2424,0.248694962,0.095618958
2017-12-15,1290,697,0.334553198,0.242560369
2017-12-18,1291,3896,0.255198472,0.14722501
2017-12-19,1292,3200,0.26798433,0.124175058
2017-12-20,1293,1228,0.230758867,0.123493449
2017-12-21,1294,1673,0.216852722,0.14623902
2017-12-22,1295,1526,0.264790203,0.118140168
2018-01-04,1296,494,0.147331597,-0.019826225
2018-01-05,1297,3953,0.250263964,0.0875723
2018-01-08,1298,854,0.187032847,0.154906741
2018-01-09,1299,1942,0.24078706,0.148471146
2018-01-10,1300,1872,0.297001369,0.141617454
2018-01-11,1301,1814,0.236503062,0.271863993
2018-01-15,1302,2623,0.265901429,0.106854318
2018-01-16,1303,1501,0.360132341,0.1046905
2018-01-17,1304,4207,0.295249338,0.176546346
2018-01-18,1305,3046,0.215196654,0.112687133
2018-01-19,1306,1981,0.248748645,0.086868
2018-01-22,1307,4075,0.265325975,0.073789347
2018-01-23,1308,613,0.2033951,0.196866194
2018-01-29,1309,1147,0.259972749,0.095124826
2018-01-30,1310,2752,0.217295272,0.168763923
2018-01-31,1311,1887,0.203483313,0.042789243
2018-02-01,1312,3757,0.232999752,0.032904472
2018-02-02,1313,1611,0.239955621,0.176257799
2018-02-03,1314,721,0.295432709,0.140579707
2018-02-06,1315,2298,0.277954196,0.139786666
2018-02-07,1316,4780,0.245702458,0.03730929
2018-02-08,1317,2532,0.254843706,0.228259684
2018-02-09,1318,2583,0.284428453,0.087119476
2018-02-12,1319,3528,0.237399274,0.159913165
2018-02-13,1320,3414,0.267426537,0.117141727
2018-02-14,1321,788,0.275909567,0.299787451
2018-02-15,1322,1489,0.253725275,0.232606815
2018-02-16,1323,2346,0.22053427,0.091789187
2018-02-19,1324,5645,0.212127701,0.135988681
2018-02-20,1325,2803,0.244269881,0.19461092
2018-02-21,1326,2733,0.285512402,0.133543421
2018-02-22,1327,3805,0.262186644,0.195632133
2018-02-27,1328,3459,0.282823872,0.16981832
2018-02-28,1329,1494,0.265903746,0.217714592
2018-03-01,1330,3021,0.264898552,0.100074292
2018-03-02,1331,2545,0.267159014,0.073551905
2018-03-03,1332,737,0.232356393,0.211353733
2018-03-05,1333,1491,0.310368473,0.074620889
2018-03-06,1334,1903,0.255219112,0.157492618
2018-03-07,1335,5135,0.274230141,0.20783436
2018-03-08,1336,2707,0.218602537,0.122805208
2018-03-09,1337,2521,0.203266766,0.203706472
2018-03-10,1338,742,0.252934699,0.103624892
2018-03-12,1339,1219,0.261890732,0.216671281
2018-03-13,1340,1413,0.247808579,0.211640331
2018-03-14,1341,2089,0.224114773,0.169897154
2018-03-15,1342,5077,0.221689504,0.130284581
2018-03-16,1343,3496,0.232093456,0.16154621
2018-03-19,1344,1369,0.245338521,0.268008428
2018-03-20,1345,5559,0.272596558,0.160716578
2018-03-21,1346,2411,0.23928665,0.195822515
2018-03-22,1347,3469,0.272686922,0.139284055
2018-03-23,1348,3251,0.246271774,0.091862123
2018-03-24,1349,653,0.198061175,0.126900394
2018-03-26,1350,4853,0.238798828,0.126769177
2018-03-27,1351,532,0.207588327,0.116945918
2018-03-28,1352,3033,0.234593663,0.184746147
2018-03-29,1353,2573,0.208894017,0.136167833
2018-03-30,1354,2877,0.270182924,0.094622066
2018-03-31,1355,754,0.203076467,0.176294385
2018-04-02,1356,2579,0.282419102,0.195534362
2018-04-03,1357,1449,0.245782599,0.148419367
2018-04-04,1358,4628,0.2107918,0.097410123
2018-04-05,1359,1364,0.292031537,0.169985785
2018-04-06,1360,2274,0.199509298,0.139812898
2018-04-07,1361,2323,0.223793354,0.070819898
2018-04-09,1362,3938,0.245336472,0.085257076
2018-04-10,1363,3668,0.252046072,0.164631625
2018-04-11,1364,4359,0.267404473,0.190930793
2018-04-12,1365,2093,0.261566277,0.08164988
2018-04-13,1366,4000,0.203991033,0.157461718
2018-04-14,1367,675,0.231849593,0.276456687
2018-04-16,1368,2439,0.194850025,0.107701418
2018-04-17,1369,1016,0.309807961,0.10384052
2018-04-18,1370,3242,0.257305796,0.150333416
2018-04-19,1371,1548,0.165195577,0.10023325
2018-04-20,1372,1631,0.166511594,0.052350285
2018-04-21,1373,663,0.196103964,0.094942697
2018-04-23,1374,1896,0.247012161,0.160291977
2018-04-24,1375,5690,0.221970686,0.151652871
2018-04-25,1376,1093,0.269790492,0.206143306
2018-04-26,1377,1711,0.260823976,0.197558914
2018-04-27,1378,2333,0.234538518,0.100879911
2018-04-28,1379,1777,0.217893216,0.164969962
2018-04-30,1380,1948,0.234299408,0.189717277
2018-05-01,1381,1714,0.273615322,0.197003545
2018-05-02,1382,5673,0.264311255,0.142678977
2018-05-03,1383,3216,0.254951999,0.080724674
2018-05-04,1384,2636,0.22210457,0.221345577
2018-05-05,1385,656,0.177207928,0.211873102
2018-05-07,1386,1741,0.21974588,0.2004449
2018-05-08,1387,1884,0.308759872,0.214550849
2018-05-09,1388,2105,0.216257625,0.154845866
2018-05-10,1389,3282,0.252853356,0.223610881
2018-05-11,1390,1925,0.239873904,0.022774667
2018-05-12,1391,803,0.166270111,0.189363755
2018-05-14,1392,1143,0.262711021,0.092497245
2018-05-15,1393,2623,0.269982074,0.271134679
2018-05-16,1394,2992,0.236358004,0.222526928
2018-05-17,1395,3304,0.247362434,0.284523864
2018-05-18,1396,1647,0.298751831,0.076298494
2018-05-19,1397,687,0.187055373,0.19271922
2018-05-21,1398,2847,0.288238552,0.160968539
2018-05-22,1399,4441,0.260947493,0.148598826
2018-05-23,1400,2008,0.181264546,0.162841057
2018-05-24,1401,930,0.277792059,0.115882984
2018-05-28,1402,1307,0.21205822,0.169708193
2018-05-29,1403,1474,0.218810477,0.199220869
2018-05-30,1404,1290,0.284071485,0.005597916
2018-05-31,1405,3843,0.26045337,0.191729183
2018-06-01,1406,1516,0.145033647,0.136082127
2018-06-03,1407,674,0.221083138,0.101615683
2018-06-04,1408,2731,0.249960529,0.122784863
2018-06-05,1409,893,0.210228088,0.129280772
2018-06-06,1410,1970,0.198887821,0.149706392
2018-06-07,1411,9008,0.232058215,0.160343608
2018-06-08,1412,2558,0.22229917,0.152305493
2018-06-09,1413,757,0.205238034,0.179887563
2018-06-11,1414,791,0.199616781,0.03438401
2018-06-12,1415,1510,0.227416113,0.080466401
2018-06-13,1416,4661,0.270669291,0.184644097
2018-06-14,1417,6355,0.247654455,0.095741705
2018-06-15,1418,4131,0.248715485,0.154432784
2018-06-16,1419,661,0.27133314,0.126002385
2018-06-18,1420,2498,0.308721364,0.062216475
2018-06-19,1421,2093,0.259400116,0.262371317
2018-06-20,1422,3029,0.286979309,0.034753476
2018-06-21,1423,855,0.211749077,0.119104841
2018-06-22,1424,1272,0.303589456,0.001052633
2018-06-23,1425,695,0.257919372,0.081967746
2018-06-25,1426,2458,0.211772557,0.13379182
2018-06-26,1427,2188,0.24076,0.092195381
2018-06-27,1428,1731,0.260877709,0.08132613
2018-06-28,1429,1427,0.270396236,0.125885738
2018-06-29,1430,4423,0.265021048,0.106164634
2018-07-04,1431,590,0.172317511,0.260407671
2018-07-05,1432,2796,0.233263906,0.113550646
2018-07-06,1433,2561,0.225028001,0.163818981
2018-07-07,1434,1200,0.316950753,0.058181312
2018-07-09,1435,872,0.257860202,0.273866891
2018-07-10,1436,1750,0.219320053,0.145730277
2018-07-11,1437,857,0.210976938,0.217658061
2018-07-12,1438,3892,0.20563951,0.151162502
2018-07-13,1439,4952,0.285832698,0.196659863
2018-07-14,1440,562,0.228461473,0.178280948
2018-07-16,1441,4485,0.219056661,0.207223107
2018-07-17,1442,3400,0.277873425,0.091227093
2018-07-18,1443,3119,0.258226477,0.158888037
2018-07-19,1444,5305,0.256111215,0.265820894
2018-07-20,1445,1901,0.284079172,0.16450793
2018-07-23,1446,1657,0.270918641,0.146381604
2018-07-24,1447,860,0.214642325,0.098185656
2018-07-25,1448,3417,0.260016313,0.146584897
2018-07-26,1449,2495,0.199091072,0.109681541
2018-07-27,1450,2103,0.209090256,0.077180369
2018-07-29,1451,590,0.242169321,0.073903231
2018-07-30,1452,4723,0.265548129,0.186042097
2018-07-31,1453,3890,0.260629004,0.147568042
2018-08-01,1454,998,0.259446028,0.246086328
2018-08-02,1455,4088,0.25112563,0.106542837
2018-08-03,1456,4994,0.241600763,0.150966945
2018-08-05,1457,663,0.360579825,0.264912671
2018-08-06,1458,2590,0.226710979,0.225989891
2018-08-07,1459,1503,0.205468387,0.128084533
2018-08-08,1460,2398,0.212614591,0.156848594
2018-08-09,1461,757,0.303315264,0.186873086
2018-08-10,1462,2888,0.250746258,0.126018544
2018-08-12,1463,635,0.289960948,0.134042161
2018-08-13,1464,888,0.426517592,0.250000238
2018-08-14,1465,4159,0.257643996,0.212570602
2018-08-15,1466,2962,0.291786856,0.11191897
2018-08-16,1467,1855,0.253304411,0.229189118
2018-08-17,1468,2020,0.296996193,0.12104064
2018-08-20,1469,1081,0.27202464,0.123293288
2018-08-21,1470,3524,0.26816851,0.167528251
2018-08-22,1471,4992,0.261438884,0.130056044
2018-08-23,1472,2861,0.226714971,-0.036150743
2018-08-24,1473,2520,0.288422299,0.237530198
2018-08-25,1474,798,0.197982708,0.19231506
2018-08-27,1475,1907,0.220102363,0.165020868
2018-08-28,1476,2789,0.227880832,0.201383943
2018-08-29,1477,1654,0.189314558,0.106273622
2018-08-30,1478,2784,0.210780731,0.063198483
2018-08-31,1479,1675,0.250633456,0.236498899
2018-09-03,1480,3297,0.224012949,0.109480185
2018-09-04,1481,3086,0.248065703,0.150782006
2018-09-05,1482,3598,0.215776699,0.152640418
2018-09-06,1483,2804,0.224272646,0.160680032
2018-09-07,1484,992,0.225752546,0.211610618
2018-09-10,1485,4108,0.255994265,0.11842171
2018-09-11,1486,4155,0.238411044,0.136714535
2018-09-12,1487,3089,0.239037145,0.141453101
2018-09-13,1488,1609,0.277341146,0.206038318
2018-09-14,1489,4707,0.238067535,0.114970942
2018-09-16,1490,569,0.143929013,0.177204928
2018-09-17,1491,797,0.27370766,0.019362387
2018-09-18,1492,3015,0.253174076,0.11430116
2018-09-19,1493,2866,0.258252421,0.106432153
2018-09-20,1494,5625,0.256773384,0.110401906
2018-09-21,1495,4769,0.322761285,0.050182624
2018-09-22,1496,938,0.226993939,0.12918217
2018-09-24,1497,8455,0.239297999,0.121996969
2018-09-25,1498,3002,0.248574142,0.072511831
2018-09-26,1499,3276,0.189692905,0.195225483
2018-09-27,1500,3929,0.258750247,0.112109911
2018-09-28,1501,3030,0.299785539,0.15930936
2018-09-29,1502,566,0.24756181,0.137292761
2018-10-01,1503,1531,0.219085854,0.064308168
2018-10-02,1504,1346,0.213269578,0.217346347
2018-10-03,1505,12714,0.251287799,0.131930332
2018-10-04,1506,1293,0.211962404,0.207351503
2018-10-05,1507,2084,0.324577404,0.062831194
2018-10-08,1508,2734,0.245151538,0.098288863
2018-10-09,1509,6210,0.283689636,0.205490259
2018-10-10,1510,1991,0.217560808,0.154711464
2018-10-11,1511,1141,0.186662498,0.095099093
2018-10-12,1512,2427,0.253081836,0.073553791
2018-10-13,1513,420,0.159970999,0.124730655
2018-10-15,1514,3317,0.256820643,0.155497267
2018-10-16,1515,3742,0.2414248,0.123908742
2018-10-17,1516,2811,0.269750736,0.105014497
2018-10-18,1517,3153,0.230207562,0.080043921
2018-10-22,1518,270,0.128528642,0.192661674
2018-10-23,1519,12147,0.268373467,0.110337819
2018-10-24,1520,2394,0.223831956,0.181694428
2018-10-25,1521,1906,0.222537969,0.110378804
2018-10-26,1522,2095,0.250581915,0.134911478
2018-10-29,1523,1983,0.227990572,0.187156489
2018-10-30,1524,7052,0.254851192,0.18542703
2018-10-31,1525,2176,0.244213094,0.175701821
2018-11-01,1526,246,0.146853732,0.191392288
2018-11-03,1527,582,0.247225422,-0.024407418
2018-11-05,1528,490,0.392287669,0.068845433
2018-11-06,1529,1981,0.284362448,0.275422209
2018-11-07,1530,3688,0.226655542,0.096160975
2018-11-08,1531,5133,0.285851772,0.117413523
2018-11-09,1532,1933,0.206059451,0.021303177
2018-11-12,1533,1244,0.26938138,0.047492764
2018-11-13,1534,2176,0.228538922,0.126488537
2018-11-14,1535,7698,0.225625019,0.02873874
2018-11-15,1536,2477,0.23220418,0.107872472
2018-11-16,1537,6521,0.255476042,0.084938253
2018-11-19,1538,5203,0.224068419,0.114212555
2018-11-20,1539,2574,0.240120413,0.128489674
2018-11-21,1540,2590,0.257341724,0.137800292
2018-11-22,1541,2997,0.23965319,0.254428685
2018-11-23,1542,1653,0.252640504,0.098405608
2018-11-26,1543,2210,0.209169067,0.073771198
2018-11-27,1544,5049,0.245478623,0.112159033
2018-11-28,1545,2478,0.246487747,0.045078268
2018-11-29,1546,1036,0.302077615,0.257289434
2018-12-03,1547,2476,0.329094433,0.11297247
2018-12-04,1548,3497,0.203619535,0.148095809
2018-12-05,1549,2043,0.218377166,0.238918318
2018-12-06,1550,1165,0.275002606,0.316140026
2018-12-07,1551,1345,0.239283333,0.171381746
2018-12-09,1552,1374,0.166676152,-0.02235248
2018-12-10,1553,754,0.211314398,0.058949157
2018-12-11,1554,2714,0.224497223,0.1176116
2018-12-12,1555,1757,0.205453356,0.092067328
2018-12-13,1556,469,0.240682328,0.213375426
2018-12-14,1557,1488,0.320724516,0.098402528
2018-12-17,1558,1753,0.206442338,0.186750844
2018-12-18,1559,2690,0.242693594,0.137778799
2018-12-19,1560,4209,0.248158798,0.147012605
2018-12-20,1561,1603,0.215023183,0.098687184
2018-12-21,1562,1221,0.259354884,0.149191728
2018-12-27,1563,1346,0.248544529,0.019370918
2018-12-28,1564,835,0.216789848,0.009445891
2018-12-31,1565,3150,0.217368247,0.031132073
2019-01-01,1566,962,0.24782388,0.170581266
2019-01-02,1567,1289,0.25686071,0.210488141
2019-01-03,1568,5179,0.274936174,0.114077107
2019-01-07,1569,758,0.233030551,0.165822316
2019-01-14,1570,357,0.287872883,0.230696081
2019-01-15,1571,5690,0.220759085,0.145058317
2019-01-16,1572,1058,0.201785121,0.111107082
2019-01-17,1573,3067,0.243537582,0.09337948
2019-01-18,1574,3781,0.245536385,0.103769514
2019-01-21,1575,5887,0.24913715,0.038703125
2019-01-22,1576,3695,0.252703562,0.103544787
2019-01-23,1577,2696,0.225824711,0.152135253
2019-01-24,1578,1541,0.201480165,0.091946033
2019-01-25,1579,3065,0.22921156,0.147955972
2019-01-26,1580,482,0.198658178,0.069019492
2019-01-28,1581,4885,0.221006708,0.130176612
2019-01-30,1582,1588,0.258648898,0.108612918
2019-01-31,1583,1232,0.250640373,0.170475216
2019-02-01,1584,3135,0.247788596,0.118168412
2019-02-04,1585,1909,0.255614001,0.082550351
2019-02-05,1586,2558,0.222886402,0.155336736
2019-02-06,1587,1313,0.20944936,0.14310643
2019-02-07,1588,1131,0.292696269,0.243236128
2019-02-08,1589,2846,0.264293927,0.0913466
2019-02-11,1590,978,0.269975499,0.304180914
2019-02-12,1591,436,0.140447626,0.210512924
2019-02-13,1592,749,0.208633249,0.037541098
2019-02-14,1593,4298,0.253962151,0.125356894
2019-02-15,1594,2504,0.273484571,0.05308002
2019-02-18,1595,3822,0.273114947,0.103480002
2019-02-19,1596,1473,0.222823408,0.125370965
2019-02-20,1597,938,0.271533566,0.006458965
2019-02-21,1598,799,0.232736244,0.071668984
2019-02-22,1599,1300,0.284378411,0.131399154
2019-02-25,1600,7570,0.224512999,-0.026123871
2019-02-26,1601,2105,0.267312098,0.102035306
2019-02-27,1602,294,0.155365338,0.003670287
2019-02-28,1603,2386,0.259177219,0.030131874
2019-03-01,1604,2988,0.314740797,0.03442577
2019-03-04,1605,1381,0.264669467,0.021819948
2019-03-05,1606,1969,0.204624445,0.071475344
2019-03-06,1607,1375,0.214865039,0.133630448
2019-03-08,1608,2341,0.167014691,0.100622673
2019-03-11,1609,376,0.15874589,0.07830884
2019-03-12,1610,1243,0.195707982,0.036719231
2019-03-13,1611,1264,0.187038724,0.070842364
2019-03-14,1612,1728,0.225423887,0.12288287
2019-03-15,1613,1446,0.205220504,-0.050769027
2019-03-18,1614,1965,0.243743355,0.114820278
2019-03-19,1615,2716,0.28600038,0.170578126
2019-03-20,1616,401,0.289600242,0.238092799
2019-03-21,1617,599,0.212346836,0.146067956
2019-03-22,1618,2951,0.233982803,0.049221792
2019-03-25,1619,671,0.270818178,0.051701957
2019-03-26,1620,1675,0.236417527,0.129532008
2019-03-27,1621,430,0.231474721,0.195118676
2019-03-28,1622,2295,0.271444031,0.149229959
2019-03-29,1623,2739,0.233802885,0.129124615
2019-04-01,1624,1574,0.220958288,-0.011159596
2019-04-02,1625,2245,0.236519382,0.114780227
2019-04-03,1626,4199,0.260400782,0.1196992
2019-04-04,1627,1582,0.208604675,0.192844986
2019-04-05,1628,2473,0.244446655,0.088199262
2019-04-08,1629,4693,0.234505056,0.155738736
2019-04-09,1630,1853,0.231483914,0.100842285
2019-04-10,1631,4109,0.250533156,0.057600231
2019-04-11,1632,6067,0.24205454,0.103077689
2019-04-12,1633,915,0.175962285,0.01453926
2019-04-15,1634,2346,0.234254165,0.121431306
2019-04-16,1635,1775,0.282573666,0.063752954
2019-04-17,1636,1004,0.219466501,0.116790335
2019-04-18,1637,2559,0.246142823,0.136082636
2019-04-19,1638,8767,0.239680434,0.067940442
2019-04-22,1639,649,0.2357861,0.191081649
2019-04-23,1640,4405,0.220264875,0.126873288
2019-04-24,1641,2433,0.260756887,0.136498044
2019-04-25,1642,1267,0.249668893,0.034659626
2019-04-26,1643,4198,0.266489455,0.017402078
2019-04-29,1644,1377,0.270226882,0.063042567
2019-04-30,1645,2129,0.242303337,0.12837829
2019-05-01,1646,2648,0.247094891,0.171008761
2019-05-02,1647,3144,0.210830438,0.144954341
2019-05-03,1648,2001,0.201191312,0.123287342
2019-05-06,1649,1662,0.219754307,0.100383598
2019-05-07,1650,509,0.139115011,0.052782694
2019-05-08,1651,3928,0.253649336,0.064739397
2019-05-09,1652,1425,0.234955094,0.116340784
2019-05-10,1653,2987,0.199950539,0.125037272
2019-05-11,1654,424,0.214070116,0.252730889
2019-05-13,1655,5556,0.23556015,0.120516724
2019-05-14,1656,1616,0.201223581,0.111926797
2019-05-15,1657,909,0.250362623,0.071839571
2019-05-16,1658,820,0.204397426,0.092215144
2019-05-17,1659,1022,0.221756412,0.006289573
2019-05-20,1660,3746,0.260024621,0.069610764
2019-05-21,1661,4592,0.266688529,0.104562868
2019-05-22,1662,3037,0.268624337,0.114088934
2019-05-23,1663,816,0.271593049,0.14337562
2019-05-24,1664,1653,0.252705256,-0.151419763
2019-05-27,1665,1069,0.289043133,0.158367855
2019-05-28,1666,5590,0.350128959,0.046437916
2019-05-29,1667,2349,0.243906025,0.131648243
2019-05-30,1668,1772,0.300370348,0.099229803
2019-05-31,1669,2482,0.254033777,0.060210486
2019-06-03,1670,3841,0.311174642,0.106771054
2019-06-04,1671,406,0.150674944,-0.019151032
2019-06-05,1672,5208,0.239582323,0.145584944
2019-06-06,1673,1612,0.225648569,0.124170324
2019-06-07,1674,1732,0.273708141,0.099544357
2019-06-11,1675,3393,0.260094069,0.119326294
2019-06-12,1676,1541,0.213144883,0.205888951
2019-06-13,1677,3024,0.251996687,0.095306039
2019-06-17,1678,1066,0.193973525,-0.045450383
2019-06-18,1679,3521,0.162313471,0.164088609
2019-06-19,1680,2078,0.219208526,0.123175541
2019-06-20,1681,4322,0.273106582,0.177695521
2019-06-21,1682,4891,0.268605173,0.126772004
2019-06-22,1683,559,0.157095547,0.089566621
2019-06-24,1684,3310,0.253212557,0.118564959
2019-06-25,1685,2576,0.248305905,0.194816257
2019-06-26,1686,1197,0.310048646,0.123164215
2019-06-27,1687,1759,0.230528671,0.124542393
2019-07-02,1688,1875,0.188249694,0.170275082
2019-07-03,1689,1646,0.263845369,0.019421965
2019-07-04,1690,2333,0.213207702,0.186375318
2019-07-05,1691,1625,0.231211054,0.171248465
2019-07-06,1692,362,0.28467428,0.073353153
2019-07-08,1693,4896,0.282989983,0.18477169
2019-07-09,1694,4184,0.243818382,0.096896393
2019-07-10,1695,4341,0.233309883,0.099966516
2019-07-11,1696,3552,0.26251929,0.082318236
2019-07-12,1697,9199,0.256104792,0.088859881
2019-07-13,1698,428,0.266853408,0.26963615
2019-07-15,1699,4053,0.250592288,0.158259935
2019-07-16,1700,3833,0.263170012,0.093592622
2019-07-17,1701,1631,0.306983947,0.092189891
2019-07-18,1702,1027,0.199981567,0.030039106
2019-07-19,1703,1591,0.25405502,0.101620902
2019-07-20,1704,608,0.212278221,0.174851296
2019-07-22,1705,2851,0.271071825,0.078720163
2019-07-23,1706,1700,0.20428096,0.083249993
2019-07-24,1707,3582,0.26005483,0.125100596
2019-07-25,1708,3141,0.266060646,0.117102393
2019-07-26,1709,2029,0.216318698,0.066565778
2019-07-29,1710,2243,0.254774837,0.126625773
2019-07-30,1711,5215,0.284172277,0.089066716
2019-07-31,1712,2648,0.220714587,0.114841468
2019-08-01,1713,3830,0.25462418,0.112839095
2019-08-02,1714,4149,0.201551714,0.110430953
2019-08-03,1715,524,0.256761605,0.131104436
2019-08-05,1716,6057,0.261690561,0.075725108
2019-08-06,1717,3948,0.251726645,0.068655529
2019-08-07,1718,6840,0.267950712,0.082176198
2019-08-08,1719,1906,0.213531014,0.073799805
2019-08-09,1720,2479,0.232090499,0.1511908
2019-08-10,1721,691,0.21655469,0.061648796
2019-08-12,1722,5058,0.265046613,0.136287509
2019-08-13,1723,10317,0.283593909,0.13490905
2019-08-14,1724,5327,0.259052874,0.123347367
2019-08-15,1725,2504,0.2200935,0.127382454
2019-08-16,1726,2967,0.204673756,-0.029281787
2019-08-17,1727,203,0.445607731,-0.14921942
2019-08-18,1728,123,0.270812053,0.047482912
2019-08-19,1729,5101,0.228720197,0.098188923
2019-08-20,1730,4229,0.245171509,0.093335255
2019-08-21,1731,5286,0.227970189,0.090310003
2019-08-22,1732,2414,0.285691968,0.103407951
2019-08-23,1733,4720,0.233881598,0.122732631
2019-08-24,1734,1196,0.236318076,0.170752813
2019-08-25,1735,711,0.200283705,-0.045458014
2019-08-26,1736,2286,0.209215232,0.031900642
2019-08-27,1737,3184,0.227614317,0.156983145
2019-08-28,1738,5990,0.245297045,0.099694334
2019-08-29,1739,4888,0.206085008,0.105628227
2019-08-30,1740,2135,0.210105617,0.163741401
2019-08-31,1741,1441,0.288287884,0.105204394
2019-09-02,1742,1980,0.258807884,0.052979205
2019-09-03,1743,4802,0.229802151,0.150194162
2019-09-04,1744,4320,0.240665933,0.124088105
2019-09-05,1745,3226,0.222087655,0.167452413
2019-09-06,1746,4086,0.268729152,0.163245658
2019-09-07,1747,1135,0.264686805,0.06725977
2019-09-08,1748,359,0.18210856,0.05912658
2019-09-09,1749,6018,0.226735025,0.159278045
2019-09-10,1750,3369,0.224033532,0.15223262
2019-09-11,1751,7202,0.275714689,0.216228901
2019-09-12,1752,3424,0.2833974,0.183632153
2019-09-13,1753,5298,0.192765938,0.108811588
2019-09-14,1754,243,0.294012008,0.352956991
2019-09-16,1755,10584,0.29045649,0.15450027
2019-09-17,1756,4617,0.291524721,0.149835554
2019-09-18,1757,3187,0.294619763,0.144003533
2019-09-19,1758,6610,0.319728405,0.214933284
2019-09-20,1759,3642,0.261908874,0.252324332
2019-09-21,1760,3978,0.24951207,0.173801428
2019-09-22,1761,1849,0.254171499,0.101448111
2019-09-23,1762,6639,0.248485196,0.209197684
2019-09-24,1763,8499,0.267475234,0.242042181
2019-09-25,1764,6452,0.277101323,0.1476582
2019-09-26,1765,2935,0.3420071,0.112157389
2019-09-27,1766,3135,0.250736727,0.238533486
2019-09-28,1767,1334,0.247245325,0.058652227
2019-09-29,1768,1872,0.203110356,0.10419995
2019-09-30,1769,6545,0.272910232,0.125925058
2019-10-01,1770,5566,0.275011999,0.117084209
2019-10-02,1771,5820,0.231325961,0.044430696
2019-10-03,1772,3789,0.218794316,0.150250152
2019-10-04,1773,7640,0.257127633,0.154245602
2019-10-05,1774,1478,0.260112701,0.125205933
2019-10-07,1775,4002,0.254077636,0.142608478
2019-10-08,1776,6227,0.356181846,0.205402726
2019-10-09,1777,4798,0.258083565,0.14834561
2019-10-10,1778,10049,0.262968106,0.172965276
2019-10-11,1779,11158,0.257753358,0.131782863
2019-10-12,1780,2562,0.225970365,0.144651165
2019-10-13,1781,208,0.135809725,0.310870731
2019-10-14,1782,4239,0.257836076,0.12043476
2019-10-15,1783,4680,0.233138324,0.214220611
2019-10-16,1784,11052,0.222679998,0.121414829
2019-10-17,1785,8377,0.324588292,0.263685069
2019-10-18,1786,11692,0.267441484,0.20481177
2019-10-19,1787,2026,0.253487277,0.160011838
2019-10-20,1788,334,0.294964377,-0.184957989
2019-10-21,1789,3308,0.287563088,0.141593512
2019-10-22,1790,7163,0.256025706,0.111966929
2019-10-23,1791,6165,0.257543593,0.093693562
2019-10-24,1792,1873,0.275867359,0.220545096
2019-10-25,1793,8560,0.231672088,0.107815773
2019-10-26,1794,255,0.280415302,0.337385192
2019-10-27,1795,671,0.288131945,0.128043422
2019-10-28,1796,7323,0.247576247,0.086490458
2019-10-29,1797,8095,0.283363703,0.099853772
2019-10-30,1798,3903,0.238740614,0.152354824
2019-10-31,1799,3410,0.287793968,0.187228036
2019-11-01,1800,2337,0.254597378,0.12615169
2019-11-02,1801,2172,0.231278524,0.092615188
2019-11-03,1802,1311,0.258536624,0.007830464
2019-11-04,1803,3909,0.246166329,0.17963772
2019-11-05,1804,2769,0.241716451,0.146860099
2019-11-06,1805,2434,0.228668851,0.054779366
2019-11-07,1806,2135,0.267607948,0.207388416
2019-11-08,1807,2417,0.24205799,0.055725396
2019-11-09,1808,1214,0.275520246,0.137486683
2019-11-11,1809,3779,0.338559563,0.144441585
2019-11-12,1810,7992,0.256554284,0.168886
2019-11-13,1811,5149,0.233024591,0.083976268
2019-11-14,1812,8938,0.274934947,0.090250704
2019-11-15,1813,1322,0.294624769,-0.030008333
2019-11-18,1814,4150,0.317686489,0.208175535
2019-11-19,1815,1309,0.268378472,0.148293655
2019-11-20,1816,2910,0.31078785,0.132197144
2019-11-21,1817,6136,0.261730732,0.11325508
2019-11-22,1818,2648,0.277507502,0.162469349
2019-11-23,1819,235,0.268960233,0.278270514
2019-11-24,1820,1916,0.238762567,0.111856725
2019-11-25,1821,6281,0.252200452,0.166176609
2019-11-26,1822,2000,0.254508396,0.189735914
2019-11-27,1823,3074,0.254539718,0.21703507
2019-11-28,1824,3217,0.329094541,0.192800116
2019-11-29,1825,2138,0.314072784,0.311143058
2019-12-02,1826,3696,0.213740076,0.118428156
2019-12-03,1827,3143,0.234417275,0.182708273
2019-12-04,1828,3791,0.244737148,0.109038026
2019-12-05,1829,593,0.291091895,0.197424128
2019-12-06,1830,1186,0.227806195,0.113730746
2019-12-09,1831,8108,0.299328579,0.178906936
2019-12-10,1832,2882,0.288552285,0.23899921
2019-12-11,1833,8688,0.265671363,0.177104661
2019-12-12,1834,2789,0.214695486,0.028434279
2019-12-13,1835,1207,0.344777388,0.319078452
2019-12-16,1836,3279,0.309571282,0.152744082
2019-12-17,1837,5289,0.249723407,0.143425927
2019-12-18,1838,3850,0.284038856,0.210669501
2019-12-19,1839,6663,0.240000922,0.130356085
2019-12-20,1840,883,0.231638555,0.162366802
2019-12-21,1841,1002,0.262388399,0.180651854
2019-12-23,1842,3190,0.216526623,0.141218342
2019-12-24,1843,3515,0.308764802,0.167988277
2019-12-26,1844,1485,0.204036446,0.096930537
2019-12-27,1845,1710,0.220021385,0.062131818
2019-12-30,1846,4909,0.320324601,0.160774267
2019-12-31,1847,5953,0.289609659,0.188939468
2020-01-01,1848,1473,0.457775297,0.21740654
2020-01-02,1849,3872,0.303627197,0.10893678
2020-01-03,1850,2453,0.255028291,0.12932494
2020-01-06,1851,4781,0.287057934,0.177957772
2020-01-07,1852,2957,0.249336315,0.209705861
2020-01-08,1853,4518,0.242921341,0.140813847
2020-01-09,1854,4512,0.259427394,0.187642384
2020-01-10,1855,1253,0.326346488,0.268663271
2020-01-11,1856,1749,0.279830346,0.160908161
2020-01-13,1857,6304,0.249617181,0.15254511
2020-01-14,1858,362,0.174565964,0.03456635
2020-01-15,1859,4246,0.281820613,0.102965691
2020-01-16,1860,3715,0.228827779,0.16334238
2020-01-17,1861,3569,0.236477577,0.171126017
2020-01-20,1862,5814,0.248663023,0.098139939
2020-01-21,1863,583,0.190719624,0.228234751
2020-01-22,1864,1252,0.335333585,0.058263391
2020-01-23,1865,2615,0.24664797,0.10673186
2020-01-24,1866,3897,0.260820327,0.128111382
2020-01-27,1867,2746,0.238485085,0.073544751
2020-01-28,1868,1283,0.271067958,0.051830532
2020-01-29,1869,3422,0.208000168,0.081350155
2020-01-30,1870,1829,0.250556141,0.143234074
2020-02-02,1871,432,0.156813753,0.129452219
2020-02-03,1872,1268,0.236725051,0.206292113
2020-02-04,1873,6628,0.259725408,0.048930104
2020-02-05,1874,2223,0.239884374,0.113807879
2020-02-06,1875,1008,0.217888544,0.09732686
2020-02-07,1876,956,0.379689074,0.242659598
2020-02-09,1877,1277,0.292437025,-0.014180748
2020-02-10,1878,2455,0.244926,0.073597006
2020-02-11,1879,9086,0.263837655,0.228650337
2020-02-12,1880,1771,0.244916097,0.167857401
2020-02-13,1881,515,0.229438411,0.201788539
2020-02-14,1882,1528,0.223583849,0.0032996
2020-02-16,1883,631,0.183808682,0.187797828
2020-02-17,1884,1076,0.268143195,0.160579286
2020-02-18,1885,6299,0.247293089,0.143312554
2020-02-19,1886,888,0.290084309,-0.052967728
2020-02-20,1887,419,0.17018633,-0.06257702
2020-02-21,1888,958,0.176978658,0.183233105
2020-02-22,1889,860,0.270649249,0.022893643
2020-02-24,1890,2354,0.280904465,-0.052969365
2020-02-25,1891,12435,0.255991975,0.090000528
2020-02-26,1892,1168,0.196963205,0.247275867
2020-02-27,1893,3314,0.297045986,0.11810768
2020-02-28,1894,1441,0.173777012,0.228028913
2020-02-29,1895,446,0.278045282,0.026186949
2020-03-01,1896,538,0.244306856,-0.078245023
2020-03-02,1897,5817,0.251794193,0.322446337
2020-03-03,1898,8025,0.276311069,0.115226781
2020-03-04,1899,2854,0.287023607,0.02809765
2020-03-05,1900,584,0.223683115,0.03677812
2020-03-06,1901,1785,0.283775328,0.18486142
2020-03-07,1902,1071,0.308791831,0.076288286
2020-03-09,1903,1649,0.378638641,0.093237111
2020-03-10,1904,6955,0.267557249,0.155852245
2020-03-11,1905,800,0.277781414,0.115284585
2020-03-12,1906,2675,0.321558623,0.043359444
2020-03-13,1907,3202,0.208860412,-0.088941078
2020-03-14,1908,1787,0.26894875,0.079022007
2020-03-16,1909,2396,0.262443957,0.177485895
2020-03-17,1910,6374,0.237651367,0.051653618
2020-03-18,1911,4289,0.317389823,0.137159071
2020-03-19,1912,3692,0.245207894,0.025131213
2020-03-20,1913,4700,0.262719201,0.066655818
2020-03-21,1914,404,0.247705584,0.117958317
2020-03-23,1915,2235,0.223772585,0.02892959
2020-03-24,1916,5965,0.302235714,0.111768824
2020-03-25,1917,2301,0.265257446,0.076910573
2020-03-26,1918,351,0.245745814,0.233203463
2020-03-27,1919,1120,0.264629941,-0.018074239
2020-03-28,1920,1651,0.301752525,0.086703291
2020-03-30,1921,2179,0.212553839,0.090461994
2020-03-31,1922,8652,0.252152861,0.101834448
2020-04-01,1923,533,0.178164132,0.234255723
2020-04-02,1924,2618,0.339952748,0.190108675
2020-04-03,1925,817,0.233818741,0.106299951
2020-04-06,1926,2530,0.252228319,0.177072295
2020-04-08,1927,2921,0.287084873,0.095692495
2020-04-09,1928,985,0.201193985,0.017276079
2020-04-10,1929,2041,0.250979704,0.100587983
2020-04-12,1930,307,0.210607063,0.142553067
2020-04-14,1931,1104,0.362720141,0.124091549
2020-04-15,1932,4028,0.283627649,-0.005735424
2020-04-16,1933,4245,0.239722737,-0.007294094
2020-04-19,1934,1206,0.31903073,0.085176321
2020-04-20,1935,1658,0.27131659,0.166577858
2020-04-21,1936,2314,0.269690373,0.067547359
2020-04-22,1937,733,0.177689293,-0.08853746
2020-04-23,1938,6669,0.247837128,0.081840368
2020-04-24,1939,3793,0.233787019,0.099772021
2020-04-25,1940,287,0.13455252,0.143584487
2020-04-26,1941,977,0.239822452,0.144871963
2020-04-27,1942,4240,0.290350653,0.057035726
2020-04-28,1943,2023,0.285157884,0.253737116
2020-04-29,1944,695,0.266329418,0.096335305
2020-04-30,1945,1134,0.20450046,0.170279119
2020-05-01,1946,4203,0.295030293,0.028440707
2020-05-02,1947,612,0.162238497,-0.026206716
2020-05-04,1948,2001,0.280903479,0.212173177
2020-05-05,1949,2211,0.191983988,0.129241434
2020-05-06,1950,2062,0.244571422,0.11441478
2020-05-07,1951,2685,0.263085412,0.076760702
2020-05-08,1952,2671,0.229959642,0.165711757
2020-05-10,1953,1327,0.226334096,0.120352181
2020-05-11,1954,3828,0.242464561,0.032765618
2020-05-12,1955,3889,0.223659329,0.104805909
2020-05-13,1956,1942,0.274801126,0.155395501
2020-05-15,1957,1250,0.229741546,0.129363474
2020-05-16,1958,813,0.148483501,0.178307276
2020-05-18,1959,3299,0.251839589,0.079048678
2020-05-19,1960,2195,0.287405483,-0.007684557
2020-05-20,1961,1109,0.227191526,0.188683651
2020-05-21,1962,1325,0.234616825,0.081238628
2020-05-22,1963,3549,0.258761994,0.12229453
2020-05-24,1964,1215,0.306605709,-0.00971064
2020-05-25,1965,2453,0.279416859,0.068745472
2020-05-26,1966,3549,0.29575031,0.077043887
2020-05-27,1967,2588,0.243200054,0.143919451
2020-05-28,1968,2057,0.293985843,0.246930948
2020-05-29,1969,2015,0.31024036,0.176587138
2020-05-30,1970,624,0.240123341,0.142291092
2020-05-31,1971,1801,0.293330001,0.120102994
2020-06-01,1972,2514,0.26705805,0.103200172
2020-06-02,1973,888,0.312745995,-0.108856234
2020-06-03,1974,2383,0.233576458,0.095867691
2020-06-04,1975,1479,0.224666292,-0.04555681
2020-06-05,1976,1953,0.296482625,-0.149127397
2020-06-06,1977,1116,0.324346245,-0.002762101
2020-06-07,1978,894,0.226307243,0.065075003
2020-06-08,1979,1393,0.285698392,0.122357385
2020-06-09,1980,1201,0.237752853,0.117126659
2020-06-10,1981,4154,0.241867802,0.15960513
2020-06-11,1982,1198,0.25174246,0.126837386
2020-06-12,1983,1789,0.26464495,0.082496886
2020-06-14,1984,2003,0.236229298,0.144706884
2020-06-15,1985,5575,0.30445101,0.063421857
2020-06-16,1986,2573,0.268171303,0.087446717
2020-06-17,1987,733,0.254817168,0.025706988
2020-06-18,1988,1649,0.317806356,0.08565987
2020-06-19,1989,3382,0.287827635,0.209824676
2020-06-20,1990,1430,0.231493173,0.132898615
2020-06-22,1991,2901,0.244355595,0.04833287
2020-06-23,1992,3068,0.29355033,0.068847384
2020-06-24,1993,961,0.218513536,-0.119394464
2020-06-25,1994,416,0.225483245,0.281317036
2020-06-26,1995,4132,0.249721396,0.107186851
2020-06-29,1996,1205,0.311023512,0.092903142
2020-06-30,1997,1190,0.28672784,0.026762649
2020-07-01,1998,1327,0.322603888,0.109212036
2020-07-02,1999,5163,0.271683555,0.084315293
2020-07-03,2000,968,0.306022446,0.126488068
2020-07-04,2001,412,0.259359033,0.112144865
2020-07-05,2002,397,0.277640013,0.04326984
2020-07-06,2003,1111,0.247382526,0.173195457
2020-07-07,2004,4585,0.235237534,0.087857042
2020-07-08,2005,1531,0.25924303,0.147851123
2020-07-09,2006,810,0.288913682,0.153275015
2020-07-10,2007,1772,0.24083756,0.13345297
2020-07-11,2008,741,0.247912336,0.017698739
2020-07-12,2009,335,0.187411278,0.039314466
2020-07-13,2010,2404,0.242749062,0.134584671
2020-07-14,2011,1420,0.318077335,0.148465794
2020-07-15,2012,5821,0.300448124,0.146331776
2020-07-16,2013,4752,0.259197436,0.118174033
2020-07-17,2014,4498,0.309052751,0.022837633
2020-07-18,2015,914,0.317132121,-0.115127197
2020-07-19,2016,524,0.264901849,-0.048462677
2020-07-20,2017,7396,0.303904329,0.021018526
2020-07-21,2018,1115,0.258291703,0.052712335
2020-07-22,2019,4457,0.285247006,0.025455617
2020-07-23,2020,6348,0.237153303,0.070839758
2020-07-24,2021,5252,0.269671139,0.078423912
2020-07-25,2022,319,0.195184588,-0.117797218
2020-07-26,2023,2405,0.244431057,0.101566107
2020-07-27,2024,3456,0.221623863,0.035119621
2020-07-28,2025,5455,0.257078381,0.125722328
2020-07-29,2026,4215,0.22213162,0.048710418
2020-07-30,2027,5490,0.303053983,0.182702485
2020-07-31,2028,7291,0.297625541,0.146246554
2020-08-01,2029,1375,0.247269583,0.065985906
2020-08-02,2030,840,0.223148362,-0.09096529
2020-08-03,2031,6096,0.298962695,0.141270639
2020-08-04,2032,1123,0.241803383,0.193307605
2020-08-05,2033,3237,0.329124009,0.067844215
2020-08-06,2034,8504,0.301618441,0.090448369
2020-08-07,2035,2524,0.297592918,0.138192451
2020-08-08,2036,327,0.208074756,-0.20131887
2020-08-10,2037,1749,0.276080111,-0.010282242
2020-08-11,2038,7660,0.273045577,0.11298134
2020-08-12,2039,6951,0.301604064,0.062536043
2020-08-13,2040,3521,0.273788721,0.177749591
2020-08-14,2041,3018,0.267517855,0.134288651
2020-08-15,2042,700,0.22287471,0.247040963
2020-08-16,2043,332,0.275727825,0.25550029
2020-08-17,2044,6599,0.290056795,0.089220397
2020-08-18,2045,5531,0.256321769,0.145371585
2020-08-19,2046,5486,0.27354,0.049788826
2020-08-20,2047,7369,0.251039893,0.04216146
2020-08-21,2048,5229,0.335247724,0.055263193
2020-08-22,2049,548,0.232845689,-0.042395983
2020-08-23,2050,1259,0.3281543,-0.002764587
2020-08-24,2051,5614,0.2904477,0.132696406
2020-08-25,2052,4186,0.37755962,0.025881893
2020-08-26,2053,3546,0.293785912,0.075740904
2020-08-27,2054,4413,0.262569493,0.120534838
2020-08-28,2055,7843,0.29327723,0.058310699
2020-08-29,2056,612,0.167521811,0.190477747
2020-08-31,2057,1902,0.222452003,0.035095923
2020-09-01,2058,4060,0.28758824,0.08880483
2020-09-02,2059,1966,0.226347482,-0.062734939
2020-09-03,2060,3854,0.268273634,0.10970566
2020-09-04,2061,3689,0.279845052,0.069863483
2020-09-05,2062,651,0.154709072,0.032898412
2020-09-07,2063,2636,0.236880354,0.011888541
2020-09-08,2064,3833,0.259119887,0.134020582
2020-09-09,2065,3371,0.326186825,-0.012513479
2020-09-10,2066,4309,0.269065372,0.123969912
2020-09-11,2067,1844,0.24793322,0.060923316
2020-09-12,2068,1310,0.272245346,0.112174184
2020-09-13,2069,804,0.161971712,-0.057421295
2020-09-14,2070,3637,0.229558199,0.050240442
2020-09-15,2071,2949,0.276701964,0.118474891
2020-09-16,2072,3220,0.260807125,0.112772642
2020-09-17,2073,2166,0.271849537,0.161657849
2020-09-18,2074,1154,0.260235206,0.172039705
2020-09-19,2075,969,0.298623765,0.063816676
2020-09-20,2076,2073,0.249824511,0.040072409
2020-09-21,2077,3943,0.247592261,0.138813342
2020-09-22,2078,4413,0.254645435,0.078580795
2020-09-23,2079,6174,0.268461752,0.070531358
2020-09-24,2080,1586,0.319084369,0.095221281
2020-09-25,2081,4450,0.231704721,0.064368343
2020-09-26,2082,999,0.255927239,0.150403384
2020-09-27,2083,1065,0.227025456,0.129500887
2020-09-28,2084,4288,0.294503146,0.065436007
2020-09-29,2085,3605,0.218361116,0.174254666
2020-09-30,2086,3423,0.275794118,0.151881382
2020-10-01,2087,4231,0.286007973,0.009640289
2020-10-02,2088,2944,0.336606213,0.114689494
2020-10-03,2089,1502,0.274664963,0.062619288
2020-10-04,2090,811,0.189215404,0.000197708
2020-10-05,2091,5085,0.314360341,0.100303141
2020-10-06,2092,4369,0.269896338,0.136054942
2020-10-07,2093,2377,0.432144015,0.138609363
2020-10-08,2094,2664,0.213970435,0.060197325
2020-10-09,2095,4741,0.266972237,0.038991095
2020-10-10,2096,330,0.263435291,0.214079526
2020-10-11,2097,1158,0.263943426,0.054559298
2020-10-12,2098,3954,0.255702185,0.084928361
2020-10-13,2099,5166,0.292788577,0.118163558
2020-10-14,2100,5820,0.253319632,0.080645441
2020-10-15,2101,2041,0.294809494,0.081335917
2020-10-16,2102,3228,0.286050611,0.060902142
2020-10-18,2103,931,0.238680705,0.108813337
2020-10-19,2104,7945,0.307243961,0.135563783
2020-10-20,2105,3434,0.316870404,0.055182473
2020-10-21,2106,5059,0.267588979,0.144509328
2020-10-22,2107,4649,0.213087389,0.119151594
2020-10-23,2108,7016,0.225684904,0.149892403
2020-10-24,2109,314,0.185269421,0.256202725
2020-10-25,2110,456,0.228034743,0.167318071
2020-10-26,2111,5059,0.241373676,0.10308168
2020-10-27,2112,3649,0.192080201,0.06477374
2020-10-28,2113,5653,0.227434131,0.106032613
2020-10-29,2114,1568,0.333800821,0.070238052
2020-10-30,2115,2431,0.280712153,0.115177124
2020-10-31,2116,354,0.223232153,-0.21382463
2020-11-01,2117,351,0.137765411,-0.092542153
2020-11-02,2118,3473,0.269046719,0.123767286
2020-11-03,2119,2420,0.226421028,0.135419954
2020-11-04,2120,2792,0.241467571,0.039355227
2020-11-05,2121,2346,0.235363371,0.078793596
2020-11-06,2122,1180,0.208950531,0.108021983
2020-11-08,2123,447,0.262844203,0.24339151
2020-11-09,2124,2526,0.26096282,0.17234407
2020-11-10,2125,6074,0.297076798,0.150873191
2020-11-11,2126,2928,0.240687553,0.090176021
2020-11-12,2127,4973,0.235988319,0.119245282
2020-11-13,2128,5136,0.239602929,0.137204116
2020-11-14,2129,1278,0.187055455,0.153982013
2020-11-15,2130,389,0.195210184,0.019317372
2020-11-16,2131,4393,0.242107196,0.133057866
2020-11-17,2132,5405,0.260862435,0.109120666
2020-11-18,2133,7207,0.284159827,0.165919077
2020-11-19,2134,2027,0.235496546,0.058993905
2020-11-20,2135,3995,0.271521197,0.108315208
2020-11-21,2136,323,0.229652908,0.100626098
2020-11-22,2137,758,0.183948174,0.071800558
2020-11-23,2138,4560,0.289206008,0.150035978
2020-11-24,2139,6038,0.248389218,0.220843047
2020-11-25,2140,5385,0.27000656,0.12353861
2020-11-26,2141,5045,0.24202624,0.130311154
