,date,percentage_change,news constraining,news litigious,news negative,news positive,news superfluous,news uncertainty,overall,p1_percentage_change,p2_percentage_change,p3_percentage_change,p4_percentage_change
1,01-01-18,0.002310777,0,0,0,0,0,0,0,0.048684699,0.060329549,-0.010382007,0.073558442
2,02-01-18,0.048684699,0,0,0,1,0,0,1,0.060329549,-0.010382007,0.073558442,0.041296838
3,03-01-18,0.060329549,0,0,0,0,0,0,0,-0.010382007,0.073558442,0.041296838,-0.016678024
4,04-01-18,-0.010382007,0,0,0,1,0,0,1,0.073558442,0.041296838,-0.016678024,-0.085636067
5,05-01-18,0.073558442,0,0,0,1,0,0,1,0.041296838,-0.016678024,-0.085636067,-0.027222959
6,06-01-18,0.041296838,0,0,0,0,0,0,0,-0.016678024,-0.085636067,-0.027222959,-0.040188301
7,07-01-18,-0.016678024,0,0,0,0,0,0,0,-0.085636067,-0.027222959,-0.040188301,-0.039855843
8,08-01-18,-0.085636067,0,0,0,0,0,0,0,-0.027222959,-0.040188301,-0.039855843,0.004326324
9,09-01-18,-0.027222959,0,0,2,0,0,0,-2,-0.040188301,-0.039855843,0.004326324,0.040807851
10,10-01-18,-0.040188301,0,0,0,0,0,0,0,-0.039855843,0.004326324,0.040807851,-0.050885308
11,11-01-18,-0.039855843,0,0,0,0,0,0,0,0.004326324,0.040807851,-0.050885308,0.023865323
12,12-01-18,0.004326324,0,0,0,0,0,0,0,0.040807851,-0.050885308,0.023865323,-0.175883933
13,13-01-18,0.040807851,0,0,0,0,0,0,0,-0.050885308,0.023865323,-0.175883933,-0.126603043
14,14-01-18,-0.050885308,0,0,0,0,0,0,0,0.023865323,-0.175883933,-0.126603043,0.092187647
15,15-01-18,0.023865323,0,0,0,0,0,0,0,-0.175883933,-0.126603043,0.092187647,-0.003299778
16,16-01-18,-0.175883933,0,0,0,0,0,0,0,-0.126603043,0.092187647,-0.003299778,0.079028969
17,17-01-18,-0.126603043,0,0,0,0,0,0,0,0.092187647,-0.003299778,0.079028969,-0.055772146
18,18-01-18,0.092187647,0,2,5,0,0,0,-5,-0.003299778,0.079028969,-0.055772146,-0.085096215
19,19-01-18,-0.003299778,0,0,0,0,0,0,0,0.079028969,-0.055772146,-0.085096215,-0.019787505
20,20-01-18,0.079028969,0,0,0,0,0,0,0,-0.055772146,-0.085096215,-0.019787505,0.03372494
21,21-01-18,-0.055772146,0,0,0,0,0,0,0,-0.085096215,-0.019787505,0.03372494,0.021286015
22,22-01-18,-0.085096215,0,0,0,0,0,0,0,-0.019787505,0.03372494,0.021286015,-0.038696009
23,23-01-18,-0.019787505,0,1,2,1,0,0,-1,0.03372494,0.021286015,-0.038696009,0.03609521
24,24-01-18,0.03372494,0,0,1,0,0,0,-1,0.021286015,-0.038696009,0.03609521,0.035590691
25,25-01-18,0.021286015,0,0,0,0,0,0,0,-0.038696009,0.03609521,0.035590691,-0.037198797
26,26-01-18,-0.038696009,0,0,0,0,0,0,0,0.03609521,0.035590691,-0.037198797,-0.085497216
27,27-01-18,0.03609521,0,0,0,0,0,0,0,0.035590691,-0.037198797,-0.085497216,-0.045432221
28,28-01-18,0.035590691,0,0,0,0,0,0,0,-0.037198797,-0.085497216,-0.045432221,-0.078275334
29,29-01-18,-0.037198797,0,0,0,0,0,0,0,-0.085497216,-0.045432221,-0.078275334,-0.096675336
30,30-01-18,-0.085497216,0,0,0,0,0,0,0,-0.045432221,-0.078275334,-0.096675336,0.05813023
31,31-01-18,-0.045432221,0,0,0,0,0,0,0,-0.078275334,-0.096675336,0.05813023,-0.053210423
32,01-02-18,-0.078275334,0,0,0,0,0,0,0,-0.096675336,0.05813023,-0.053210423,-0.152997454
33,02-02-18,-0.096675336,0,0,0,0,0,0,0,0.05813023,-0.053210423,-0.152997454,-0.070210494
34,03-02-18,0.05813023,0,0,0,0,0,0,0,-0.053210423,-0.152997454,-0.070210494,0.139760346
35,04-02-18,-0.053210423,0,0,0,0,0,0,0,-0.152997454,-0.070210494,0.139760346,0.029397856
36,05-02-18,-0.152997454,0,0,0,0,0,0,0,-0.070210494,0.139760346,0.029397856,0.003257253
37,06-02-18,-0.070210494,0,0,0,0,0,0,0,0.139760346,0.029397856,0.003257253,0.047042649
38,07-02-18,0.139760346,0,0,2,1,0,0,-1,0.029397856,0.003257253,0.047042649,-0.063474519
39,08-02-18,0.029397856,0,0,0,0,0,0,0,0.003257253,0.047042649,-0.063474519,0.05972754
40,09-02-18,0.003257253,0,1,1,0,0,0,-1,0.047042649,-0.063474519,0.05972754,-0.00865507
41,10-02-18,0.047042649,0,0,0,0,0,0,0,-0.063474519,0.05972754,-0.00865507,0.055462531
42,11-02-18,-0.063474519,0,0,0,0,0,0,0,0.05972754,-0.00865507,0.055462531,0.0751202
43,12-02-18,0.05972754,0,0,0,0,0,0,0,-0.00865507,0.055462531,0.0751202,0.019217597
44,13-02-18,-0.00865507,0,0,0,0,0,0,0,0.055462531,0.0751202,0.019217597,0.063456635
45,14-02-18,0.055462531,0,0,0,1,0,0,1,0.0751202,0.019217597,0.063456635,0.000544722
46,15-02-18,0.0751202,0,0,0,0,0,0,0,0.019217597,0.063456635,0.000544722,0.019767724
47,16-02-18,0.019217597,0,0,0,0,0,0,0,0.063456635,0.000544722,0.019767724,0.047534642
48,17-02-18,0.063456635,0,0,0,0,0,0,0,0.000544722,0.019767724,0.047534642,-0.063091029
49,18-02-18,0.000544722,0,0,0,0,0,0,0,0.019767724,0.047534642,-0.063091029,-0.057976384
50,19-02-18,0.019767724,0,0,0,0,0,0,0,0.047534642,-0.063091029,-0.057976384,-0.017645457
51,20-02-18,0.047534642,0,0,0,0,0,0,0,-0.063091029,-0.057976384,-0.017645457,-0.016111098
52,21-02-18,-0.063091029,0,0,0,0,0,0,0,-0.057976384,-0.017645457,-0.016111098,-0.033088449
53,22-02-18,-0.057976384,0,0,0,0,0,0,0,-0.017645457,-0.016111098,-0.033088449,0.049685015
54,23-02-18,-0.017645457,0,0,0,0,0,0,0,-0.016111098,-0.033088449,0.049685015,0.050199776
55,24-02-18,-0.016111098,0,0,0,0,0,0,0,-0.033088449,0.049685015,0.050199776,0.004493551
56,25-02-18,-0.033088449,0,0,0,0,0,0,0,0.049685015,0.050199776,0.004493551,0.009591413
57,26-02-18,0.049685015,0,0,0,0,0,0,0,0.050199776,0.004493551,0.009591413,0.023043641
58,27-02-18,0.050199776,0,0,0,0,0,0,0,0.004493551,0.009591413,0.023043641,0.031116019
59,28-02-18,0.004493551,0,0,2,0,0,0,-2,0.009591413,0.023043641,0.031116019,-0.004694989
60,01-03-18,0.009591413,0,0,0,1,0,0,1,0.023043641,0.031116019,-0.004694989,0.022562146
61,02-03-18,0.023043641,0,0,0,0,0,0,0,0.031116019,-0.004694989,0.022562146,-0.052830082
62,03-03-18,0.031116019,0,0,0,0,0,0,0,-0.004694989,0.022562146,-0.052830082,-0.083946549
63,04-03-18,-0.004694989,0,0,0,0,0,0,0,0.022562146,-0.052830082,-0.083946549,-0.047775368
64,05-03-18,0.022562146,0,0,0,0,0,0,0,-0.052830082,-0.083946549,-0.047775368,-0.089290371
65,06-03-18,-0.052830082,0,0,0,0,0,0,0,-0.083946549,-0.047775368,-0.089290371,0.03360135
66,07-03-18,-0.083946549,0,0,0,0,0,0,0,-0.047775368,-0.089290371,0.03360135,-0.004466916
67,08-03-18,-0.047775368,0,0,0,1,0,0,1,-0.089290371,0.03360135,-0.004466916,0.022584066
68,09-03-18,-0.089290371,0,0,0,0,0,0,0,0.03360135,-0.004466916,0.022584066,-0.020248704
69,10-03-18,0.03360135,0,0,0,0,0,0,0,-0.004466916,0.022584066,-0.020248704,-0.064489894
70,11-03-18,-0.004466916,0,0,0,0,0,0,0,0.022584066,-0.020248704,-0.064489894,-0.063889542
71,12-03-18,0.022584066,0,1,1,1,0,0,0,-0.020248704,-0.064489894,-0.063889542,0.02824169
72,13-03-18,-0.020248704,0,2,0,0,0,0,0,-0.064489894,-0.063889542,0.02824169,-0.029959392
73,14-03-18,-0.064489894,0,0,0,0,0,0,0,-0.063889542,0.02824169,-0.029959392,-0.050102377
74,15-03-18,-0.063889542,0,1,1,2,0,0,1,0.02824169,-0.029959392,-0.050102377,0.08184824
75,16-03-18,0.02824169,0,0,0,0,0,0,0,-0.029959392,-0.050102377,0.08184824,0.03268634
76,17-03-18,-0.029959392,0,0,0,0,0,0,0,-0.050102377,0.08184824,0.03268634,0.035180817
77,18-03-18,-0.050102377,0,2,0,1,0,0,1,0.08184824,0.03268634,0.035180817,-0.02763767
78,19-03-18,0.08184824,0,0,0,3,0,0,3,0.03268634,0.035180817,-0.02763767,-0.025083851
79,20-03-18,0.03268634,0,1,3,1,0,0,-2,0.035180817,-0.02763767,-0.025083851,0.0338522
80,21-03-18,0.035180817,0,0,0,0,0,0,0,-0.02763767,-0.025083851,0.0338522,-0.034851909
81,22-03-18,-0.02763767,0,3,8,4,0,1,-4,-0.025083851,0.0338522,-0.034851909,-0.037940635
82,23-03-18,-0.025083851,0,0,0,0,0,0,0,0.0338522,-0.034851909,-0.037940635,-0.032318469
83,24-03-18,0.0338522,0,0,0,0,0,0,0,-0.034851909,-0.037940635,-0.032318469,-0.003087807
84,25-03-18,-0.034851909,0,0,0,0,0,0,0,-0.037940635,-0.032318469,-0.003087807,-0.070296688
85,26-03-18,-0.037940635,0,0,0,0,0,0,0,-0.032318469,-0.003087807,-0.070296688,-0.080153156
86,27-03-18,-0.032318469,0,0,0,0,0,0,0,-0.003087807,-0.070296688,-0.080153156,0.023628882
87,28-03-18,-0.003087807,0,0,0,0,0,0,0,-0.070296688,-0.080153156,0.023628882,-0.046495814
88,29-03-18,-0.070296688,0,1,0,0,0,1,0,-0.080153156,0.023628882,-0.046495814,0.03915144
89,30-03-18,-0.080153156,0,0,0,0,0,0,0,0.023628882,-0.046495814,0.03915144,0.047788598
90,31-03-18,0.023628882,0,0,0,0,0,0,0,-0.046495814,0.03915144,0.047788598,-0.043164401
91,01-04-18,-0.046495814,0,0,0,0,0,0,0,0.03915144,0.047788598,-0.043164401,-0.042059022
92,02-04-18,0.03915144,0,0,2,1,0,0,-1,0.047788598,-0.043164401,-0.042059022,-0.016284041
93,03-04-18,0.047788598,0,0,1,0,0,1,-1,-0.043164401,-0.042059022,-0.016284041,0.037207886
94,04-04-18,-0.043164401,0,1,3,0,0,0,-3,-0.042059022,-0.016284041,0.037207886,0.015247529
95,05-04-18,-0.042059022,0,1,2,0,0,0,-2,-0.016284041,0.037207886,0.015247529,-0.023933701
96,06-04-18,-0.016284041,0,0,0,0,0,0,0,0.037207886,0.015247529,-0.023933701,-0.007777288
97,07-04-18,0.037207886,0,0,0,0,0,0,0,0.015247529,-0.023933701,-0.007777288,0.015709466
98,08-04-18,0.015247529,0,0,0,0,0,0,0,-0.023933701,-0.007777288,0.015709466,0.086520324
99,09-04-18,-0.023933701,0,0,0,0,0,0,0,-0.007777288,0.015709466,0.086520324,0.060176951
100,10-04-18,-0.007777288,0,4,0,3,0,0,3,0.015709466,0.086520324,0.060176951,-0.001156844
101,11-04-18,0.015709466,0,4,0,0,0,0,0,0.086520324,0.060176951,-0.001156844,0.028270555
102,12-04-18,0.086520324,0,0,2,0,0,0,-2,0.060176951,-0.001156844,0.028270555,-0.019483248
103,13-04-18,0.060176951,0,0,1,1,0,1,0,-0.001156844,0.028270555,-0.019483248,-0.008878692
104,14-04-18,-0.001156844,0,0,0,0,0,0,0,0.028270555,-0.019483248,-0.008878692,0.006227743
105,15-04-18,0.028270555,0,0,0,0,0,0,0,-0.019483248,-0.008878692,0.006227743,0.016268539
106,16-04-18,-0.019483248,0,0,0,2,0,0,2,-0.008878692,0.006227743,0.016268539,0.032394143
107,17-04-18,-0.008878692,0,2,1,0,0,0,-1,0.006227743,0.016268539,0.032394143,0.035714679
108,18-04-18,0.006227743,0,1,1,3,0,0,2,0.016268539,0.032394143,0.035714679,0.010180971
109,19-04-18,0.016268539,0,0,0,0,0,0,0,0.032394143,0.035714679,0.010180971,4.48E-05
110,20-04-18,0.032394143,0,3,0,1,0,0,1,0.035714679,0.010180971,4.48E-05,0.046204709
111,21-04-18,0.035714679,0,0,0,0,0,0,0,0.010180971,4.48E-05,0.046204709,-0.015522225
112,22-04-18,0.010180971,0,0,0,1,0,0,1,4.48E-05,0.046204709,-0.015522225,-0.033454968
113,23-04-18,4.48E-05,0,0,0,1,0,0,1,0.046204709,-0.015522225,-0.033454968,0.034541241
114,24-04-18,0.046204709,0,2,0,1,0,0,1,-0.015522225,-0.033454968,0.034541241,0.004208662
115,25-04-18,-0.015522225,0,3,4,0,0,0,-4,-0.033454968,0.034541241,0.004208662,0.012499289
116,26-04-18,-0.033454968,0,3,2,0,0,1,-2,0.034541241,0.004208662,0.012499289,-0.008837489
117,27-04-18,0.034541241,0,0,0,0,0,0,0,0.004208662,0.012499289,-0.008837489,-0.032373049
118,28-04-18,0.004208662,0,1,2,0,0,0,-2,0.012499289,-0.008837489,-0.032373049,0.014071303
119,29-04-18,0.012499289,0,0,0,0,0,0,0,-0.008837489,-0.032373049,0.014071303,0.032908743
120,30-04-18,-0.008837489,0,0,3,3,0,1,0,-0.032373049,0.014071303,0.032908743,0.02407519
121,01-05-18,-0.032373049,0,0,0,0,0,0,0,0.014071303,0.032908743,0.02407519,0.017779973
122,02-05-18,0.014071303,0,0,2,2,0,0,0,0.032908743,0.02407519,0.017779973,-0.025581862
123,03-05-18,0.032908743,0,0,0,1,0,1,1,0.02407519,0.017779973,-0.025581862,-0.027294361
124,04-05-18,0.02407519,0,0,0,1,0,0,1,0.017779973,-0.025581862,-0.027294361,-0.010363507
125,05-05-18,0.017779973,0,0,0,0,0,0,0,-0.025581862,-0.027294361,-0.010363507,-0.006256662
126,06-05-18,-0.025581862,0,1,0,2,0,0,2,-0.027294361,-0.010363507,-0.006256662,0.006488205
127,07-05-18,-0.027294361,0,0,0,1,0,0,1,-0.010363507,-0.006256662,0.006488205,-0.061813579
128,08-05-18,-0.010363507,0,0,0,0,0,0,0,-0.006256662,0.006488205,-0.061813579,-0.034203405
129,09-05-18,-0.006256662,3,1,0,2,0,0,2,0.006488205,-0.061813579,-0.034203405,0.018654867
130,10-05-18,0.006488205,1,1,0,1,0,0,1,-0.061813579,-0.034203405,0.018654867,0.003095897
131,11-05-18,-0.061813579,0,3,0,0,0,2,0,-0.034203405,0.018654867,0.003095897,0.004833144
132,12-05-18,-0.034203405,0,0,0,0,0,0,0,0.018654867,0.003095897,0.004833144,-0.044584909
133,13-05-18,0.018654867,0,0,3,0,0,0,-3,0.003095897,0.004833144,-0.044584909,-0.001223895
134,14-05-18,0.003095897,0,1,0,0,0,1,0,0.004833144,-0.044584909,-0.001223895,-0.020914709
135,15-05-18,0.004833144,0,2,0,0,0,0,0,-0.044584909,-0.001223895,-0.020914709,0.020229398
136,16-05-18,-0.044584909,0,0,5,0,0,2,-5,-0.001223895,-0.020914709,0.020229398,0.014046626
137,17-05-18,-0.001223895,0,0,0,2,0,0,2,-0.020914709,0.020229398,0.014046626,0.009099876
138,18-05-18,-0.020914709,0,0,0,0,0,0,0,0.020229398,0.014046626,0.009099876,-0.03197012
139,19-05-18,0.020229398,0,0,0,1,0,0,1,0.014046626,0.009099876,-0.03197012,-0.060798075
140,20-05-18,0.014046626,0,0,0,1,0,0,1,0.009099876,-0.03197012,-0.060798075,-0.02788173
141,21-05-18,0.009099876,0,0,0,0,0,0,0,-0.03197012,-0.060798075,-0.02788173,-0.005593679
142,22-05-18,-0.03197012,0,0,0,0,0,0,0,-0.060798075,-0.02788173,-0.005593679,0.000807582
143,23-05-18,-0.060798075,0,0,0,0,0,0,0,-0.02788173,-0.005593679,0.000807582,-0.022154021
144,24-05-18,-0.02788173,0,1,1,0,0,0,-1,-0.005593679,0.000807582,-0.022154021,-0.01034982
145,25-05-18,-0.005593679,0,0,0,0,0,0,0,0.000807582,-0.022154021,-0.01034982,0.01033568
146,26-05-18,0.000807582,0,0,0,0,0,1,0,-0.022154021,-0.01034982,0.01033568,0.016158493
147,27-05-18,-0.022154021,0,0,1,1,0,0,0,-0.01034982,0.01033568,0.016158493,0.010670869
148,28-05-18,-0.01034982,0,0,0,0,0,0,0,0.01033568,0.016158493,0.010670869,-0.004457001
149,29-05-18,0.01033568,0,0,0,0,0,0,0,0.016158493,0.010670869,-0.004457001,0.015169814
150,30-05-18,0.016158493,0,2,1,0,0,0,-1,0.010670869,-0.004457001,0.015169814,0.012489745
151,31-05-18,0.010670869,0,0,0,3,0,0,3,-0.004457001,0.015169814,0.012489745,-0.01694214
152,01-06-18,-0.004457001,0,0,0,0,0,0,0,0.015169814,0.012489745,-0.01694214,-0.009246412
153,02-06-18,0.015169814,0,0,0,0,0,0,0,0.012489745,-0.01694214,-0.009246412,0.014573082
154,03-06-18,0.012489745,0,0,0,0,0,0,0,-0.01694214,-0.009246412,0.014573082,0.011747439
155,04-06-18,-0.01694214,0,0,2,2,0,0,0,-0.009246412,0.014573082,0.011747439,-0.010278054
156,05-06-18,-0.009246412,0,1,0,0,0,0,0,0.014573082,0.011747439,-0.010278054,-0.002541448
157,06-06-18,0.014573082,0,0,0,0,0,0,0,0.011747439,-0.010278054,-0.002541448,-0.090774437
158,07-06-18,0.011747439,0,1,4,1,0,0,-3,-0.010278054,-0.002541448,-0.090774437,-0.031200725
159,08-06-18,-0.010278054,0,2,0,1,0,0,1,-0.002541448,-0.090774437,-0.031200725,-0.009085694
160,09-06-18,-0.002541448,0,0,0,0,0,0,0,-0.090774437,-0.031200725,-0.009085694,-0.046232349
161,10-06-18,-0.090774437,0,0,0,0,0,0,0,-0.031200725,-0.009085694,-0.046232349,0.014724824
162,11-06-18,-0.031200725,0,0,1,1,0,0,0,-0.009085694,-0.046232349,0.014724824,0.007904534
163,12-06-18,-0.009085694,0,1,0,0,0,0,0,-0.046232349,0.014724824,0.007904534,-0.013228799
164,13-06-18,-0.046232349,0,0,0,0,0,0,0,0.014724824,0.007904534,-0.013228799,0.007498317
165,14-06-18,0.014724824,0,0,0,0,0,0,0,0.007904534,-0.013228799,0.007498317,0.006459097
166,15-06-18,0.007904534,0,3,2,2,0,0,0,-0.013228799,0.007498317,0.006459097,0.026783306
167,16-06-18,-0.013228799,0,0,0,0,0,0,0,0.007498317,0.006459097,0.026783306,-0.007771216
168,17-06-18,0.007498317,0,0,0,0,0,0,0,0.006459097,0.026783306,-0.007771216,0.007752009
169,18-06-18,0.006459097,1,3,5,0,0,0,-5,0.026783306,-0.007771216,0.007752009,-0.071413094
170,19-06-18,0.026783306,1,1,1,0,0,0,-1,-0.007771216,0.007752009,-0.071413094,-0.023741555
171,20-06-18,-0.007771216,0,3,0,1,0,0,1,0.007752009,-0.071413094,-0.023741555,-0.025041425
172,21-06-18,0.007752009,0,0,0,1,0,0,1,-0.071413094,-0.023741555,-0.025041425,0.035013974
173,22-06-18,-0.071413094,0,0,0,0,0,0,0,-0.023741555,-0.025041425,0.035013974,-0.003035314
174,23-06-18,-0.023741555,0,0,0,0,0,1,0,-0.025041425,0.035013974,-0.003035314,-0.015533294
175,24-06-18,-0.025041425,0,0,0,0,0,0,0,0.035013974,-0.003035314,-0.015533294,-0.011761354
176,25-06-18,0.035013974,0,0,2,0,0,1,-2,-0.003035314,-0.015533294,-0.011761354,-0.01418401
177,26-06-18,-0.003035314,0,1,1,0,0,1,-1,-0.015533294,-0.011761354,-0.01418401,0.06813937
178,27-06-18,-0.015533294,0,0,2,0,0,1,-2,-0.011761354,-0.01418401,0.06813937,-0.003347251
179,28-06-18,-0.011761354,0,0,3,4,0,0,1,-0.01418401,0.06813937,-0.003347251,0.022477014
180,29-06-18,-0.01418401,0,1,2,0,0,0,-2,0.06813937,-0.003347251,0.022477014,0.013434929
181,30-06-18,0.06813937,0,0,0,0,0,0,0,-0.003347251,0.022477014,0.013434929,-0.001140817
182,01-07-18,-0.003347251,0,0,0,0,0,0,0,0.022477014,0.013434929,-0.001140817,0.000763616
183,02-07-18,0.022477014,0,0,1,0,0,2,-1,0.013434929,-0.001140817,0.000763616,-0.005696156
184,03-07-18,0.013434929,0,0,0,0,0,0,0,-0.001140817,0.000763616,-0.005696156,0.010869974
185,04-07-18,-0.001140817,1,0,2,0,0,0,-2,0.000763616,-0.005696156,0.010869974,0.018166999
186,05-07-18,0.000763616,1,1,2,1,0,1,-1,-0.005696156,0.010869974,0.018166999,-0.004630415
187,06-07-18,-0.005696156,0,0,2,0,0,0,-2,0.010869974,0.018166999,-0.004630415,-0.040259155
188,07-07-18,0.010869974,0,0,0,0,0,0,0,0.018166999,-0.004630415,-0.040259155,-0.01606557
189,08-07-18,0.018166999,0,0,1,0,0,0,-1,-0.004630415,-0.040259155,-0.01606557,-0.024539756
190,09-07-18,-0.004630415,0,2,1,0,0,0,-1,-0.040259155,-0.01606557,-0.024539756,0.006560045
191,10-07-18,-0.040259155,0,2,2,1,0,0,-1,-0.01606557,-0.024539756,0.006560045,0.001033351
192,11-07-18,-0.01606557,0,0,0,1,0,0,1,-0.024539756,0.006560045,0.001033351,0.014952137
193,12-07-18,-0.024539756,0,0,0,0,0,0,0,0.006560045,0.001033351,0.014952137,0.035530134
194,13-07-18,0.006560045,0,3,2,0,0,1,-2,0.001033351,0.014952137,0.035530134,0.067010265
195,14-07-18,0.001033351,0,0,0,0,0,0,0,0.014952137,0.035530134,0.067010265,0.051257212
196,15-07-18,0.014952137,0,0,0,0,0,0,0,0.035530134,0.067010265,0.051257212,-0.00218892
197,16-07-18,0.035530134,2,2,1,3,0,0,2,0.067010265,0.051257212,-0.00218892,0.003826716
198,17-07-18,0.067010265,0,2,3,1,0,1,-2,0.051257212,-0.00218892,0.003826716,-0.015095846
199,18-07-18,0.051257212,0,0,0,0,0,0,0,-0.00218892,0.003826716,-0.015095846,0.017176903
200,19-07-18,-0.00218892,0,0,1,4,0,0,3,0.003826716,-0.015095846,0.017176903,0.029959992
201,20-07-18,0.003826716,1,15,8,3,0,0,-5,-0.015095846,0.017176903,0.029959992,0.050330725
202,21-07-18,-0.015095846,0,0,0,0,0,0,0,0.017176903,0.029959992,0.050330725,0.018445539
203,22-07-18,0.017176903,0,1,0,2,0,0,2,0.029959992,0.050330725,0.018445539,-0.012469504
204,23-07-18,0.029959992,0,3,5,5,0,0,0,0.050330725,0.018445539,-0.012469504,-0.015241966
205,24-07-18,0.050330725,0,1,0,2,0,1,2,0.018445539,-0.012469504,-0.015241966,0.019006092
206,25-07-18,0.018445539,0,0,1,3,0,0,2,-0.012469504,-0.015241966,0.019006092,0.004336002
207,26-07-18,-0.012469504,0,2,4,2,0,1,-2,-0.015241966,0.019006092,0.004336002,-0.012681495
208,27-07-18,-0.015241966,0,6,2,2,0,0,0,0.019006092,0.004336002,-0.012681495,-0.033252824
209,28-07-18,0.019006092,0,0,0,0,0,0,0,0.004336002,-0.012681495,-0.033252824,-0.037064128
210,29-07-18,0.004336002,0,0,0,0,0,0,0,-0.012681495,-0.033252824,-0.037064128,0.003110758
211,30-07-18,-0.012681495,0,5,3,1,0,0,-2,-0.033252824,-0.037064128,0.003110758,-0.02579815
212,31-07-18,-0.033252824,0,4,6,0,0,2,-6,-0.037064128,0.003110758,-0.02579815,-0.034970162
213,01-08-18,-0.037064128,2,6,4,2,0,1,-2,0.003110758,-0.02579815,-0.034970162,-0.023015536
214,02-08-18,0.003110758,1,1,1,0,0,0,-1,-0.02579815,-0.034970162,-0.023015536,-0.004409829
215,03-08-18,-0.02579815,0,3,8,1,0,1,-7,-0.034970162,-0.023015536,-0.004409829,-0.003319559
216,04-08-18,-0.034970162,0,0,0,0,0,0,0,-0.023015536,-0.004409829,-0.003319559,-0.079792845
217,05-08-18,-0.023015536,0,0,0,0,0,0,0,-0.004409829,-0.003319559,-0.079792845,-0.005191167
218,06-08-18,-0.004409829,0,0,1,0,0,0,-1,-0.003319559,-0.079792845,-0.005191167,-0.010396902
219,07-08-18,-0.003319559,0,0,0,0,0,0,0,-0.079792845,-0.005191167,-0.010396902,-0.016940885
220,08-08-18,-0.079792845,0,1,0,0,0,0,0,-0.005191167,-0.010396902,-0.016940885,0.014674908
221,09-08-18,-0.005191167,0,1,1,2,0,2,1,-0.010396902,-0.016940885,0.014674908,0.004898004
222,10-08-18,-0.010396902,0,1,0,0,0,0,0,-0.016940885,0.014674908,0.004898004,-0.048770532
223,11-08-18,-0.016940885,0,0,0,0,0,0,0,0.014674908,0.004898004,-0.048770532,0.056432736
224,12-08-18,0.014674908,0,0,0,0,0,0,0,0.004898004,-0.048770532,0.056432736,-0.009468279
225,13-08-18,0.004898004,0,1,0,0,0,0,0,-0.048770532,0.056432736,-0.009468279,0.019908567
226,14-08-18,-0.048770532,0,0,2,5,0,0,3,0.056432736,-0.009468279,0.019908567,-0.005819462
227,15-08-18,0.056432736,0,0,0,2,0,0,2,-0.009468279,0.019908567,-0.005819462,-0.002977517
228,16-08-18,-0.009468279,0,0,0,2,0,1,2,0.019908567,-0.005819462,-0.002977517,-0.002735491
229,17-08-18,0.019908567,0,3,7,1,0,0,-6,-0.005819462,-0.002977517,-0.002735491,0.000543596
230,18-08-18,-0.005819462,0,0,0,0,0,0,0,-0.002977517,-0.002735491,0.000543596,0.020658049
231,19-08-18,-0.002977517,0,0,0,0,0,0,0,-0.002735491,0.000543596,0.020658049,-0.016177796
232,20-08-18,-0.002735491,0,0,0,0,0,0,0,0.000543596,0.020658049,-0.016177796,0.01947235
233,21-08-18,0.000543596,0,0,0,1,0,0,1,0.020658049,-0.016177796,0.01947235,0.022141087
234,22-08-18,0.020658049,1,0,2,2,0,0,0,-0.016177796,0.01947235,0.022141087,-0.00777837
235,23-08-18,-0.016177796,0,0,0,0,0,0,0,0.01947235,0.022141087,-0.00777837,0.011804115
236,24-08-18,0.01947235,0,0,0,1,0,0,1,0.022141087,-0.00777837,0.011804115,0.037425784
237,25-08-18,0.022141087,0,0,1,0,0,0,-1,-0.00777837,0.011804115,0.037425784,0.004720453
238,26-08-18,-0.00777837,0,0,0,0,0,0,0,0.011804115,0.037425784,0.004720453,-0.018180375
239,27-08-18,0.011804115,1,2,2,0,0,0,-2,0.037425784,0.004720453,-0.018180375,0.010373926
240,28-08-18,0.037425784,0,0,0,0,0,0,0,0.004720453,-0.018180375,0.010373926,0.024945226
241,29-08-18,0.004720453,0,0,0,0,0,0,0,-0.018180375,0.010373926,0.024945226,0.011970803
242,30-08-18,-0.018180375,0,0,2,0,0,0,-2,0.010373926,0.024945226,0.011970803,0.001722307
243,31-08-18,0.010373926,0,0,0,0,0,0,0,0.024945226,0.011970803,0.001722307,0.00990675
244,01-09-18,0.024945226,0,0,0,0,0,0,0,0.011970803,0.001722307,0.00990675,-0.044355891
245,02-09-18,0.011970803,0,0,2,2,0,0,0,0.001722307,0.00990675,-0.044355891,-0.094593298
246,03-09-18,0.001722307,0,1,1,0,0,0,-1,0.00990675,-0.044355891,-0.094593298,0.003078114
247,04-09-18,0.00990675,0,0,0,0,0,0,0,-0.044355891,-0.094593298,0.003078114,-0.024275748
248,05-09-18,-0.044355891,0,0,0,0,0,0,0,-0.094593298,0.003078114,-0.024275748,0.001068266
249,06-09-18,-0.094593298,0,0,0,0,0,0,0,0.003078114,-0.024275748,0.001068266,-0.00052705
250,07-09-18,0.003078114,0,0,0,0,0,0,0,-0.024275748,0.001068266,-0.00052705,4.30E-05
251,08-09-18,-0.024275748,0,2,0,0,0,0,0,0.001068266,-0.00052705,4.30E-05,-0.002694302
252,09-09-18,0.001068266,0,2,0,0,0,0,0,-0.00052705,4.30E-05,-0.002694302,0.029766507
253,10-09-18,-0.00052705,0,1,7,3,0,4,-4,4.30E-05,-0.002694302,0.029766507,0.004932981
254,11-09-18,4.30E-05,0,0,0,0,0,1,0,-0.002694302,0.029766507,0.004932981,0.00411458
255,12-09-18,-0.002694302,1,2,3,1,0,0,-2,0.029766507,0.004932981,0.00411458,-0.009687889
256,13-09-18,0.029766507,0,0,0,1,0,0,1,0.004932981,0.00411458,-0.009687889,-0.021066823
257,14-09-18,0.004932981,0,2,3,4,0,1,1,0.00411458,-0.009687889,-0.021066823,-0.002801843
258,15-09-18,0.00411458,0,1,0,0,0,0,0,-0.009687889,-0.021066823,-0.002801843,0.003731935
259,16-09-18,-0.009687889,0,0,0,0,0,0,0,-0.021066823,-0.002801843,0.003731935,0.013346292
260,17-09-18,-0.021066823,0,1,0,3,0,0,3,-0.002801843,0.003731935,0.013346292,0.038613534
261,18-09-18,-0.002801843,0,0,5,0,0,1,-5,0.003731935,0.013346292,0.038613534,0.004101273
262,19-09-18,0.003731935,0,0,0,1,0,1,1,0.013346292,0.038613534,0.004101273,0.001408825
263,20-09-18,0.013346292,0,0,1,3,0,0,2,0.038613534,0.004101273,0.001408825,-0.012854705
264,21-09-18,0.038613534,0,0,1,0,0,1,-1,0.004101273,0.001408825,-0.012854705,-0.032753009
265,22-09-18,0.004101273,0,0,0,0,0,0,0,0.001408825,-0.012854705,-0.032753009,0.008700865
266,23-09-18,0.001408825,0,0,0,0,0,0,0,-0.012854705,-0.032753009,0.008700865,0.014009745
267,24-09-18,-0.012854705,0,0,0,2,0,1,2,-0.032753009,0.008700865,0.014009745,0.01472847
268,25-09-18,-0.032753009,0,0,0,1,0,0,1,0.008700865,0.014009745,0.01472847,-0.017955643
269,26-09-18,0.008700865,0,2,1,2,0,0,1,0.014009745,0.01472847,-0.017955643,0.004932668
270,27-09-18,0.014009745,0,0,0,0,0,0,0,0.01472847,-0.017955643,0.004932668,-0.002463174
271,28-09-18,0.01472847,4,4,0,0,0,0,0,-0.017955643,0.004932668,-0.002463174,-0.004997091
272,29-09-18,-0.017955643,0,0,0,0,0,0,0,0.004932668,-0.002463174,-0.004997091,-0.013081278
273,30-09-18,0.004932668,0,0,0,0,0,0,0,-0.002463174,-0.004997091,-0.013081278,0.01649013
274,01-10-18,-0.002463174,0,1,1,1,0,0,0,-0.004997091,-0.013081278,0.01649013,0.000537187
275,02-10-18,-0.004997091,0,0,0,0,0,0,0,-0.013081278,0.01649013,0.000537187,-0.000211359
276,03-10-18,-0.013081278,0,0,0,0,0,0,0,0.01649013,0.000537187,-0.000211359,0.000177521
277,04-10-18,0.01649013,0,0,0,0,0,0,0,0.000537187,-0.000211359,0.000177521,0.006102155
278,05-10-18,0.000537187,0,0,1,0,0,0,-1,-0.000211359,0.000177521,0.006102155,-0.001342452
279,06-10-18,-0.000211359,0,0,0,0,0,0,0,0.000177521,0.006102155,-0.001342452,-0.014432248
280,07-10-18,0.000177521,0,0,0,0,0,0,0,0.006102155,-0.001342452,-0.014432248,-0.046542455
281,08-10-18,0.006102155,0,0,0,0,0,0,0,-0.001342452,-0.014432248,-0.046542455,-0.001329282
282,09-10-18,-0.001342452,0,6,5,0,0,1,-5,-0.014432248,-0.046542455,-0.001329282,1.89E-05
283,10-10-18,-0.014432248,0,2,4,1,0,1,-3,-0.046542455,-0.001329282,1.89E-05,0.006453796
284,11-10-18,-0.046542455,0,0,0,1,0,0,1,-0.001329282,1.89E-05,0.006453796,0.034452396
285,12-10-18,-0.001329282,0,0,0,0,0,0,0,1.89E-05,0.006453796,0.034452396,-0.002763445
286,13-10-18,1.89E-05,0,0,0,0,0,0,0,0.006453796,0.034452396,-0.002763445,-0.000493807
287,14-10-18,0.006453796,0,0,0,0,0,0,0,0.034452396,-0.002763445,-0.000493807,-0.002746432
288,15-10-18,0.034452396,0,0,4,1,0,0,-3,-0.002763445,-0.000493807,-0.002746432,-0.005476283
289,16-10-18,-0.002763445,0,0,4,1,0,0,-3,-0.000493807,-0.002746432,-0.005476283,0.002245054
290,17-10-18,-0.000493807,0,3,2,1,0,2,-1,-0.002746432,-0.005476283,0.002245054,0.005496992
291,18-10-18,-0.002746432,0,1,0,3,0,0,3,-0.005476283,0.002245054,0.005496992,-0.004799469
292,19-10-18,-0.005476283,0,2,1,0,0,0,-1,0.002245054,0.005496992,-0.004799469,-0.001405225
293,20-10-18,0.002245054,0,0,0,0,0,0,0,0.005496992,-0.004799469,-0.001405225,0.005646989
294,21-10-18,0.005496992,0,0,0,0,0,0,0,-0.004799469,-0.001405225,0.005646989,-0.005079012
295,22-10-18,-0.004799469,0,1,0,0,0,0,0,-0.001405225,0.005646989,-0.005079012,0.001827594
296,23-10-18,-0.001405225,1,2,1,1,0,0,0,0.005646989,-0.005079012,0.001827594,-0.000689065
297,24-10-18,0.005646989,0,1,3,4,0,0,1,-0.005079012,0.001827594,-0.000689065,-0.000386009
298,25-10-18,-0.005079012,0,3,1,0,0,1,-1,0.001827594,-0.000689065,-0.000386009,-0.016490419
299,26-10-18,0.001827594,0,0,0,1,0,0,1,-0.000689065,-0.000386009,-0.016490419,-0.005664818
300,27-10-18,-0.000689065,0,0,0,0,0,0,0,-0.000386009,-0.016490419,-0.005664818,0.002776766
301,28-10-18,-0.000386009,0,0,0,0,0,0,0,-0.016490419,-0.005664818,0.002776766,0.005641957
302,29-10-18,-0.016490419,0,0,0,1,0,0,1,-0.005664818,0.002776766,0.005641957,0.005707749
303,30-10-18,-0.005664818,0,2,0,2,0,0,2,0.002776766,0.005641957,0.005707749,-0.003257517
304,31-10-18,0.002776766,0,0,0,1,0,0,1,0.005641957,0.005707749,-0.003257517,0.010910135
305,01-11-18,0.005641957,0,0,4,2,0,0,-2,0.005707749,-0.003257517,0.010910135,0.00026328
306,02-11-18,0.005707749,0,1,0,0,0,0,0,-0.003257517,0.010910135,0.00026328,0.002696539
307,03-11-18,-0.003257517,0,0,0,0,0,0,0,0.010910135,0.00026328,0.002696539,0.013568702
308,04-11-18,0.010910135,0,0,0,0,0,0,0,0.00026328,0.002696539,0.013568702,-0.00977859
309,05-11-18,0.00026328,0,1,1,1,0,2,0,0.002696539,0.013568702,-0.00977859,-0.013054711
310,06-11-18,0.002696539,0,0,1,0,0,0,-1,0.013568702,-0.00977859,-0.013054711,-0.001639137
311,07-11-18,0.013568702,0,1,0,1,0,2,1,-0.00977859,-0.013054711,-0.001639137,-0.005606929
312,08-11-18,-0.00977859,0,4,2,1,0,0,-1,-0.013054711,-0.001639137,-0.005606929,0.00468099
313,09-11-18,-0.013054711,0,0,1,1,0,0,0,-0.001639137,-0.005606929,0.00468099,-0.009389936
314,10-11-18,-0.001639137,0,0,0,0,0,0,0,-0.005606929,0.00468099,-0.009389936,-0.097018612
315,11-11-18,-0.005606929,0,0,1,0,0,0,-1,0.00468099,-0.009389936,-0.097018612,-0.050044556
316,12-11-18,0.00468099,0,0,0,5,0,0,5,-0.009389936,-0.097018612,-0.050044556,0.013057854
317,13-11-18,-0.009389936,0,0,1,1,0,0,0,-0.097018612,-0.050044556,0.013057854,-0.008148366
318,14-11-18,-0.097018612,0,3,2,0,0,0,-2,-0.050044556,0.013057854,-0.008148366,0.010944061
319,15-11-18,-0.050044556,0,0,1,1,0,0,0,0.013057854,-0.008148366,0.010944061,-0.089533948
320,16-11-18,0.013057854,0,0,0,0,0,0,0,-0.008148366,0.010944061,-0.089533948,-0.141729127
321,17-11-18,-0.008148366,0,0,2,0,0,0,-2,0.010944061,-0.089533948,-0.141729127,-0.001885313
322,18-11-18,0.010944061,0,0,0,0,0,0,0,-0.089533948,-0.141729127,-0.001885313,-0.003808818
323,19-11-18,-0.089533948,0,7,3,1,0,1,-2,-0.141729127,-0.001885313,-0.003808818,-0.047598341
324,20-11-18,-0.141729127,0,7,5,1,0,1,-4,-0.001885313,-0.003808818,-0.047598341,-0.06521665
325,21-11-18,-0.001885313,2,0,0,0,0,0,0,-0.003808818,-0.047598341,-0.06521665,-0.053516431
326,22-11-18,-0.003808818,0,1,2,0,0,0,-2,-0.047598341,-0.06521665,-0.053516431,0.009851411
327,23-11-18,-0.047598341,0,0,0,4,0,0,4,-0.06521665,-0.053516431,0.009851411,-0.029164202
328,24-11-18,-0.06521665,0,0,0,0,0,0,0,-0.053516431,0.009851411,-0.029164202,0.097600595
329,25-11-18,-0.053516431,0,0,0,0,0,0,0,0.009851411,-0.029164202,0.097600595,0.031764949
330,26-11-18,0.009851411,0,0,0,0,0,0,0,-0.029164202,0.097600595,0.031764949,-0.048816082
331,27-11-18,-0.029164202,0,1,2,1,0,0,-1,0.097600595,0.031764949,-0.048816082,0.01439247
332,28-11-18,0.097600595,0,4,1,1,0,0,0,0.031764949,-0.048816082,0.01439247,0.00654136
333,29-11-18,0.031764949,0,0,0,2,0,0,2,-0.048816082,0.01439247,0.00654136,-0.056917485
334,30-11-18,-0.048816082,0,0,1,2,0,0,1,0.01439247,0.00654136,-0.056917485,0.000345777
335,01-12-18,0.01439247,0,0,0,0,0,0,0,0.00654136,-0.056917485,0.000345777,-0.032459371
336,02-12-18,0.00654136,0,0,1,0,0,0,-1,-0.056917485,0.000345777,-0.032459371,-0.03418149
337,03-12-18,-0.056917485,0,4,0,3,0,0,3,0.000345777,-0.032459371,-0.03418149,-0.090428119
338,04-12-18,0.000345777,0,2,4,1,0,0,-3,-0.032459371,-0.03418149,-0.090428119,0.008783203
339,05-12-18,-0.032459371,0,0,1,2,0,1,1,-0.03418149,-0.090428119,0.008783203,0.032051231
340,06-12-18,-0.03418149,0,0,0,5,0,0,5,-0.090428119,0.008783203,0.032051231,-0.013815118
341,07-12-18,-0.090428119,0,0,0,0,0,0,0,0.008783203,0.032051231,-0.013815118,-0.02661404
342,08-12-18,0.008783203,0,0,0,0,0,0,0,0.032051231,-0.013815118,-0.02661404,0.015399098
343,09-12-18,0.032051231,0,0,0,0,0,0,0,-0.013815118,-0.02661404,0.015399098,-0.020157774
344,10-12-18,-0.013815118,0,4,2,2,0,0,0,-0.02661404,0.015399098,-0.020157774,-0.038345961
345,11-12-18,-0.02661404,0,0,0,0,0,0,0,0.015399098,-0.020157774,-0.038345961,-0.014969995
346,12-12-18,0.015399098,0,2,0,0,0,0,0,-0.020157774,-0.038345961,-0.014969995,0.01530702
347,13-12-18,-0.020157774,1,0,2,1,0,0,-1,-0.038345961,-0.014969995,0.01530702,0.050623461
348,14-12-18,-0.038345961,0,0,4,1,0,0,-3,-0.014969995,0.01530702,0.050623461,0.03510429
349,15-12-18,-0.014969995,0,0,0,0,0,0,0,0.01530702,0.050623461,0.03510429,0.066167093
350,16-12-18,0.01530702,0,0,0,0,0,0,0,0.050623461,0.03510429,0.066167093,0.053373815
351,17-12-18,0.050623461,0,1,3,1,0,0,-2,0.03510429,0.066167093,0.053373815,-0.003814522
352,18-12-18,0.03510429,0,0,1,2,0,2,1,0.066167093,0.053373815,-0.003814522,-0.025821845
353,19-12-18,0.066167093,0,1,1,1,0,0,0,0.053373815,-0.003814522,-0.025821845,0.028638767
354,20-12-18,0.053373815,0,0,0,0,0,0,0,-0.003814522,-0.025821845,0.028638767,0.037424163
355,21-12-18,-0.003814522,0,0,0,2,0,1,2,-0.025821845,0.028638767,0.037424163,-0.092609061
356,22-12-18,-0.025821845,0,0,0,0,0,0,0,0.028638767,0.037424163,-0.092609061,-0.001545581
357,23-12-18,0.028638767,0,0,0,0,0,0,0,0.037424163,-0.092609061,-0.001545581,-0.019787314
358,24-12-18,0.037424163,0,0,0,0,0,0,0,-0.092609061,-0.001545581,-0.019787314,0.011417633
359,25-12-18,-0.092609061,0,0,0,0,0,0,0,-0.001545581,-0.019787314,0.011417633,0.031755396
360,26-12-18,-0.001545581,0,0,0,0,0,1,0,-0.019787314,0.011417633,0.031755396,-0.021414581
361,27-12-18,-0.019787314,0,0,0,0,0,0,0,0.011417633,0.031755396,-0.021414581,-0.009382502
362,28-12-18,0.011417633,0,2,4,0,0,0,-4,0.031755396,-0.021414581,-0.009382502,-0.01090814
363,29-12-18,0.031755396,0,0,0,0,0,0,0,-0.021414581,-0.009382502,-0.01090814,0.031431349
364,30-12-18,-0.021414581,0,0,0,0,0,0,0,-0.009382502,-0.01090814,0.031431349,-0.003481627
365,31-12-18,-0.009382502,0,1,1,0,0,0,-1,-0.01090814,0.031431349,-0.003481627,-0.008214309
366,01-01-19,-0.01090814,0,0,1,0,0,1,-1,0.031431349,-0.003481627,-0.008214309,0.012454922
367,02-01-19,0.031431349,0,1,1,0,0,0,-1,-0.003481627,-0.008214309,0.012454922,0.033501423
368,03-01-19,-0.003481627,0,0,1,1,0,0,0,-0.008214309,0.012454922,0.033501423,0.012609675
369,04-01-19,-0.008214309,0,0,0,0,0,3,0,0.012454922,0.033501423,0.012609675,-0.000284948
370,05-01-19,0.012454922,0,0,0,0,0,0,0,0.033501423,0.012609675,-0.000284948,-0.002236145
371,06-01-19,0.033501423,0,0,0,3,0,0,3,0.012609675,-0.000284948,-0.002236145,-0.065996241
372,07-01-19,0.012609675,0,2,0,0,0,0,0,-0.000284948,-0.002236145,-0.065996241,-0.034425279
373,08-01-19,-0.000284948,0,0,0,0,0,0,0,-0.002236145,-0.065996241,-0.034425279,-0.00343195
374,09-01-19,-0.002236145,0,0,0,0,0,0,0,-0.065996241,-0.034425279,-0.00343195,-0.022391584
375,10-01-19,-0.065996241,1,4,0,1,0,0,1,-0.034425279,-0.00343195,-0.022391584,0.018936724
376,11-01-19,-0.034425279,0,0,0,0,0,0,0,-0.00343195,-0.022391584,0.018936724,0.004563819
377,12-01-19,-0.00343195,0,0,0,0,0,0,0,-0.022391584,0.018936724,0.004563819,-0.006578701
378,13-01-19,-0.022391584,0,0,0,0,0,0,0,0.018936724,0.004563819,-0.006578701,-0.000583728
379,14-01-19,0.018936724,0,0,1,0,0,3,-1,0.004563819,-0.006578701,-0.000583728,0.002635096
380,15-01-19,0.004563819,0,1,5,0,0,1,-5,-0.006578701,-0.000583728,0.002635096,0.023413648
381,16-01-19,-0.006578701,0,0,1,0,0,0,-1,-0.000583728,0.002635096,0.023413648,-0.034880484
382,17-01-19,-0.000583728,0,0,0,0,0,0,0,0.002635096,0.023413648,-0.034880484,-0.010633703
383,18-01-19,0.002635096,0,2,0,0,0,0,0,0.023413648,-0.034880484,-0.010633703,0.003409182
384,19-01-19,0.023413648,0,0,0,0,0,0,0,-0.034880484,-0.010633703,0.003409182,0.004605543
385,20-01-19,-0.034880484,0,0,0,0,0,0,0,-0.010633703,0.003409182,0.004605543,-0.002784004
386,21-01-19,-0.010633703,0,1,0,0,0,0,0,0.003409182,0.004605543,-0.002784004,-0.001135306
387,22-01-19,0.003409182,2,0,2,1,0,0,-1,0.004605543,-0.002784004,-0.001135306,0.009464644
388,23-01-19,0.004605543,0,7,2,0,0,0,-2,-0.002784004,-0.001135306,0.009464644,-0.01350905
389,24-01-19,-0.002784004,1,1,4,0,0,0,-4,-0.001135306,0.009464644,-0.01350905,-0.030098532
390,25-01-19,-0.001135306,0,0,0,1,0,0,1,0.009464644,-0.01350905,-0.030098532,-0.012384075
391,26-01-19,0.009464644,0,1,0,0,0,0,0,-0.01350905,-0.030098532,-0.012384075,0.010807141
392,27-01-19,-0.01350905,0,0,0,0,0,0,0,-0.030098532,-0.012384075,0.010807141,-0.002299069
393,28-01-19,-0.030098532,0,0,4,2,0,0,-2,-0.012384075,0.010807141,-0.002299069,-0.001993401
394,29-01-19,-0.012384075,0,0,0,0,0,0,0,0.010807141,-0.002299069,-0.001993401,0.006720698
395,30-01-19,0.010807141,0,0,0,0,0,0,0,-0.002299069,-0.001993401,0.006720698,-0.00468689
396,31-01-19,-0.002299069,0,0,0,0,0,0,0,-0.001993401,0.006720698,-0.00468689,-0.002133707
397,01-02-19,-0.001993401,0,2,1,1,0,0,0,0.006720698,-0.00468689,-0.002133707,0.002169864
398,02-02-19,0.006720698,0,0,0,0,0,0,0,-0.00468689,-0.002133707,0.002169864,-0.01432857
399,03-02-19,-0.00468689,0,0,0,0,0,0,0,-0.002133707,0.002169864,-0.01432857,-0.002276993
400,04-02-19,-0.002133707,0,0,0,0,0,0,0,0.002169864,-0.01432857,-0.002276993,0.036409688
401,05-02-19,0.002169864,0,4,9,0,0,1,-9,-0.01432857,-0.002276993,0.036409688,0.034112276
402,06-02-19,-0.01432857,0,0,0,0,0,0,0,-0.002276993,0.036409688,0.034112276,-0.001893098
403,07-02-19,-0.002276993,0,0,2,2,0,0,0,0.036409688,0.034112276,-0.001893098,-0.003383721
404,08-02-19,0.036409688,0,1,5,1,0,0,-4,0.034112276,-0.001893098,-0.003383721,-0.005217326
405,09-02-19,0.034112276,0,0,0,0,0,0,0,-0.001893098,-0.003383721,-0.005217326,0.000569233
406,10-02-19,-0.001893098,0,0,0,0,0,0,0,-0.003383721,-0.005217326,0.000569233,-0.003568187
407,11-02-19,-0.003383721,0,0,0,0,0,0,0,-0.005217326,0.000569233,-0.003568187,0.00143495
408,12-02-19,-0.005217326,0,0,0,0,0,0,0,0.000569233,-0.003568187,0.00143495,0.004253844
409,13-02-19,0.000569233,0,0,0,1,0,0,1,-0.003568187,0.00143495,0.004253844,0.001594841
410,14-02-19,-0.003568187,1,0,2,0,0,0,-2,0.00143495,0.004253844,0.001594841,0.046653176
411,15-02-19,0.00143495,0,0,0,0,0,0,0,0.004253844,0.001594841,0.046653176,0.034785774
412,16-02-19,0.004253844,0,0,0,0,0,0,0,0.001594841,0.046653176,0.034785774,0.002092373
413,17-02-19,0.001594841,0,0,0,0,0,0,0,0.046653176,0.034785774,0.002092373,-0.001518074
414,18-02-19,0.046653176,0,0,0,0,0,0,0,0.034785774,0.002092373,-0.001518074,0.004490819
415,19-02-19,0.034785774,0,0,0,0,0,0,0,0.002092373,-0.001518074,0.004490819,0.023790871
416,20-02-19,0.002092373,0,0,0,0,0,0,0,-0.001518074,0.004490819,0.023790871,-0.030342166
417,21-02-19,-0.001518074,0,0,0,0,0,0,0,0.004490819,0.023790871,-0.030342166,-0.027814445
418,22-02-19,0.004490819,0,0,0,0,0,0,0,0.023790871,-0.030342166,-0.027814445,-0.00013707
419,23-02-19,0.023790871,0,0,0,0,0,0,0,-0.030342166,-0.027814445,-0.00013707,-0.005276459
420,24-02-19,-0.030342166,0,0,0,0,0,0,0,-0.027814445,-0.00013707,-0.005276459,0.010340526
421,25-02-19,-0.027814445,0,0,0,0,0,0,0,-0.00013707,-0.005276459,0.010340526,0.000196643
422,26-02-19,-0.00013707,0,0,0,1,0,0,1,-0.005276459,0.010340526,0.000196643,-0.003738382
423,27-02-19,-0.005276459,0,0,0,0,0,0,0,0.010340526,0.000196643,-0.003738382,-0.001311373
424,28-02-19,0.010340526,0,0,0,0,0,0,0,0.000196643,-0.003738382,-0.001311373,-0.021756219
425,01-03-19,0.000196643,0,0,0,0,0,0,0,-0.003738382,-0.001311373,-0.021756219,0.016051123
426,02-03-19,-0.003738382,0,0,0,0,0,0,0,-0.001311373,-0.021756219,0.016051123,0.017006737
427,03-03-19,-0.001311373,0,0,0,0,0,0,0,-0.021756219,0.016051123,0.017006737,0.005042102
428,04-03-19,-0.021756219,0,0,0,0,0,0,0,0.016051123,0.017006737,0.005042102,0.001335041
429,05-03-19,0.016051123,0,0,0,0,0,0,0,0.017006737,0.005042102,0.001335041,0.008217837
430,06-03-19,0.017006737,0,2,0,0,0,0,0,0.005042102,0.001335041,0.008217837,-0.002159641
431,07-03-19,0.005042102,1,6,6,0,0,0,-6,0.001335041,0.008217837,-0.002159641,-0.008194535
432,08-03-19,0.001335041,0,2,0,0,0,0,0,0.008217837,-0.002159641,-0.008194535,-0.00344322
433,09-03-19,0.008217837,0,0,0,0,0,0,0,-0.002159641,-0.008194535,-0.00344322,0.001653015
434,10-03-19,-0.002159641,0,0,0,0,0,0,0,-0.008194535,-0.00344322,0.001653015,-0.000966105
435,11-03-19,-0.008194535,0,0,0,0,0,0,0,-0.00344322,0.001653015,-0.000966105,0.008091879
436,12-03-19,-0.00344322,0,4,2,2,0,1,0,0.001653015,-0.000966105,0.008091879,0.026131268
437,13-03-19,0.001653015,0,0,0,0,0,0,0,-0.000966105,0.008091879,0.026131268,-0.005540141
438,14-03-19,-0.000966105,0,0,0,0,0,0,0,0.008091879,0.026131268,-0.005540141,0.001484581
439,15-03-19,0.008091879,0,0,0,0,0,0,0,0.026131268,-0.005540141,0.001484581,0.002629643
440,16-03-19,0.026131268,0,3,0,0,0,0,0,-0.005540141,0.001484581,0.002629643,0.004869158
441,17-03-19,-0.005540141,0,0,0,0,0,0,0,0.001484581,0.002629643,0.004869158,0.000736191
442,18-03-19,0.001484581,0,0,0,1,0,0,1,0.002629643,0.004869158,0.000736191,-0.00485745
443,19-03-19,0.002629643,0,0,0,1,0,0,1,0.004869158,0.000736191,-0.00485745,-2.15E-05
444,20-03-19,0.004869158,0,6,5,4,0,0,-1,0.000736191,-0.00485745,-2.15E-05,-0.003729398
445,21-03-19,0.000736191,0,1,2,3,0,0,1,-0.00485745,-2.15E-05,-0.003729398,-0.008512195
446,22-03-19,-0.00485745,0,2,2,4,0,0,2,-2.15E-05,-0.003729398,-0.008512195,-0.006616721
447,23-03-19,-2.15E-05,0,0,0,0,0,0,0,-0.003729398,-0.008512195,-0.006616721,0.022823805
448,24-03-19,-0.003729398,0,0,0,0,0,0,0,-0.008512195,-0.006616721,0.022823805,0.002627218
449,25-03-19,-0.008512195,0,2,1,1,0,0,0,-0.006616721,0.022823805,0.002627218,0.013496503
450,26-03-19,-0.006616721,0,3,5,6,0,2,1,0.022823805,0.002627218,0.013496503,0.005388963
451,27-03-19,0.022823805,0,1,3,7,0,1,4,0.002627218,0.013496503,0.005388963,0.000675802
452,28-03-19,0.002627218,0,0,2,7,0,0,5,0.013496503,0.005388963,0.000675802,0.007904794
453,29-03-19,0.013496503,0,1,2,7,0,0,5,0.005388963,0.000675802,0.007904794,0.126585071
454,30-03-19,0.005388963,0,1,0,4,0,0,4,0.000675802,0.007904794,0.126585071,0.067975186
455,31-03-19,0.000675802,0,1,0,2,0,0,2,0.007904794,0.126585071,0.067975186,-0.02081974
456,01-04-19,0.007904794,0,1,2,7,0,1,5,0.126585071,0.067975186,-0.02081974,0.005096651
457,02-04-19,0.126585071,1,0,2,3,0,1,1,0.067975186,-0.02081974,0.005096651,0.018096149
458,03-04-19,0.067975186,0,0,2,4,0,0,2,-0.02081974,0.005096651,0.018096149,0.012265223
459,04-04-19,-0.02081974,0,4,10,3,0,0,-7,0.005096651,0.018096149,0.012265223,0.018963594
460,05-04-19,0.005096651,1,0,3,3,0,1,0,0.018096149,0.012265223,0.018963594,-0.004561844
461,06-04-19,0.018096149,0,0,2,3,0,1,1,0.012265223,0.018963594,-0.004561844,0.014251529
462,07-04-19,0.012265223,0,0,3,3,0,1,0,0.018963594,-0.004561844,0.014251529,-0.033449799
463,08-04-19,0.018963594,0,0,2,3,0,0,1,-0.004561844,0.014251529,-0.033449799,-0.015608722
464,09-04-19,-0.004561844,0,2,4,2,0,1,-2,0.014251529,-0.033449799,-0.015608722,0.009172504
465,10-04-19,0.014251529,0,0,0,0,0,0,0,-0.033449799,-0.015608722,0.009172504,-0.000566685
466,11-04-19,-0.033449799,0,1,0,0,0,0,0,-0.015608722,0.009172504,-0.000566685,0.003860143
467,12-04-19,-0.015608722,0,0,3,0,0,0,-3,0.009172504,-0.000566685,0.003860143,0.001963518
468,13-04-19,0.009172504,0,0,0,0,0,0,0,-0.000566685,0.003860143,0.001963518,0.020131575
469,14-04-19,-0.000566685,0,0,0,0,0,0,0,0.003860143,0.001963518,0.020131575,0.009084713
470,15-04-19,0.003860143,0,0,1,1,0,0,0,0.001963518,0.020131575,0.009084713,-0.00184809
471,16-04-19,0.001963518,0,5,0,0,0,0,0,0.020131575,0.009084713,-0.00184809,0.010699306
472,17-04-19,0.020131575,0,0,0,0,0,0,0,0.009084713,-0.00184809,0.010699306,-0.007479736
473,18-04-19,0.009084713,0,0,0,0,0,0,0,-0.00184809,0.010699306,-0.007479736,0.010797674
474,19-04-19,-0.00184809,0,0,1,1,0,0,0,0.010699306,-0.007479736,0.010797674,0.037538443
475,20-04-19,0.010699306,0,0,1,0,0,0,-1,-0.007479736,0.010797674,0.037538443,-0.010700124
476,21-04-19,-0.007479736,0,0,0,0,0,0,0,0.010797674,0.037538443,-0.010700124,-0.02869033
477,22-04-19,0.010797674,0,3,4,0,0,0,-4,0.037538443,-0.010700124,-0.02869033,-0.033469414
478,23-04-19,0.037538443,0,0,0,0,0,1,0,-0.010700124,-0.02869033,-0.033469414,0.001080757
479,24-04-19,-0.010700124,0,1,0,1,0,0,1,-0.02869033,-0.033469414,0.001080757,0.000467261
480,25-04-19,-0.02869033,0,0,1,0,0,2,-1,-0.033469414,0.001080757,0.000467261,-0.002964072
481,26-04-19,-0.033469414,0,0,0,0,0,0,0,0.001080757,0.000467261,-0.002964072,0.011999917
482,27-04-19,0.001080757,0,0,0,0,0,0,0,0.000467261,-0.002964072,0.011999917,0.017530368
483,28-04-19,0.000467261,0,0,0,0,0,0,0,-0.002964072,0.011999917,0.017530368,0.01190611
484,29-04-19,-0.002964072,0,0,1,1,0,0,0,0.011999917,0.017530368,0.01190611,0.049241804
485,30-04-19,0.011999917,0,0,0,0,0,0,0,0.017530368,0.01190611,0.049241804,0.008734806
486,01-05-19,0.017530368,0,0,0,2,0,0,2,0.01190611,0.049241804,0.008734806,0.004053837
487,02-05-19,0.01190611,0,2,5,3,0,0,-2,0.049241804,0.008734806,0.004053837,-0.011512468
488,03-05-19,0.049241804,0,5,0,2,0,0,2,0.008734806,0.004053837,-0.011512468,0.035409734
489,04-05-19,0.008734806,0,0,0,2,0,0,2,0.004053837,-0.011512468,0.035409734,-0.003481122
490,05-05-19,0.004053837,0,2,2,2,0,0,0,-0.011512468,0.035409734,-0.003481122,0.03265285
491,06-05-19,-0.011512468,0,0,7,2,0,0,-5,0.035409734,-0.003481122,0.03265285,0.040585066
492,07-05-19,0.035409734,0,4,7,2,0,0,-5,-0.003481122,0.03265285,0.040585066,0.088030663
493,08-05-19,-0.003481122,0,3,4,0,0,1,-4,0.03265285,0.040585066,0.088030663,0.03944477
494,09-05-19,0.03265285,0,0,0,1,0,0,1,0.040585066,0.088030663,0.03944477,0.055742904
495,10-05-19,0.040585066,0,2,1,0,0,0,-1,0.088030663,0.03944477,0.055742904,0.048804205
496,11-05-19,0.088030663,0,0,0,0,0,0,0,0.03944477,0.055742904,0.048804205,0.007173773
497,12-05-19,0.03944477,0,0,0,0,0,0,0,0.055742904,0.048804205,0.007173773,-0.007657239
498,13-05-19,0.055742904,0,0,0,0,0,0,0,0.048804205,0.007173773,-0.007657239,-0.116329886
499,14-05-19,0.048804205,0,0,1,1,0,0,0,0.007173773,-0.007657239,-0.116329886,0.022971189
500,15-05-19,0.007173773,0,2,0,2,0,0,2,-0.007657239,-0.116329886,0.022971189,0.077470076
501,16-05-19,-0.007657239,0,1,0,1,0,0,1,-0.116329886,0.022971189,0.077470076,-0.005589603
502,17-05-19,-0.116329886,0,2,1,1,0,0,0,0.022971189,0.077470076,-0.005589603,0.004842338
503,18-05-19,0.022971189,0,0,0,0,0,0,0,0.077470076,-0.005589603,0.004842338,-0.012656559
504,19-05-19,0.077470076,0,0,0,0,0,0,0,-0.005589603,0.004842338,-0.012656559,-0.016494217
505,20-05-19,-0.005589603,0,2,0,1,0,0,1,0.004842338,-0.012656559,-0.016494217,0.03752479
506,21-05-19,0.004842338,0,0,0,0,0,0,0,-0.012656559,-0.016494217,0.03752479,0.004796762
507,22-05-19,-0.012656559,2,2,7,4,0,0,-3,-0.016494217,0.03752479,0.004796762,0.044364382
508,23-05-19,-0.016494217,0,2,8,0,0,0,-8,0.03752479,0.004796762,0.044364382,0.041242609
509,24-05-19,0.03752479,0,1,0,4,0,0,4,0.004796762,0.044364382,0.041242609,-0.009239816
510,25-05-19,0.004796762,0,0,0,1,0,0,1,0.044364382,0.041242609,-0.009239816,-0.009890909
511,26-05-19,0.044364382,0,0,0,0,0,0,0,0.041242609,-0.009239816,-0.009890909,-0.005401782
512,27-05-19,0.041242609,0,0,0,0,0,0,0,-0.009239816,-0.009890909,-0.005401782,-0.029060811
513,28-05-19,-0.009239816,0,2,3,0,0,0,-3,-0.009890909,-0.005401782,-0.029060811,0.024271027
514,29-05-19,-0.009890909,0,3,0,2,0,0,2,-0.005401782,-0.029060811,0.024271027,0.018275797
515,30-05-19,-0.005401782,0,0,1,1,0,3,0,-0.029060811,0.024271027,0.018275797,-0.030255967
516,31-05-19,-0.029060811,0,0,0,0,0,0,0,0.024271027,0.018275797,-0.030255967,-0.081246877
517,01-06-19,0.024271027,0,0,0,0,0,0,0,0.018275797,-0.030255967,-0.081246877,-0.005871013
518,02-06-19,0.018275797,0,0,0,0,0,0,0,-0.030255967,-0.081246877,-0.005871013,-0.009383911
519,03-06-19,-0.030255967,0,1,0,3,0,0,3,-0.081246877,-0.005871013,-0.009383911,0.032410099
520,04-06-19,-0.081246877,0,1,0,0,0,0,0,-0.005871013,-0.009383911,0.032410099,-0.004960224
521,05-06-19,-0.005871013,0,0,0,0,0,0,0,-0.009383911,0.032410099,-0.004960224,-0.023420118
522,06-06-19,-0.009383911,0,0,2,2,0,0,0,0.032410099,-0.004960224,-0.023420118,0.01450556
523,07-06-19,0.032410099,0,0,0,0,0,0,0,-0.004960224,-0.023420118,0.01450556,0.003942621
524,08-06-19,-0.004960224,0,0,0,0,0,0,0,-0.023420118,0.01450556,0.003942621,0.022507055
525,09-06-19,-0.023420118,0,0,0,0,0,0,0,0.01450556,0.003942621,0.022507055,0.015236889
526,10-06-19,0.01450556,0,0,0,4,0,0,4,0.003942621,0.022507055,0.015236889,0.026432713
527,11-06-19,0.003942621,0,0,0,0,0,0,0,0.022507055,0.015236889,0.026432713,0.038899434
528,12-06-19,0.022507055,0,2,1,0,0,0,-1,0.015236889,0.026432713,0.038899434,0.04095484
529,13-06-19,0.015236889,0,0,1,0,0,0,-1,0.026432713,0.038899434,0.04095484,0.014355069
530,14-06-19,0.026432713,0,3,2,4,0,0,2,0.038899434,0.04095484,0.014355069,-0.013668181
531,15-06-19,0.038899434,0,0,0,0,0,0,0,0.04095484,0.014355069,-0.013668181,0.002792076
532,16-06-19,0.04095484,0,0,0,0,0,0,0,0.014355069,-0.013668181,0.002792076,0.02457626
533,17-06-19,0.014355069,0,0,0,5,0,0,5,-0.013668181,0.002792076,0.02457626,0.044677735
534,18-06-19,-0.013668181,0,2,1,2,0,0,1,0.002792076,0.02457626,0.044677735,0.083262345
535,19-06-19,0.002792076,0,0,0,0,0,0,0,0.02457626,0.044677735,0.083262345,0.009160516
536,20-06-19,0.02457626,0,0,0,0,0,0,0,0.044677735,0.083262345,0.009160516,0.002798036
537,21-06-19,0.044677735,0,2,0,0,0,0,0,0.083262345,0.009160516,0.002798036,0.043074651
538,22-06-19,0.083262345,0,0,0,0,0,0,0,0.009160516,0.002798036,0.043074651,0.10945745
539,23-06-19,0.009160516,0,1,3,0,0,0,-3,0.002798036,0.043074651,0.10945745,-0.101578481
540,24-06-19,0.002798036,1,2,1,1,0,0,0,0.043074651,0.10945745,-0.101578481,0.009069456
541,25-06-19,0.043074651,0,2,0,0,0,0,0,0.10945745,-0.101578481,0.009069456,0.013217782
542,26-06-19,0.10945745,0,0,1,2,0,0,1,-0.101578481,0.009069456,0.013217782,-0.045110681
543,27-06-19,-0.101578481,0,0,0,0,0,0,0,0.009069456,0.013217782,-0.045110681,-0.065033901
544,28-06-19,0.009069456,0,0,0,0,0,0,0,0.013217782,-0.045110681,-0.065033901,-0.041887065
545,29-06-19,0.013217782,0,0,0,0,0,0,0,-0.045110681,-0.065033901,-0.041887065,0.103856284
546,30-06-19,-0.045110681,0,0,0,0,0,0,0,-0.065033901,-0.041887065,0.103856284,0.029499337
547,01-07-19,-0.065033901,0,0,0,0,0,0,0,-0.041887065,0.103856284,0.029499337,-0.053573439
548,02-07-19,-0.041887065,0,4,1,2,0,1,1,0.103856284,0.029499337,-0.053573439,0.026071879
549,03-07-19,0.103856284,0,3,6,2,0,3,-4,0.029499337,-0.053573439,0.026071879,-0.005617345
550,04-07-19,0.029499337,0,0,0,0,0,0,0,-0.053573439,0.026071879,-0.005617345,0.049793937
551,05-07-19,-0.053573439,1,1,10,1,0,0,-9,0.026071879,-0.005617345,0.049793937,0.043950641
552,06-07-19,0.026071879,0,0,0,0,0,0,0,-0.005617345,0.049793937,0.043950641,0.002142804
553,07-07-19,-0.005617345,0,0,0,0,0,0,0,0.049793937,0.043950641,0.002142804,-0.087115123
554,08-07-19,0.049793937,2,2,2,0,0,0,-2,0.043950641,0.002142804,-0.087115123,0.002764351
555,09-07-19,0.043950641,0,0,0,1,0,0,1,0.002142804,-0.087115123,0.002764351,-0.023730786
556,10-07-19,0.002142804,0,0,0,0,0,1,0,-0.087115123,0.002764351,-0.023730786,-0.061105515
557,11-07-19,-0.087115123,0,0,0,0,0,0,0,0.002764351,-0.023730786,-0.061105515,-0.025025971
558,12-07-19,0.002764351,0,0,0,0,0,0,0,-0.023730786,-0.061105515,-0.025025971,-0.039386236
559,13-07-19,-0.023730786,0,1,5,0,0,0,-5,-0.061105515,-0.025025971,-0.039386236,-0.047531454
560,14-07-19,-0.061105515,0,0,0,0,0,0,0,-0.025025971,-0.039386236,-0.047531454,0.056595396
561,15-07-19,-0.025025971,0,2,2,4,0,0,2,-0.039386236,-0.047531454,0.056595396,0.032258359
562,16-07-19,-0.039386236,0,0,0,0,0,0,0,-0.047531454,0.056595396,0.032258359,0.026117521
563,17-07-19,-0.047531454,0,1,1,2,0,1,1,0.056595396,0.032258359,0.026117521,-0.013278137
564,18-07-19,0.056595396,0,0,0,0,0,0,0,0.032258359,0.026117521,-0.013278137,-0.019954037
565,19-07-19,0.032258359,0,0,1,1,0,0,0,0.026117521,-0.013278137,-0.019954037,-0.033734574
566,20-07-19,0.026117521,0,0,0,0,0,0,0,-0.013278137,-0.019954037,-0.033734574,-0.032683934
567,21-07-19,-0.013278137,0,5,3,0,0,0,-3,-0.019954037,-0.033734574,-0.032683934,0.029716561
568,22-07-19,-0.019954037,0,0,0,0,0,0,0,-0.033734574,-0.032683934,0.029716561,-0.023995576
569,23-07-19,-0.033734574,0,0,0,0,0,0,0,-0.032683934,0.029716561,-0.023995576,-0.017146295
570,24-07-19,-0.032683934,0,0,0,0,0,0,0,0.029716561,-0.023995576,-0.017146295,-0.01914978
571,25-07-19,0.029716561,0,0,0,0,0,0,0,-0.023995576,-0.017146295,-0.01914978,0.010734801
572,26-07-19,-0.023995576,0,0,5,0,0,3,-5,-0.017146295,-0.01914978,0.010734801,0.003675829
573,27-07-19,-0.017146295,0,1,0,1,0,0,1,-0.01914978,0.010734801,0.003675829,0.031443117
574,28-07-19,-0.01914978,0,0,0,0,0,0,0,0.010734801,0.003675829,0.031443117,0.023948685
575,29-07-19,0.010734801,0,0,0,0,0,0,0,0.003675829,0.031443117,0.023948685,0.034974538
576,30-07-19,0.003675829,0,0,0,0,0,0,0,0.031443117,0.023948685,0.034974538,0.027580599
577,31-07-19,0.031443117,0,2,1,0,0,1,-1,0.023948685,0.034974538,0.027580599,0.005455489
578,01-08-19,0.023948685,0,0,3,1,0,3,-2,0.034974538,0.027580599,0.005455489,0.070557495
579,02-08-19,0.034974538,0,0,0,1,0,0,1,0.027580599,0.005455489,0.070557495,0.010289517
580,03-08-19,0.027580599,0,0,0,0,0,0,0,0.005455489,0.070557495,0.010289517,-0.001640343
581,04-08-19,0.005455489,0,0,0,0,0,0,0,0.070557495,0.010289517,-0.001640343,0.002301995
582,05-08-19,0.070557495,0,0,1,1,0,1,0,0.010289517,-0.001640343,0.002301995,0.001728842
583,06-08-19,0.010289517,0,3,0,0,0,0,0,-0.001640343,0.002301995,0.001728842,-0.024458014
584,07-08-19,-0.001640343,0,0,0,2,0,0,2,0.002301995,0.001728842,-0.024458014,-0.01419338
585,08-08-19,0.002301995,0,0,0,0,0,0,0,0.001728842,-0.024458014,-0.01419338,-5.10E-05
586,09-08-19,0.001728842,0,0,0,2,0,0,2,-0.024458014,-0.01419338,-5.10E-05,-0.029674519
587,10-08-19,-0.024458014,0,0,0,0,0,0,0,-0.01419338,-5.10E-05,-0.029674519,-0.064305721
588,11-08-19,-0.01419338,0,1,1,1,0,0,0,-5.10E-05,-0.029674519,-0.064305721,-0.043681502
589,12-08-19,-5.10E-05,0,2,1,1,0,0,0,-0.029674519,-0.064305721,-0.043681502,0.020063919
590,13-08-19,-0.029674519,0,0,0,0,0,0,0,-0.064305721,-0.043681502,0.020063919,0.007939758
591,14-08-19,-0.064305721,0,0,0,0,0,0,0,-0.043681502,0.020063919,0.007939758,0.009018499
592,15-08-19,-0.043681502,0,1,3,1,0,2,-2,0.020063919,0.007939758,0.009018499,0.033860254
593,16-08-19,0.020063919,0,3,4,0,0,0,-4,0.007939758,0.009018499,0.033860254,0.006533269
594,17-08-19,0.007939758,0,0,0,0,0,0,0,0.009018499,0.033860254,0.006533269,-0.058028726
595,18-08-19,0.009018499,0,0,0,0,0,0,0,0.033860254,0.006533269,-0.058028726,-0.015607854
596,19-08-19,0.033860254,0,1,0,0,0,0,0,0.006533269,-0.058028726,-0.015607854,0.027974093
597,20-08-19,0.006533269,0,0,1,0,0,0,-1,-0.058028726,-0.015607854,0.027974093,-0.019494574
598,21-08-19,-0.058028726,0,3,0,1,0,1,1,-0.015607854,0.027974093,-0.019494574,0.000397629
599,22-08-19,-0.015607854,0,2,4,0,0,0,-4,0.027974093,-0.019494574,0.000397629,0.027380362
600,23-08-19,0.027974093,0,0,3,0,0,2,-3,-0.019494574,0.000397629,0.027380362,-0.022082347
601,24-08-19,-0.019494574,0,0,0,0,0,0,0,0.000397629,0.027380362,-0.022082347,-0.025925837
602,25-08-19,0.000397629,0,0,0,0,0,0,0,0.027380362,-0.022082347,-0.025925837,-0.044273147
603,26-08-19,0.027380362,0,0,0,1,0,2,1,-0.022082347,-0.025925837,-0.044273147,0.00621597
604,27-08-19,-0.022082347,0,1,2,0,0,0,-2,-0.025925837,-0.044273147,0.00621597,0.004290246
605,28-08-19,-0.025925837,0,2,3,0,0,0,-3,-0.044273147,0.00621597,0.004290246,0.007986304
606,29-08-19,-0.044273147,0,0,2,0,0,0,-2,0.00621597,0.004290246,0.007986304,0.045990152
607,30-08-19,0.00621597,0,0,0,0,0,0,0,0.004290246,0.007986304,0.045990152,0.041614435
608,31-08-19,0.004290246,0,2,1,0,0,0,-1,0.007986304,0.045990152,0.041614435,-0.000125008
609,01-09-19,0.007986304,0,0,0,0,0,0,0,0.045990152,0.041614435,-0.000125008,-0.000651981
610,02-09-19,0.045990152,3,0,6,2,0,0,-4,0.041614435,-0.000125008,-0.000651981,0.007002035
611,03-09-19,0.041614435,0,0,0,1,0,0,1,-0.000125008,-0.000651981,0.007002035,-0.016048725
612,04-09-19,-0.000125008,0,0,0,0,0,1,0,-0.000651981,0.007002035,-0.016048725,-0.005042738
613,05-09-19,-0.000651981,0,2,1,0,0,0,-1,0.007002035,-0.016048725,-0.005042738,-0.010891879
614,06-09-19,0.007002035,0,0,2,2,0,3,0,-0.016048725,-0.005042738,-0.010891879,-0.017757812
615,07-09-19,-0.016048725,0,0,1,0,0,0,-1,-0.005042738,-0.010891879,-0.017757812,-0.006186065
616,08-09-19,-0.005042738,0,0,0,0,0,0,0,-0.010891879,-0.017757812,-0.006186065,0.018965459
617,09-09-19,-0.010891879,0,0,0,1,0,0,1,-0.017757812,-0.006186065,0.018965459,0.004549881
618,10-09-19,-0.017757812,2,1,2,0,0,2,-2,-0.006186065,0.018965459,0.004549881,0.005441621
619,11-09-19,-0.006186065,0,0,0,5,0,0,5,0.018965459,0.004549881,0.005441621,-0.004990268
620,12-09-19,0.018965459,0,0,0,0,0,0,0,0.004549881,0.005441621,-0.004990268,-0.007739532
621,13-09-19,0.004549881,0,0,2,0,0,0,-2,0.005441621,-0.004990268,-0.007739532,-0.001892396
622,14-09-19,0.005441621,0,0,0,0,0,0,0,-0.004990268,-0.007739532,-0.001892396,-0.002023531
623,15-09-19,-0.004990268,0,0,1,0,0,0,-1,-0.007739532,-0.001892396,-0.002023531,-0.021752147
624,16-09-19,-0.007739532,0,0,0,0,0,0,0,-0.001892396,-0.002023531,-0.021752147,0.018608296
625,17-09-19,-0.001892396,0,0,0,0,0,0,0,-0.002023531,-0.021752147,0.018608296,-0.014429575
626,18-09-19,-0.002023531,0,0,3,0,0,0,-3,-0.021752147,0.018608296,-0.014429575,-0.003872563
627,19-09-19,-0.021752147,0,0,1,1,0,0,0,0.018608296,-0.014429575,-0.003872563,-0.015484558
628,20-09-19,0.018608296,0,3,0,2,0,1,2,-0.014429575,-0.003872563,-0.015484558,-0.112178706
629,21-09-19,-0.014429575,0,0,0,0,0,0,0,-0.003872563,-0.015484558,-0.112178706,-0.046826738
630,22-09-19,-0.003872563,0,0,0,0,0,0,0,-0.015484558,-0.112178706,-0.046826738,-0.038125922
631,23-09-19,-0.015484558,0,4,3,1,0,1,-2,-0.112178706,-0.046826738,-0.038125922,-0.01164067
632,24-09-19,-0.112178706,0,2,4,0,0,3,-4,-0.046826738,-0.038125922,-0.01164067,0.016084613
633,25-09-19,-0.046826738,0,0,3,2,0,1,-1,-0.038125922,-0.01164067,0.016084613,-0.01389947
634,26-09-19,-0.038125922,0,3,1,0,0,0,-1,-0.01164067,0.016084613,-0.01389947,0.001771086
635,27-09-19,-0.01164067,0,4,2,1,0,3,-1,0.016084613,-0.01389947,0.001771086,0.037692694
636,28-09-19,0.016084613,0,2,3,0,0,0,-3,-0.01389947,0.001771086,0.037692694,-0.015784565
637,29-09-19,-0.01389947,0,0,0,1,0,0,1,0.001771086,0.037692694,-0.015784565,-0.005815019
638,30-09-19,0.001771086,0,2,2,0,0,0,-2,0.037692694,-0.015784565,-0.005815019,-0.007023478
639,01-10-19,0.037692694,0,2,1,0,0,0,-1,-0.015784565,-0.005815019,-0.007023478,-0.005622032
640,02-10-19,-0.015784565,0,2,0,0,0,0,0,-0.005815019,-0.007023478,-0.005622032,-0.019170274
641,03-10-19,-0.005815019,0,0,0,0,0,0,0,-0.007023478,-0.005622032,-0.019170274,0.015134265
642,04-10-19,-0.007023478,0,1,0,0,0,0,0,-0.005622032,-0.019170274,0.015134265,0.016464703
643,05-10-19,-0.005622032,0,0,1,1,0,0,0,-0.019170274,0.015134265,0.016464703,0.028875297
644,06-10-19,-0.019170274,0,0,2,0,0,0,-2,0.015134265,0.016464703,0.028875297,0.012052304
645,07-10-19,0.015134265,0,1,0,1,0,1,1,0.016464703,0.028875297,0.012052304,-0.013782943
646,08-10-19,0.016464703,0,0,2,2,0,0,0,0.028875297,0.012052304,-0.013782943,-0.0122124
647,09-10-19,0.028875297,0,0,0,1,0,0,1,0.012052304,-0.013782943,-0.0122124,0.000642839
648,10-10-19,0.012052304,0,1,1,2,0,0,1,-0.013782943,-0.0122124,0.000642839,-0.003370657
649,11-10-19,-0.013782943,0,0,1,3,0,0,2,-0.0122124,0.000642839,-0.003370657,-0.007059713
650,12-10-19,-0.0122124,0,0,1,1,0,0,0,0.000642839,-0.003370657,-0.007059713,-0.029560908
651,13-10-19,0.000642839,0,0,0,0,0,0,0,-0.003370657,-0.007059713,-0.029560908,0.004557781
652,14-10-19,-0.003370657,0,0,0,2,0,0,2,-0.007059713,-0.029560908,0.004557781,-0.015699036
653,15-10-19,-0.007059713,0,0,0,0,0,0,0,-0.029560908,0.004557781,-0.015699036,0.003904436
654,16-10-19,-0.029560908,0,0,1,1,0,0,0,0.004557781,-0.015699036,0.003904436,0.015412198
655,17-10-19,0.004557781,0,0,2,0,0,0,-2,-0.015699036,0.003904436,0.015412198,0.016732379
656,18-10-19,-0.015699036,0,0,0,0,0,0,0,0.003904436,0.015412198,0.016732379,-0.00496197
657,19-10-19,0.003904436,0,0,0,2,0,2,2,0.015412198,0.016732379,-0.00496197,-0.080268222
658,20-10-19,0.015412198,0,0,0,0,0,0,0,0.016732379,-0.00496197,-0.080268222,-0.01741168
659,21-10-19,0.016732379,0,0,2,4,0,0,2,-0.00496197,-0.080268222,-0.01741168,0.093963727
660,22-10-19,-0.00496197,0,3,2,2,0,0,0,-0.080268222,-0.01741168,0.093963727,0.12612774
661,23-10-19,-0.080268222,0,2,2,3,0,0,1,-0.01741168,0.093963727,0.12612774,0.010493768
662,24-10-19,-0.01741168,0,12,2,0,0,0,-2,0.093963727,0.12612774,0.010493768,4.54E-05
663,25-10-19,0.093963727,0,0,1,3,0,0,2,0.12612774,0.010493768,4.54E-05,-0.012929795
664,26-10-19,0.12612774,0,0,0,0,0,0,0,0.010493768,4.54E-05,-0.012929795,-0.024195827
665,27-10-19,0.010493768,0,0,0,0,0,0,0,4.54E-05,-0.012929795,-0.024195827,0.001530625
666,28-10-19,4.54E-05,0,5,8,1,0,0,-7,-0.012929795,-0.024195827,0.001530625,-0.00161112
667,29-10-19,-0.012929795,0,0,0,0,0,0,0,-0.024195827,0.001530625,-0.00161112,0.013193151
668,30-10-19,-0.024195827,0,0,0,0,0,0,0,0.001530625,-0.00161112,0.013193151,-0.011172816
669,31-10-19,0.001530625,1,3,3,1,0,4,-2,-0.00161112,0.013193151,-0.011172816,0.017048067
670,01-11-19,-0.00161112,0,0,6,0,0,0,-6,0.013193151,-0.011172816,0.017048067,-0.001273728
671,02-11-19,0.013193151,0,2,2,0,0,0,-2,-0.011172816,0.017048067,-0.001273728,0.001226715
672,03-11-19,-0.011172816,0,1,2,2,0,0,0,0.017048067,-0.001273728,0.001226715,-0.013096274
673,04-11-19,0.017048067,1,0,1,0,0,0,-1,-0.001273728,0.001226715,-0.013096274,-0.035314069
674,05-11-19,-0.001273728,0,3,0,0,0,0,0,0.001226715,-0.013096274,-0.035314069,-0.010713634
675,06-11-19,0.001226715,0,1,0,0,0,0,0,-0.013096274,-0.035314069,-0.010713634,0.018317343
676,07-11-19,-0.013096274,2,2,2,1,0,1,-1,-0.035314069,-0.010713634,0.018317343,-0.02608211
677,08-11-19,-0.035314069,0,0,0,0,0,0,0,-0.010713634,0.018317343,-0.02608211,-0.003035378
678,09-11-19,-0.010713634,0,0,0,0,0,0,0,0.018317343,-0.02608211,-0.003035378,0.003525393
679,10-11-19,0.018317343,0,1,0,0,0,0,0,-0.02608211,-0.003035378,0.003525393,-0.013015139
680,11-11-19,-0.02608211,0,1,3,0,0,0,-3,-0.003035378,0.003525393,-0.013015139,-0.009854146
681,12-11-19,-0.003035378,0,2,0,2,0,0,2,0.003525393,-0.013015139,-0.009854146,-0.009366076
682,13-11-19,0.003525393,0,0,0,2,0,0,2,-0.013015139,-0.009854146,-0.009366076,0.005221466
683,14-11-19,-0.013015139,0,1,2,1,0,0,-1,-0.009854146,-0.009366076,0.005221466,-0.025466515
684,15-11-19,-0.009854146,0,0,0,0,0,0,0,-0.009366076,0.005221466,-0.025466515,-0.025855605
685,16-11-19,-0.009366076,0,1,1,0,0,0,-1,0.005221466,-0.025466515,-0.025855605,0.000177158
686,17-11-19,0.005221466,0,0,0,0,0,0,0,-0.025466515,-0.025855605,0.000177158,-0.048319068
687,18-11-19,-0.025466515,0,2,0,0,0,0,0,-0.025855605,0.000177158,-0.048319068,-0.072913501
688,19-11-19,-0.025855605,0,0,0,0,0,0,0,0.000177158,-0.048319068,-0.072913501,0.003426012
689,20-11-19,0.000177158,0,0,0,3,0,2,3,-0.048319068,-0.072913501,0.003426012,-0.01817171
690,21-11-19,-0.048319068,0,1,3,1,0,0,-2,-0.072913501,0.003426012,-0.01817171,-0.026757575
691,22-11-19,-0.072913501,0,1,1,2,0,0,1,0.003426012,-0.01817171,-0.026757575,0.031759531
692,23-11-19,0.003426012,0,0,0,0,0,0,0,-0.01817171,-0.026757575,0.031759531,0.019480917
693,24-11-19,-0.01817171,0,1,1,0,0,1,-1,-0.026757575,0.031759531,0.019480917,0.032048673
694,25-11-19,-0.026757575,0,0,2,2,0,1,0,0.031759531,0.019480917,0.032048673,0.01700472
695,26-11-19,0.031759531,0,0,0,0,0,0,0,0.019480917,0.032048673,0.01700472,-0.002434652
696,27-11-19,0.019480917,0,0,0,0,1,0,0,0.032048673,0.01700472,-0.002434652,-0.037080523
697,28-11-19,0.032048673,0,0,2,2,0,0,0,0.01700472,-0.002434652,-0.037080523,-0.009714311
698,29-11-19,0.01700472,0,0,0,0,0,0,0,-0.002434652,-0.037080523,-0.009714311,0.004288455
699,30-11-19,-0.002434652,0,0,0,0,0,0,0,-0.037080523,-0.009714311,0.004288455,0.004198684
700,01-12-19,-0.037080523,0,0,0,0,0,0,0,-0.009714311,0.004288455,0.004198684,-0.000579424
701,02-12-19,-0.009714311,0,0,0,0,0,0,0,0.004288455,0.004198684,-0.000579424,0.012644298
702,03-12-19,0.004288455,0,0,1,1,0,0,0,0.004198684,-0.000579424,0.012644298,0.013959514
703,04-12-19,0.004198684,0,0,0,0,0,0,0,-0.000579424,0.012644298,0.013959514,-0.006617695
704,05-12-19,-0.000579424,0,0,0,0,0,0,0,0.012644298,0.013959514,-0.006617695,-0.007441335
705,06-12-19,0.012644298,0,0,0,0,0,1,0,0.013959514,-0.006617695,-0.007441335,-0.021702045
706,07-12-19,0.013959514,0,0,0,0,0,0,0,-0.006617695,-0.007441335,-0.021702045,-0.010816787
707,08-12-19,-0.006617695,0,0,0,0,0,0,0,-0.007441335,-0.021702045,-0.010816787,-0.00328902
708,09-12-19,-0.007441335,0,0,3,3,0,2,0,-0.021702045,-0.010816787,-0.00328902,0.006344064
709,10-12-19,-0.021702045,0,2,0,0,0,0,0,-0.010816787,-0.00328902,0.006344064,-0.014711073
710,11-12-19,-0.010816787,0,2,0,1,0,0,1,-0.00328902,0.006344064,-0.014711073,-0.002793792
711,12-12-19,-0.00328902,0,0,3,1,0,0,-2,0.006344064,-0.014711073,-0.002793792,-0.01739995
712,13-12-19,0.006344064,0,1,0,1,0,0,1,-0.014711073,-0.002793792,-0.01739995,-0.036042628
713,14-12-19,-0.014711073,1,2,5,0,0,3,-5,-0.002793792,-0.01739995,-0.036042628,0.01311863
714,15-12-19,-0.002793792,0,0,1,0,0,0,-1,-0.01739995,-0.036042628,0.01311863,0.042930002
715,16-12-19,-0.01739995,0,0,1,0,0,0,-1,-0.036042628,0.01311863,0.042930002,0.002626646
716,17-12-19,-0.036042628,0,1,2,0,0,0,-2,0.01311863,0.042930002,0.002626646,-0.001652644
717,18-12-19,0.01311863,0,5,7,0,0,0,-7,0.042930002,0.002626646,-0.001652644,0.029078091
718,19-12-19,0.042930002,0,2,1,0,0,0,-1,0.002626646,-0.001652644,0.029078091,0.01797825
719,20-12-19,0.002626646,0,0,0,0,0,0,0,-0.001652644,0.029078091,0.01797825,-0.025510399
720,21-12-19,-0.001652644,0,0,0,0,0,0,0,0.029078091,0.01797825,-0.025510399,-0.015199436
721,22-12-19,0.029078091,0,0,0,0,0,0,0,0.01797825,-0.025510399,-0.015199436,0.008998536
722,23-12-19,0.01797825,0,0,0,4,0,0,4,-0.025510399,-0.015199436,0.008998536,-0.011546802
723,24-12-19,-0.025510399,0,0,1,1,0,1,0,-0.015199436,0.008998536,-0.011546802,0.016552666
724,25-12-19,-0.015199436,0,0,0,0,0,0,0,0.008998536,-0.011546802,0.016552666,0.013777396
725,26-12-19,0.008998536,0,0,0,0,0,0,0,-0.011546802,0.016552666,0.013777396,-0.016310409
726,27-12-19,-0.011546802,0,0,0,0,0,0,0,0.016552666,0.013777396,-0.016310409,-0.012013699
727,28-12-19,0.016552666,0,0,0,0,0,0,0,0.013777396,-0.016310409,-0.012013699,7.84E-05
728,29-12-19,0.013777396,0,1,0,0,0,1,0,-0.016310409,-0.012013699,7.84E-05,-0.023475175
729,30-12-19,-0.016310409,0,2,0,0,0,0,0,-0.012013699,7.84E-05,-0.023475175,0.027658239
730,31-12-19,-0.012013699,0,0,0,0,0,0,0,7.84E-05,-0.023475175,0.027658239,0.011694258
731,01-01-20,7.84E-05,0,0,0,1,0,0,1,-0.023475175,0.027658239,0.011694258,0.015056193
732,02-01-20,-0.023475175,0,0,1,0,0,0,-1,0.027658239,0.011694258,0.015056193,0.022944659
733,03-01-20,0.027658239,0,0,0,0,0,0,0,0.011694258,0.015056193,0.022944659,0.040818822
734,04-01-20,0.011694258,0,0,1,1,0,0,0,0.015056193,0.022944659,0.040818822,0.035853921
735,05-01-20,0.015056193,0,0,0,1,0,0,1,0.022944659,0.040818822,0.035853921,-0.041508522
736,06-01-20,0.022944659,0,0,0,5,0,1,5,0.040818822,0.035853921,-0.041508522,0.006357667
737,07-01-20,0.040818822,0,0,0,0,0,0,0,0.035853921,-0.041508522,0.006357667,0.022058008
738,08-01-20,0.035853921,0,0,2,1,0,0,-1,-0.041508522,0.006357667,0.022058008,-0.00169851
739,09-01-20,-0.041508522,0,0,2,1,0,0,-1,0.006357667,0.022058008,-0.00169851,-0.001004115
740,10-01-20,0.006357667,0,0,0,0,0,0,0,0.022058008,-0.00169851,-0.001004115,0.057735756
741,11-01-20,0.022058008,0,1,0,1,0,5,1,-0.00169851,-0.001004115,0.057735756,0.018704748
742,12-01-20,-0.00169851,0,3,0,1,0,0,1,-0.001004115,0.057735756,0.018704748,-0.011759143
743,13-01-20,-0.001004115,0,0,3,0,0,1,-3,0.057735756,0.018704748,-0.011759143,0.025585663
744,14-01-20,0.057735756,0,0,0,0,0,0,0,0.018704748,-0.011759143,0.025585663,0.001193837
745,15-01-20,0.018704748,0,0,0,1,0,0,1,-0.011759143,0.025585663,0.001193837,-0.013035691
746,16-01-20,-0.011759143,0,1,1,2,0,1,1,0.025585663,0.001193837,-0.013035691,-0.016839943
747,17-01-20,0.025585663,0,5,3,0,0,0,-3,0.001193837,-0.013035691,-0.016839943,-0.00011646
748,18-01-20,0.001193837,0,0,0,0,0,0,0,-0.013035691,-0.016839943,-0.00011646,0.002847732
749,19-01-20,-0.013035691,0,0,0,1,0,0,1,-0.016839943,-0.00011646,0.002847732,-0.029921756
750,20-01-20,-0.016839943,0,1,3,1,0,0,-2,-0.00011646,0.002847732,-0.029921756,-0.004167852
751,21-01-20,-0.00011646,0,1,2,1,0,1,-1,0.002847732,-0.029921756,-0.004167852,-0.005461206
752,22-01-20,0.002847732,0,0,0,0,0,0,0,-0.029921756,-0.004167852,-0.005461206,0.012087675
753,23-01-20,-0.029921756,0,0,0,0,0,0,0,-0.004167852,-0.005461206,0.012087675,0.039467867
754,24-01-20,-0.004167852,0,0,0,0,0,0,0,-0.005461206,0.012087675,0.039467867,0.034711093
755,25-01-20,-0.005461206,0,0,0,0,0,0,0,0.012087675,0.039467867,0.034711093,0.026038468
756,26-01-20,0.012087675,0,0,0,0,0,0,0,0.039467867,0.034711093,0.026038468,0.00648799
757,27-01-20,0.039467867,1,2,1,1,0,0,0,0.034711093,0.026038468,0.00648799,-0.006213948
758,28-01-20,0.034711093,0,0,0,0,0,0,0,0.026038468,0.00648799,-0.006213948,0.003930204
759,29-01-20,0.026038468,0,1,4,1,0,0,-3,0.00648799,-0.006213948,0.003930204,-0.003461654
760,30-01-20,0.00648799,0,0,0,0,0,0,0,-0.006213948,0.003930204,-0.003461654,0.001949437
761,31-01-20,-0.006213948,0,0,4,0,0,0,-4,0.003930204,-0.003461654,0.001949437,-0.017632301
762,01-02-20,0.003930204,0,0,1,0,0,1,-1,-0.003461654,0.001949437,-0.017632301,0.03048607
763,02-02-20,-0.003461654,0,0,0,0,0,0,0,0.001949437,-0.017632301,0.03048607,0.023374364
764,03-02-20,0.001949437,0,3,0,0,0,0,0,-0.017632301,0.03048607,0.023374364,0.007189105
765,04-02-20,-0.017632301,1,6,2,1,0,0,-1,0.03048607,0.023374364,0.007189105,0.002409081
766,05-02-20,0.03048607,0,0,2,0,0,0,-2,0.023374364,0.007189105,0.002409081,0.025449339
767,06-02-20,0.023374364,1,4,0,1,0,0,1,0.007189105,0.002409081,0.025449339,-0.015183256
768,07-02-20,0.007189105,0,1,0,0,0,0,0,0.002409081,0.025449339,-0.015183256,0.015118381
769,08-02-20,0.002409081,0,0,1,0,0,1,-1,0.025449339,-0.015183256,0.015118381,0.026871987
770,09-02-20,0.025449339,0,0,1,3,0,1,2,-0.015183256,0.015118381,0.026871987,-0.007592687
771,10-02-20,-0.015183256,0,3,3,7,0,1,4,0.015118381,0.026871987,-0.007592687,-0.001444748
772,11-02-20,0.015118381,0,0,0,0,0,0,0,0.026871987,-0.007592687,-0.001444748,-0.01981836
773,12-02-20,0.026871987,0,4,0,1,0,0,1,-0.007592687,-0.001444748,-0.01981836,-0.01902049
774,13-02-20,-0.007592687,0,0,0,1,0,0,1,-0.001444748,-0.01981836,-0.01902049,-0.018924798
775,14-02-20,-0.001444748,0,0,0,0,0,0,0,-0.01981836,-0.01902049,-0.018924798,0.026158185
776,15-02-20,-0.01981836,0,0,0,0,0,0,0,-0.01902049,-0.018924798,0.026158185,-9.80E-05
777,16-02-20,-0.01902049,0,1,2,0,0,0,-2,-0.018924798,0.026158185,-9.80E-05,-0.038549632
778,17-02-20,-0.018924798,0,0,0,0,0,0,0,0.026158185,-9.80E-05,-0.038549632,0.012470372
779,18-02-20,0.026158185,0,0,0,0,0,0,0,-9.80E-05,-0.038549632,0.012470372,-0.003424615
780,19-02-20,-9.80E-05,0,0,1,2,0,0,1,-0.038549632,0.012470372,-0.003424615,0.023287495
781,20-02-20,-0.038549632,0,4,2,0,0,0,-2,0.012470372,-0.003424615,0.023287495,-0.017552484
782,21-02-20,0.012470372,0,0,0,0,0,0,0,-0.003424615,0.023287495,-0.017552484,-0.027883794
783,22-02-20,-0.003424615,0,0,0,0,0,0,0,0.023287495,-0.017552484,-0.027883794,-0.053273378
784,23-02-20,0.023287495,0,0,1,0,0,1,-1,-0.017552484,-0.027883794,-0.053273378,-0.02140408
785,24-02-20,-0.017552484,0,0,1,0,0,0,-1,-0.027883794,-0.053273378,-0.02140408,-0.016857105
786,25-02-20,-0.027883794,0,0,0,0,0,0,0,-0.053273378,-0.02140408,-0.016857105,0.0037637
787,26-02-20,-0.053273378,0,0,0,1,0,0,1,-0.02140408,-0.016857105,0.0037637,-0.015598746
788,27-02-20,-0.02140408,0,3,0,0,0,0,0,-0.016857105,0.0037637,-0.015598746,0.027533106
789,28-02-20,-0.016857105,0,2,2,0,0,0,-2,0.0037637,-0.015598746,0.027533106,-0.000288072
790,29-02-20,0.0037637,0,0,0,0,0,0,0,-0.015598746,0.027533106,-0.000288072,-0.003717309
791,01-03-20,-0.015598746,0,0,0,0,0,0,0,0.027533106,-0.000288072,-0.003717309,0.031547233
792,02-03-20,0.027533106,0,0,1,1,0,1,0,-0.000288072,-0.003717309,0.031547233,0.007144878
793,03-03-20,-0.000288072,0,0,2,0,0,0,-2,-0.003717309,0.031547233,0.007144878,-0.006183319
794,04-03-20,-0.003717309,0,2,0,0,0,0,0,0.031547233,0.007144878,-0.006183319,-0.077320019
795,05-03-20,0.031547233,0,0,0,0,0,0,0,0.007144878,-0.006183319,-0.077320019,-0.066397991
796,06-03-20,0.007144878,0,1,3,1,0,1,-2,-0.006183319,-0.077320019,-0.066397991,0.009155866
797,07-03-20,-0.006183319,0,1,2,0,0,0,-2,-0.077320019,-0.066397991,0.009155866,-0.018537444
798,08-03-20,-0.077320019,0,0,3,0,0,0,-3,-0.066397991,0.009155866,-0.018537444,-0.267157113
799,09-03-20,-0.066397991,0,0,0,0,0,0,0,0.009155866,-0.018537444,-0.267157113,-0.17850153
800,10-03-20,0.009155866,0,0,1,1,0,1,0,-0.018537444,-0.267157113,-0.17850153,0.031163665
801,11-03-20,-0.018537444,0,2,2,0,0,1,-2,-0.267157113,-0.17850153,0.031163665,0.003440689
802,12-03-20,-0.267157113,0,1,0,2,0,0,2,-0.17850153,0.031163665,0.003440689,-0.109436805
803,13-03-20,-0.17850153,0,0,0,0,0,0,0,0.031163665,0.003440689,-0.109436805,0.082758771
804,14-03-20,0.031163665,0,1,2,0,0,0,-2,0.003440689,-0.109436805,0.082758771,-0.011694626
805,15-03-20,0.003440689,0,1,7,1,0,0,-6,-0.109436805,0.082758771,-0.011694626,0.109482759
806,16-03-20,-0.109436805,0,0,6,2,0,0,-4,0.082758771,-0.011694626,0.109482759,0.082284343
807,17-03-20,0.082758771,0,4,3,1,0,0,-2,-0.011694626,0.109482759,0.082284343,-0.045087622
808,18-03-20,-0.011694626,0,1,1,0,0,0,-1,0.109482759,0.082284343,-0.045087622,-0.01961137
809,19-03-20,0.109482759,0,0,2,2,0,2,0,0.082284343,-0.045087622,-0.01961137,0.028755909
810,20-03-20,0.082284343,1,0,1,1,0,0,0,-0.045087622,-0.01961137,0.028755909,0.067423541
811,21-03-20,-0.045087622,0,0,0,0,0,0,0,-0.01961137,0.028755909,0.067423541,0.002833419
812,22-03-20,-0.01961137,0,0,0,0,0,0,0,0.028755909,0.067423541,0.002833419,-0.002139813
813,23-03-20,0.028755909,0,1,3,6,0,0,3,0.067423541,0.002833419,-0.002139813,-0.002937555
814,24-03-20,0.067423541,0,0,2,1,0,0,-1,0.002833419,-0.002139813,-0.002937555,-0.070047676
815,25-03-20,0.002833419,0,0,0,0,0,0,0,-0.002139813,-0.002937555,-0.070047676,-0.027305981
816,26-03-20,-0.002139813,0,2,3,0,0,0,-3,-0.002937555,-0.070047676,-0.027305981,0.042662696
817,27-03-20,-0.002937555,0,0,0,0,0,0,0,-0.070047676,-0.027305981,0.042662696,0.020219473
818,28-03-20,-0.070047676,0,0,0,0,0,0,0,-0.027305981,0.042662696,0.020219473,-0.014113006
819,29-03-20,-0.027305981,0,0,0,0,0,0,0,0.042662696,0.020219473,-0.014113006,0.067886955
820,30-03-20,0.042662696,0,0,0,0,0,0,0,0.020219473,-0.014113006,0.067886955,0.003680127
821,31-03-20,0.020219473,0,0,1,0,0,0,-1,-0.014113006,0.067886955,0.003680127,-0.005804368
822,01-04-20,-0.014113006,0,0,1,2,0,0,1,0.067886955,0.003680127,-0.005804368,-0.002584711
823,02-04-20,0.067886955,0,0,2,2,0,2,0,0.003680127,-0.005804368,-0.002584711,0.046541746
824,03-04-20,0.003680127,0,0,0,1,0,0,1,-0.005804368,-0.002584711,0.046541746,0.02480497
825,04-04-20,-0.005804368,0,0,2,2,0,0,0,-0.002584711,0.046541746,0.02480497,0.000710927
826,05-04-20,-0.002584711,0,3,2,3,0,0,1,0.046541746,0.02480497,0.000710927,-0.001454779
827,06-04-20,0.046541746,0,0,2,3,0,0,1,0.02480497,0.000710927,-0.001454779,-0.051660153
828,07-04-20,0.02480497,0,6,3,1,0,0,-2,0.000710927,-0.001454779,-0.051660153,-0.010573856
829,08-04-20,0.000710927,0,1,0,2,0,0,2,-0.001454779,-0.051660153,-0.010573856,0.023412714
830,09-04-20,-0.001454779,0,0,0,0,0,0,0,-0.051660153,-0.010573856,0.023412714,-0.04254232
831,10-04-20,-0.051660153,0,4,1,0,0,0,-1,-0.010573856,0.023412714,-0.04254232,0.020058185
832,11-04-20,-0.010573856,0,4,1,0,0,0,-1,0.023412714,-0.04254232,0.020058185,-0.016010272
833,12-04-20,0.023412714,0,0,0,0,0,0,0,-0.04254232,0.020058185,-0.016010272,0.027416392
834,13-04-20,-0.04254232,0,0,2,1,0,0,-1,0.020058185,-0.016010272,0.027416392,0.015343683
835,14-04-20,0.020058185,1,2,1,0,0,1,-1,-0.016010272,0.027416392,0.015343683,0.014242332
836,15-04-20,-0.016010272,0,0,0,0,0,0,0,0.027416392,0.015343683,0.014242332,-0.001686349
837,16-04-20,0.027416392,0,0,0,0,0,0,0,0.015343683,0.014242332,-0.001686349,-0.025283438
838,17-04-20,0.015343683,0,0,0,0,0,0,0,0.014242332,-0.001686349,-0.025283438,-0.018259789
839,18-04-20,0.014242332,0,0,0,0,0,0,0,-0.001686349,-0.025283438,-0.018259789,0.027495128
840,19-04-20,-0.001686349,0,0,0,0,0,0,0,-0.025283438,-0.018259789,0.027495128,0.046869481
841,20-04-20,-0.025283438,0,0,0,0,0,0,0,-0.018259789,0.027495128,0.046869481,0.016828089
842,21-04-20,-0.018259789,0,0,0,0,0,0,0,0.027495128,0.046869481,0.016828089,0.00460815
843,22-04-20,0.027495128,0,0,0,0,0,0,0,0.046869481,0.016828089,0.00460815,0.006709189
844,23-04-20,0.046869481,0,0,0,0,0,0,0,0.016828089,0.00460815,0.006709189,0.013299379
845,24-04-20,0.016828089,0,0,0,0,0,0,0,0.00460815,0.006709189,0.013299379,0.000495462
846,25-04-20,0.00460815,0,0,0,0,0,0,0,0.006709189,0.013299379,0.000495462,0.07322901
847,26-04-20,0.006709189,0,0,0,0,0,0,0,0.013299379,0.000495462,0.07322901,0.066859683
848,27-04-20,0.013299379,0,0,0,0,0,0,0,0.000495462,0.07322901,0.066859683,-0.01326921
849,28-04-20,0.000495462,0,0,0,0,0,0,0,0.07322901,0.066859683,-0.01326921,0.010395201
850,29-04-20,0.07322901,0,0,0,0,0,0,0,0.066859683,-0.01326921,0.010395201,0.010426036
851,30-04-20,0.066859683,0,0,0,0,0,0,0,-0.01326921,0.010395201,0.010426036,-0.025690978
852,01-05-20,-0.01326921,0,0,0,0,0,0,0,0.010395201,0.010426036,-0.025690978,0.01809726
853,02-05-20,0.010395201,0,0,0,0,0,0,0,0.010426036,-0.025690978,0.01809726,0.03002262
854,03-05-20,0.010426036,0,0,0,0,0,0,0,-0.025690978,0.01809726,0.03002262,0.04552365
855,04-05-20,-0.025690978,0,0,0,0,0,0,0,0.01809726,0.03002262,0.04552365,0.027120395
856,05-05-20,0.01809726,0,0,0,0,0,0,0,0.03002262,0.04552365,0.027120395,-0.021353219
857,06-05-20,0.03002262,0,0,0,0,0,0,0,0.04552365,0.027120395,-0.021353219,-0.118418241
858,07-05-20,0.04552365,0,0,0,0,0,0,0,0.027120395,-0.021353219,-0.118418241,3.14E-05
859,08-05-20,0.027120395,0,0,0,0,0,0,0,-0.021353219,-0.118418241,3.14E-05,0.012095614
860,09-05-20,-0.021353219,0,0,0,0,0,0,0,-0.118418241,3.14E-05,0.012095614,0.033722528
861,10-05-20,-0.118418241,0,0,0,0,0,0,0,3.14E-05,0.012095614,0.033722528,0.05860173
862,11-05-20,3.14E-05,0,0,0,0,0,0,0,0.012095614,0.033722528,0.05860173,-0.017696549
863,12-05-20,0.012095614,0,0,0,0,0,0,0,0.033722528,0.05860173,-0.017696549,-0.008506076
864,13-05-20,0.033722528,0,0,0,0,0,0,0,0.05860173,-0.017696549,-0.008506076,0.02994329
865,14-05-20,0.05860173,1,2,5,3,0,0,-2,-0.017696549,-0.008506076,0.02994329,0.003101326
866,15-05-20,-0.017696549,1,0,3,1,0,2,-2,-0.008506076,0.02994329,0.003101326,-0.00554773
867,16-05-20,-0.008506076,1,2,4,1,0,1,-3,0.02994329,0.003101326,-0.00554773,-0.010592269
868,17-05-20,0.02994329,0,2,3,1,0,0,-2,0.003101326,-0.00554773,-0.010592269,-0.044954097
869,18-05-20,0.003101326,0,0,3,2,0,1,-1,-0.00554773,-0.010592269,-0.044954097,-0.004023469
870,19-05-20,-0.00554773,0,0,0,4,0,1,4,-0.010592269,-0.044954097,-0.004023469,0.006905318
871,20-05-20,-0.010592269,0,0,1,0,0,0,-1,-0.044954097,-0.004023469,0.006905318,-0.020273186
872,21-05-20,-0.044954097,0,0,0,0,0,0,0,-0.004023469,0.006905318,-0.020273186,-0.023853159
873,22-05-20,-0.004023469,0,0,0,0,0,0,0,0.006905318,-0.020273186,-0.023853159,0.005286121
874,23-05-20,0.006905318,0,0,0,2,0,1,2,-0.020273186,-0.023853159,0.005286121,0.026997764
875,24-05-20,-0.020273186,0,2,0,6,0,2,6,-0.023853159,0.005286121,0.026997764,0.031570317
876,25-05-20,-0.023853159,0,3,1,6,0,1,5,0.005286121,0.026997764,0.031570317,0.006886442
877,26-05-20,0.005286121,0,1,2,6,0,0,4,0.026997764,0.031570317,0.006886442,0.009135362
878,27-05-20,0.026997764,0,1,1,6,0,0,5,0.031570317,0.006886442,0.009135362,-0.000754287
879,28-05-20,0.031570317,0,0,0,5,0,0,5,0.006886442,0.009135362,-0.000754287,0.033763605
880,29-05-20,0.006886442,0,0,0,6,0,0,6,0.009135362,-0.000754287,0.033763605,-0.006499708
881,30-05-20,0.009135362,0,0,0,6,0,1,6,-0.000754287,0.033763605,-0.006499708,-0.026564929
882,31-05-20,-0.000754287,0,1,1,6,0,1,5,0.033763605,-0.006499708,-0.026564929,0.016638118
883,01-06-20,0.033763605,0,1,2,7,0,1,5,-0.006499708,-0.026564929,0.016638118,0.001318706
884,02-06-20,-0.006499708,0,1,0,1,0,0,1,-0.026564929,0.016638118,0.001318706,-0.010570195
885,03-06-20,-0.026564929,0,3,5,0,0,3,-5,0.016638118,0.001318706,-0.010570195,-0.00319472
886,04-06-20,0.016638118,0,0,0,1,0,0,1,0.001318706,-0.010570195,-0.00319472,0.013898787
887,05-06-20,0.001318706,0,1,1,1,0,0,0,-0.010570195,-0.00319472,0.013898787,-0.000603005
888,06-06-20,-0.010570195,0,0,0,0,0,0,0,-0.00319472,0.013898787,-0.000603005,0.010265237
889,07-06-20,-0.00319472,0,0,0,0,0,0,0,0.013898787,-0.000603005,0.010265237,-0.03129307
890,08-06-20,0.013898787,0,3,1,1,0,1,0,-0.000603005,0.010265237,-0.03129307,-0.011961078
891,09-06-20,-0.000603005,0,1,1,1,0,1,0,0.010265237,-0.03129307,-0.011961078,0.001751672
892,10-06-20,0.010265237,0,1,1,3,0,0,2,-0.03129307,-0.011961078,0.001751672,-0.006175505
893,11-06-20,-0.03129307,0,2,0,0,0,1,0,-0.011961078,0.001751672,-0.006175505,-0.01985179
894,12-06-20,-0.011961078,1,2,1,0,0,1,-1,0.001751672,-0.006175505,-0.01985179,0.032078479
895,13-06-20,0.001751672,0,0,0,0,0,0,0,-0.006175505,-0.01985179,0.032078479,-0.007033628
896,14-06-20,-0.006175505,0,1,0,0,0,1,0,-0.01985179,0.032078479,-0.007033628,-0.003223844
897,15-06-20,-0.01985179,0,0,0,1,0,0,1,0.032078479,-0.007033628,-0.003223844,-0.008064325
898,16-06-20,0.032078479,0,0,1,2,0,0,1,-0.007033628,-0.003223844,-0.008064325,-0.001980586
899,17-06-20,-0.007033628,0,2,1,2,0,2,1,-0.003223844,-0.008064325,-0.001980586,0.004552885
900,18-06-20,-0.003223844,0,2,0,1,0,0,1,-0.008064325,-0.001980586,0.004552885,0.019961573
901,19-06-20,-0.008064325,0,1,2,0,0,0,-2,-0.001980586,0.004552885,0.019961573,0.010923848
902,20-06-20,-0.001980586,0,1,3,0,0,1,-3,0.004552885,0.019961573,0.010923848,-0.027327572
903,21-06-20,0.004552885,0,0,1,1,0,0,0,0.019961573,0.010923848,-0.027327572,-0.020517475
904,22-06-20,0.019961573,0,0,0,1,0,0,1,0.010923848,-0.027327572,-0.020517475,-0.004962324
905,23-06-20,0.010923848,0,2,4,1,0,0,-3,-0.027327572,-0.020517475,-0.004962324,-0.014431491
906,24-06-20,-0.027327572,0,1,2,1,0,0,-1,-0.020517475,-0.004962324,-0.014431491,0.006421659
907,25-06-20,-0.020517475,0,1,3,0,0,1,-3,-0.004962324,-0.014431491,0.006421659,0.003033679
908,26-06-20,-0.004962324,0,3,6,4,0,3,-2,-0.014431491,0.006421659,0.003033679,0.003823994
909,27-06-20,-0.014431491,0,3,6,2,0,1,-4,0.006421659,0.003033679,0.003823994,0.007330209
910,28-06-20,0.006421659,0,0,2,6,0,0,4,0.003033679,0.003823994,0.007330209,-0.011072697
911,29-06-20,0.003033679,0,0,0,0,0,0,0,0.003823994,0.007330209,-0.011072697,-0.001862195
912,30-06-20,0.003823994,0,0,0,0,0,0,0,0.007330209,-0.011072697,-0.001862195,0.001577543
913,01-07-20,0.007330209,0,3,0,1,0,0,1,-0.011072697,-0.001862195,0.001577543,-0.006094398
914,02-07-20,-0.011072697,0,0,0,4,0,1,4,-0.001862195,0.001577543,-0.006094398,0.02105498
915,03-07-20,-0.001862195,0,0,1,0,0,0,-1,0.001577543,-0.006094398,0.02105498,0.002029341
916,04-07-20,0.001577543,0,0,1,0,0,1,-1,-0.006094398,0.02105498,0.002029341,0.009229038
917,05-07-20,-0.006094398,0,0,0,0,0,1,0,0.02105498,0.002029341,0.009229038,-0.005506233
918,06-07-20,0.02105498,0,0,2,1,0,1,-1,0.002029341,0.009229038,-0.005506233,-0.012153169
919,07-07-20,0.002029341,2,0,0,3,0,3,3,0.009229038,-0.005506233,-0.012153169,0.005173082
920,08-07-20,0.009229038,0,2,1,0,0,1,-1,-0.005506233,-0.012153169,0.005173082,0.002366974
921,09-07-20,-0.005506233,0,0,1,2,0,0,1,-0.012153169,0.005173082,0.002366974,0.002578828
922,10-07-20,-0.012153169,0,6,2,1,0,0,-1,0.005173082,0.002366974,0.002578828,-0.006932018
923,11-07-20,0.005173082,0,4,6,0,0,0,-6,0.002366974,0.002578828,-0.006932018,-0.000333427
924,12-07-20,0.002366974,0,0,3,0,0,0,-3,0.002578828,-0.006932018,-0.000333427,-0.011510321
925,13-07-20,0.002578828,0,0,4,5,0,0,1,-0.006932018,-0.000333427,-0.011510321,0.002595219
926,14-07-20,-0.006932018,0,1,0,1,0,2,1,-0.000333427,-0.011510321,0.002595219,0.003687704
927,15-07-20,-0.000333427,0,0,3,2,0,1,-1,-0.011510321,0.002595219,0.003687704,-0.000857417
928,16-07-20,-0.011510321,0,0,4,1,0,1,-3,0.002595219,0.003687704,-0.000857417,0.001864878
929,17-07-20,0.002595219,1,6,4,2,0,0,-2,0.003687704,-0.000857417,0.001864878,0.017718303
930,18-07-20,0.003687704,1,6,4,1,0,0,-3,-0.000857417,0.001864878,0.017718303,0.00525146
931,19-07-20,-0.000857417,1,3,2,0,0,0,-2,0.001864878,0.017718303,0.00525146,0.016349687
932,20-07-20,0.001864878,1,3,3,1,0,0,-2,0.017718303,0.00525146,0.016349687,0.001771881
933,21-07-20,0.017718303,0,0,2,3,0,2,1,0.00525146,0.016349687,0.001771881,0.007703291
934,22-07-20,0.00525146,0,0,0,0,0,0,0,0.016349687,0.001771881,0.007703291,0.028137344
935,23-07-20,0.016349687,0,2,1,0,0,0,-1,0.001771881,0.007703291,0.028137344,0.060542515
936,24-07-20,0.001771881,0,1,1,1,0,2,0,0.007703291,0.028137344,0.060542515,0.03743399
937,25-07-20,0.007703291,0,3,2,3,0,0,1,0.028137344,0.060542515,0.03743399,0.014735491
938,26-07-20,0.028137344,0,2,4,5,0,3,1,0.060542515,0.03743399,0.014735491,-0.009547029
939,27-07-20,0.060542515,0,2,3,4,0,3,1,0.03743399,0.014735491,-0.009547029,0.019294627
940,28-07-20,0.03743399,0,0,0,1,0,0,1,0.014735491,-0.009547029,0.019294627,0.033596212
941,29-07-20,0.014735491,0,3,3,1,0,2,-2,-0.009547029,0.019294627,0.033596212,-0.031010764
942,30-07-20,-0.009547029,1,2,0,0,0,2,0,0.019294627,0.033596212,-0.031010764,0.000179957
943,31-07-20,0.019294627,0,2,0,1,0,0,1,0.033596212,-0.031010764,0.000179957,-0.005963754
944,01-08-20,0.033596212,0,4,0,1,0,0,1,-0.031010764,0.000179957,-0.005963754,0.029424166
945,02-08-20,-0.031010764,0,2,0,3,0,0,3,0.000179957,-0.005963754,0.029424166,0.016914037
946,03-08-20,0.000179957,0,3,4,2,0,0,-2,-0.005963754,0.029424166,0.016914037,-0.009251398
947,04-08-20,-0.005963754,0,1,5,1,0,0,-4,0.029424166,0.016914037,-0.009251398,0.003869579
948,05-08-20,0.029424166,0,1,2,0,0,1,-2,0.016914037,-0.009251398,0.003869579,-0.002302729
949,06-08-20,0.016914037,0,0,0,0,0,0,0,-0.009251398,0.003869579,-0.002302729,0.018174844
950,07-08-20,-0.009251398,1,0,2,0,0,0,-2,0.003869579,-0.002302729,0.018174844,-0.028599731
951,08-08-20,0.003869579,1,0,2,0,0,0,-2,-0.002302729,0.018174844,-0.028599731,-0.007591864
952,09-08-20,-0.002302729,0,0,1,0,0,2,-1,0.018174844,-0.028599731,-0.007591864,0.006040435
953,10-08-20,0.018174844,0,0,0,0,0,0,0,-0.028599731,-0.007591864,0.006040435,0.018258779
954,11-08-20,-0.028599731,0,0,0,0,0,0,0,-0.007591864,0.006040435,0.018258779,0.010481283
955,12-08-20,-0.007591864,0,2,5,1,0,1,-4,0.006040435,0.018258779,0.010481283,-0.00302607
956,13-08-20,0.006040435,2,2,1,0,0,0,-1,0.018258779,0.010481283,-0.00302607,0.027000378
957,14-08-20,0.018258779,0,4,4,2,0,0,-2,0.010481283,-0.00302607,0.027000378,-0.006832943
958,15-08-20,0.010481283,0,1,2,3,0,0,1,-0.00302607,0.027000378,-0.006832943,-0.02621937
959,16-08-20,-0.00302607,0,0,1,2,0,0,1,0.027000378,-0.006832943,-0.02621937,0.002349564
960,17-08-20,0.027000378,0,1,1,1,0,1,0,-0.006832943,-0.02621937,0.002349564,-0.007038072
961,18-08-20,-0.006832943,0,1,1,0,0,1,-1,-0.02621937,0.002349564,-0.007038072,-0.015170706
962,19-08-20,-0.02621937,0,0,1,0,0,0,-1,0.002349564,-0.007038072,-0.015170706,0.006635846
963,20-08-20,0.002349564,1,1,2,2,0,0,0,-0.007038072,-0.015170706,0.006635846,0.010562973
964,21-08-20,-0.007038072,0,0,1,3,0,1,2,-0.015170706,0.006635846,0.010562973,-0.028805111
965,22-08-20,-0.015170706,0,0,1,1,0,0,0,0.006635846,0.010562973,-0.028805111,-0.003069931
966,23-08-20,0.006635846,0,0,1,0,0,0,-1,0.010562973,-0.028805111,-0.003069931,-0.003066055
967,24-08-20,0.010562973,1,3,5,2,0,5,-3,-0.028805111,-0.003069931,-0.003066055,0.009266341
968,25-08-20,-0.028805111,0,1,3,1,0,1,-2,-0.003069931,-0.003066055,0.009266341,0.004843829
969,26-08-20,-0.003069931,0,0,0,3,0,0,3,-0.003066055,0.009266341,0.004843829,0.009855073
970,27-08-20,-0.003066055,0,1,4,2,0,1,-2,0.009266341,0.004843829,0.009855073,0.005535082
971,28-08-20,0.009266341,0,2,0,0,0,0,0,0.004843829,0.009855073,0.005535082,0.017383131
972,29-08-20,0.004843829,0,2,4,1,0,1,-3,0.009855073,0.005535082,0.017383131,-0.038228797
973,30-08-20,0.009855073,0,1,4,2,0,1,-2,0.005535082,0.017383131,-0.038228797,-0.065079967
974,31-08-20,0.005535082,0,5,2,7,0,0,5,0.017383131,-0.038228797,-0.065079967,-0.037529503
975,01-09-20,0.017383131,0,1,0,4,0,2,4,-0.038228797,-0.065079967,-0.037529503,-0.017004703
976,02-09-20,-0.038228797,0,7,4,5,0,0,1,-0.065079967,-0.037529503,-0.017004703,-0.000304117
977,03-09-20,-0.065079967,0,0,0,0,0,0,0,-0.037529503,-0.017004703,-0.000304117,-0.008338275
978,04-09-20,-0.037529503,0,0,1,0,0,0,-1,-0.017004703,-0.000304117,-0.008338275,-0.000940862
979,05-09-20,-0.017004703,0,0,3,0,0,0,-3,-0.000304117,-0.008338275,-0.000940862,0.009750348
980,06-09-20,-0.000304117,0,0,4,0,0,0,-4,-0.008338275,-0.000940862,0.009750348,0.013896587
981,07-09-20,-0.008338275,0,0,0,0,0,1,0,-0.000940862,0.009750348,0.013896587,-0.003951638
982,08-09-20,-0.000940862,0,6,0,3,0,0,3,0.009750348,0.013896587,-0.003951638,0.006902729
983,09-09-20,0.009750348,0,3,4,1,0,0,-3,0.013896587,-0.003951638,0.006902729,-0.002132116
984,10-09-20,0.013896587,0,0,0,0,0,0,0,-0.003951638,0.006902729,-0.002132116,0.018764077
985,11-09-20,-0.003951638,0,0,1,0,0,0,-1,0.006902729,-0.002132116,0.018764077,0.022997731
986,12-09-20,0.006902729,0,0,2,1,0,0,-1,-0.002132116,0.018764077,0.022997731,0.012983037
987,13-09-20,-0.002132116,0,1,2,0,0,0,-2,0.018764077,0.022997731,0.012983037,-0.006218032
988,14-09-20,0.018764077,0,3,3,0,0,0,-3,0.022997731,0.012983037,-0.006218032,0.00455577
989,15-09-20,0.022997731,0,5,1,3,0,0,2,0.012983037,-0.006218032,0.00455577,0.011090718
990,16-09-20,0.012983037,0,0,1,1,0,0,0,-0.006218032,0.00455577,0.011090718,-0.012739924
991,17-09-20,-0.006218032,0,0,1,2,0,0,1,0.00455577,0.011090718,-0.012739924,-0.03139763
992,18-09-20,0.00455577,0,2,3,0,0,0,-3,0.011090718,-0.012739924,-0.03139763,-0.010151826
993,19-09-20,0.011090718,0,2,3,1,0,0,-2,-0.012739924,-0.03139763,-0.010151826,-0.008343882
994,20-09-20,-0.012739924,0,0,2,1,0,1,-1,-0.03139763,-0.010151826,-0.008343882,0.012022736
995,21-09-20,-0.03139763,0,0,0,1,0,0,1,-0.010151826,-0.008343882,0.012022736,0.014599367
996,22-09-20,-0.010151826,0,3,1,2,0,2,1,-0.008343882,0.012022736,0.014599367,0.005797173
997,23-09-20,-0.008343882,0,1,1,0,0,0,-1,0.012022736,0.014599367,0.005797173,-0.001086813
998,24-09-20,0.012022736,0,0,0,0,0,0,0,0.014599367,0.005797173,-0.001086813,0.014620123
999,25-09-20,0.014599367,0,0,0,1,0,0,1,0.005797173,-0.001086813,0.014620123,-0.012984442
1000,26-09-20,0.005797173,0,0,0,3,0,0,3,-0.001086813,0.014620123,-0.012984442,0.001155994
1001,27-09-20,-0.001086813,0,0,1,0,0,0,-1,0.014620123,-0.012984442,0.001155994,-0.005076882
1002,28-09-20,0.014620123,0,2,1,0,0,0,-1,-0.012984442,0.001155994,-0.005076882,-0.01656622
1003,29-09-20,-0.012984442,0,2,0,1,0,0,1,0.001155994,-0.005076882,-0.01656622,0.003611332
1004,30-09-20,0.001155994,0,2,3,4,0,0,1,-0.005076882,-0.01656622,0.003611332,0.006683933
1005,01-10-20,-0.005076882,0,2,4,5,0,0,1,-0.01656622,0.003611332,0.006683933,0.008202695
1006,02-10-20,-0.01656622,0,0,4,3,0,5,-1,0.003611332,0.006683933,0.008202695,-0.006300686
1007,03-10-20,0.003611332,1,5,3,2,0,6,-1,0.006683933,0.008202695,-0.006300686,-0.002050913
1008,04-10-20,0.006683933,1,6,3,2,0,6,-1,0.008202695,-0.006300686,-0.002050913,0.014316347
1009,05-10-20,0.008202695,1,2,0,0,0,2,0,-0.006300686,-0.002050913,0.014316347,0.021373736
1010,06-10-20,-0.006300686,0,3,2,1,0,1,-1,-0.002050913,0.014316347,0.021373736,0.028954487
1011,07-10-20,-0.002050913,1,2,7,0,0,0,-7,0.014316347,0.021373736,0.028954487,0.002526524
1012,08-10-20,0.014316347,1,2,7,0,0,0,-7,0.021373736,0.028954487,0.002526524,0.00834751
1013,09-10-20,0.021373736,0,1,4,1,0,0,-3,0.028954487,0.002526524,0.00834751,-0.002850522
1014,10-10-20,0.028954487,0,1,2,1,0,0,-1,0.002526524,0.00834751,-0.002850522,-0.002233807
1015,11-10-20,0.002526524,0,3,2,2,0,0,0,0.00834751,-0.002850522,-0.002233807,0.000487974
1016,12-10-20,0.00834751,0,4,0,1,0,0,1,-0.002850522,-0.002233807,0.000487974,-0.006862043
1017,13-10-20,-0.002850522,0,2,0,0,0,0,0,-0.002233807,0.000487974,-0.006862043,0.000463815
1018,14-10-20,-0.002233807,0,0,0,0,0,0,0,0.000487974,-0.006862043,0.000463815,0.009327597
1019,15-10-20,0.000487974,0,2,4,0,0,0,-4,-0.006862043,0.000463815,0.009327597,0.018151366
1020,16-10-20,-0.006862043,0,0,2,0,0,0,-2,0.000463815,0.009327597,0.018151366,0.01855255
1021,17-10-20,0.000463815,0,0,2,0,0,1,-2,0.009327597,0.018151366,0.01855255,0.055996109
1022,18-10-20,0.009327597,0,0,2,0,0,1,-2,0.018151366,0.01855255,0.055996109,0.02923825
1023,19-10-20,0.018151366,1,1,0,0,0,0,0,0.01855255,0.055996109,0.02923825,-0.003766204
1024,20-10-20,0.01855255,1,2,0,2,0,1,2,0.055996109,0.02923825,-0.003766204,0.010639741
1025,21-10-20,0.055996109,0,0,0,2,0,0,2,0.02923825,-0.003766204,0.010639741,0.001832741
1026,22-10-20,0.02923825,0,0,2,1,0,0,-1,-0.003766204,0.010639741,0.001832741,-0.001104313
1027,23-10-20,-0.003766204,0,0,2,1,0,0,-1,0.010639741,0.001832741,-0.001104313,0.028488441
1028,24-10-20,0.010639741,0,0,0,0,0,1,0,0.001832741,-0.001104313,0.028488441,-0.005540057
1029,25-10-20,0.001832741,0,2,0,2,0,4,2,-0.001104313,0.028488441,-0.005540057,-0.003828264
1030,26-10-20,-0.001104313,0,4,0,1,0,5,1,0.028488441,-0.005540057,-0.003828264,0.006375719
1031,27-10-20,0.028488441,0,2,0,1,0,0,1,-0.005540057,-0.003828264,0.006375719,0.026124104
1032,28-10-20,-0.005540057,0,0,0,0,0,0,0,-0.003828264,0.006375719,0.026124104,-0.000266203
1033,29-10-20,-0.003828264,0,0,2,2,0,0,0,0.006375719,0.026124104,-0.000266203,-0.016039577
1034,30-10-20,0.006375719,0,0,0,6,0,0,6,0.026124104,-0.000266203,-0.016039577,0.006435531
1035,31-10-20,0.026124104,0,0,0,2,0,0,2,-0.000266203,-0.016039577,0.006435531,0.019787
1036,01-11-20,-0.000266203,0,0,0,4,0,0,4,-0.016039577,0.006435531,0.019787,0.068893585
1037,02-11-20,-0.016039577,0,2,0,1,0,0,1,0.006435531,0.019787,0.068893585,0.04067303
1038,03-11-20,0.006435531,0,4,0,2,0,0,2,0.019787,0.068893585,0.04067303,-0.032736603
1039,04-11-20,0.019787,0,4,0,2,0,0,2,0.068893585,0.04067303,-0.032736603,0.011674576
1040,05-11-20,0.068893585,0,5,7,2,0,0,-5,0.04067303,-0.032736603,0.011674576,0.007111003
1041,06-11-20,0.04067303,0,2,6,4,0,2,-2,-0.032736603,0.011674576,0.007111003,-0.002544938
1042,07-11-20,-0.032736603,0,2,1,1,0,1,0,0.011674576,0.007111003,-0.002544938,0.020902607
1043,08-11-20,0.011674576,0,4,6,1,0,5,-5,0.007111003,-0.002544938,0.020902607,0.018000082
1044,09-11-20,0.007111003,0,1,2,3,0,1,1,-0.002544938,0.020902607,0.018000082,0.020870606
1045,10-11-20,-0.002544938,0,2,4,2,0,1,-2,0.020902607,0.018000082,0.020870606,-0.018532384
1046,11-11-20,0.020902607,0,2,2,2,0,2,0,0.018000082,0.020870606,-0.018532384,-0.000224465
1047,12-11-20,0.018000082,0,4,1,3,0,1,2,0.020870606,-0.018532384,-0.000224465,0.026237836
1048,13-11-20,0.020870606,0,4,4,4,0,2,0,-0.018532384,-0.000224465,0.026237836,0.04926095
1049,14-11-20,-0.018532384,0,0,2,2,0,0,0,-0.000224465,0.026237836,0.04926095,0.034351097
1050,15-11-20,-0.000224465,0,0,1,1,0,0,0,0.026237836,0.04926095,0.034351097,-0.00461142
1051,16-11-20,0.026237836,0,0,5,1,0,2,-4,0.04926095,0.034351097,-0.00461142,0.031458137
1052,17-11-20,0.04926095,0,0,1,2,0,1,1,0.034351097,-0.00461142,0.031458137,0.018190665
1053,18-11-20,0.034351097,0,1,4,7,0,1,3,-0.00461142,0.031458137,0.018190665,-0.02288277
1054,19-11-20,-0.00461142,0,4,1,2,0,2,1,0.031458137,0.018190665,-0.02288277,0.008199593
1055,20-11-20,0.031458137,0,2,3,8,0,2,5,0.018190665,-0.02288277,0.008199593,0.026261688
1056,21-11-20,0.018190665,0,2,0,3,0,0,3,-0.02288277,0.008199593,0.026261688,0.005938985
1057,22-11-20,-0.02288277,0,2,3,3,0,0,0,0.008199593,0.026261688,0.005938985,-0.110930247
1058,23-11-20,0.008199593,0,1,1,4,0,1,3,0.026261688,0.005938985,-0.110930247,-0.012369568
1059,24-11-20,0.026261688,0,2,1,2,0,1,1,0.005938985,-0.110930247,-0.012369568,0.026983577
1060,25-11-20,0.005938985,0,4,2,3,0,0,1,-0.110930247,-0.012369568,0.026983577,0.034757238
1061,26-11-20,-0.110930247,0,6,2,1,0,1,-1,-0.012369568,0.026983577,0.034757238,0.05629962
1062,27-11-20,-0.012369568,0,4,2,2,0,4,0,0.026983577,0.034757238,0.05629962,0.000899671
1063,28-11-20,0.026983577,0,0,1,2,0,3,1,0.034757238,0.05629962,0.000899671,-0.01047305
1064,29-11-20,0.034757238,0,0,1,1,0,2,0,0.05629962,0.000899671,-0.01047305,0.019863857
1065,30-11-20,0.05629962,0,2,2,7,0,0,5,0.000899671,-0.01047305,0.019863857,-0.013717433
1066,01-12-20,0.000899671,0,0,0,3,0,0,3,-0.01047305,0.019863857,-0.013717433,-0.021593852
1067,02-12-20,-0.01047305,0,2,0,1,0,1,1,0.019863857,-0.013717433,-0.021593852,0
1068,03-12-20,0.019863857,0,0,0,0,0,0,0,-0.013717433,-0.021593852,0,0
1069,04-12-20,-0.013717433,0,0,0,0,0,0,0,-0.021593852,0,0,0
1070,05-12-20,-0.021593852,0,0,0,0,0,0,0,0,0,0,0
